payload,sqli_type,db_engine,evasion_tech,confidence,classification_method,source,context
"For medical nursing students O 'Malley , come United States Europe join Bwelle missions , 's hands-on opportunity 'd never get home",lateral,unknown,,0.8,rule,sqliv5_csv,unknown
SELECT * FROM wp_posts LEFT JOIN wp_postmeta ON ( wp_posts.ID = wp_postmeta.post_id ) WHERE ( post_type = 'page' AND post_status = 'publish' ) AND wp_postmeta.meta_key = '_wp_page_template' AND wp_postmeta.meta_value = 'template/reset_password.php' ORDER BY wp_posts.post_title ASC,lateral,unknown,case_variation,0.8,rule,sqliv3_csv,string_single_quote
"SELECT t.*, tt.* FROM wp_terms AS t INNER JOIN wp_term_taxonomy AS tt ON t.term_id = tt.term_id WHERE tt.taxonomy IN ( 'wp_theme' ) AND t.name IN ( 'houzez-child' )",lateral,unknown,case_variation,0.8,rule,sqliv3_csv,in_clause
"SELECT t.*, tt.* FROM wp_terms AS t INNER JOIN wp_term_taxonomy AS tt ON t.term_id = tt.term_id WHERE t.term_id = 2710",lateral,unknown,case_variation,0.8,rule,sqliv3_csv,unknown
SELECT * FROM wp_posts LEFT JOIN wp_postmeta ON ( wp_posts.ID = wp_postmeta.post_id ) WHERE ( post_type = 'page' AND post_status = 'publish' ) AND wp_postmeta.meta_key = '_wp_page_template' AND wp_postmeta.meta_value = 'template/template-compare.php' ORDER BY wp_posts.post_title ASC,lateral,unknown,case_variation,0.8,rule,sqliv3_csv,string_single_quote
SELECT * FROM wp_posts LEFT JOIN wp_postmeta ON ( wp_posts.ID = wp_postmeta.post_id ) WHERE ( post_type = 'page' AND post_status = 'publish' ) AND wp_postmeta.meta_key = '_wp_page_template' AND wp_postmeta.meta_value = 'template/template-thankyou.php' ORDER BY wp_posts.post_title ASC,lateral,unknown,case_variation,0.8,rule,sqliv3_csv,string_single_quote
"SELECT t.*, tt.* FROM wp_terms AS t INNER JOIN wp_term_taxonomy AS tt ON t.term_id = tt.term_id WHERE tt.taxonomy IN ( 'property_label' ) ORDER BY t.name ASC",lateral,unknown,case_variation,0.8,rule,sqliv3_csv,order_by
"SELECT t.*, tt.* FROM wp_terms AS t INNER JOIN wp_term_taxonomy AS tt ON t.term_id = tt.term_id WHERE tt.taxonomy IN ( 'property_status' ) ORDER BY t.name ASC",lateral,unknown,case_variation,0.8,rule,sqliv3_csv,order_by
"SELECT t.*, tt.* FROM wp_terms AS t INNER JOIN wp_term_taxonomy AS tt ON t.term_id = tt.term_id WHERE tt.taxonomy IN ( 'property_type' ) ORDER BY t.name ASC",lateral,unknown,case_variation,0.8,rule,sqliv3_csv,order_by
"SELECT t.*, tt.* FROM wp_terms AS t INNER JOIN wp_term_taxonomy AS tt ON t.term_id = tt.term_id WHERE t.term_id = 715",lateral,unknown,case_variation,0.8,rule,sqliv3_csv,unknown
SELECT tr.object_id FROM wp_term_relationships AS tr INNER JOIN wp_term_taxonomy AS tt ON tr.term_taxonomy_id = tt.term_taxonomy_id WHERE tt.taxonomy IN ( 'nav_menu' ) AND tt.term_id IN ( '715' ) ORDER BY tr.object_id ASC,lateral,unknown,case_variation,0.8,rule,sqliv3_csv,order_by
"SELECT t.*, tt.* FROM wp_terms AS t INNER JOIN wp_term_taxonomy AS tt ON t.term_id = tt.term_id WHERE t.term_id = 716",lateral,unknown,case_variation,0.8,rule,sqliv3_csv,unknown
SELECT tr.object_id FROM wp_term_relationships AS tr INNER JOIN wp_term_taxonomy AS tt ON tr.term_taxonomy_id = tt.term_taxonomy_id WHERE tt.taxonomy IN ( 'nav_menu' ) AND tt.term_id IN ( '716' ) ORDER BY tr.object_id ASC,lateral,unknown,case_variation,0.8,rule,sqliv3_csv,order_by
"SELECT t.*, tt.*, tr.object_id FROM wp_terms AS t INNER JOIN wp_term_taxonomy AS tt ON t.term_id = tt.term_id INNER JOIN wp_term_relationships AS tr ON tr.term_taxonomy_id = tt.term_taxonomy_id WHERE tt.taxonomy IN ( 'agent_category', 'agent_city' ) AND tr.object_id IN ( 28313, 28341 ) ORDER BY t.name ASC",lateral,unknown,case_variation,0.8,rule,sqliv3_csv,order_by
"SELECT t.*, tt.*, tr.object_id FROM wp_terms AS t INNER JOIN wp_term_taxonomy AS tt ON t.term_id = tt.term_id INNER JOIN wp_term_relationships AS tr ON tr.term_taxonomy_id = tt.term_taxonomy_id WHERE tt.taxonomy IN ( 'agent_category', 'agent_city' ) AND tr.object_id IN ( 28446, 28587, 28591, 28618, 28621, 28633, 28636, 28691, 28696, 28699, 28707, 28710, 28728, 28733 ) ORDER BY t.name ASC",lateral,unknown,case_variation,0.8,rule,sqliv3_csv,order_by
"SELECT t.*, tt.* FROM wp_terms AS t INNER JOIN wp_term_taxonomy AS tt ON t.term_id = tt.term_id WHERE tt.taxonomy IN ( 'support_cat' ) AND t.slug IN ( 'support-family' )",lateral,unknown,case_variation,0.8,rule,sqliv3_csv,in_clause
"SELECT t.*, tt.* FROM wp_terms AS t INNER JOIN wp_term_taxonomy AS tt ON t.term_id = tt.term_id WHERE tt.taxonomy IN ( 'support_cat' ) AND t.term_id IN ( 2637 )",lateral,unknown,case_variation,0.8,rule,sqliv3_csv,in_clause
"SELECT t.*, tt.*, tr.object_id FROM wp_terms AS t INNER JOIN wp_term_taxonomy AS tt ON t.term_id = tt.term_id INNER JOIN wp_term_relationships AS tr ON tr.term_taxonomy_id = tt.term_taxonomy_id WHERE tt.taxonomy IN ( 'support_cat' ) AND tr.object_id IN ( 347681, 262330, 292419, 262334 ) ORDER BY t.name ASC",lateral,unknown,case_variation,0.8,rule,sqliv3_csv,order_by
"SELECT t.*, tt.* FROM wp_terms AS t INNER JOIN wp_term_taxonomy AS tt ON t.term_id = tt.term_id WHERE tt.taxonomy IN ( 'support_cat' ) AND t.slug IN ( 'preferred-partners' )",lateral,unknown,case_variation,0.8,rule,sqliv3_csv,in_clause
"SELECT t.*, tt.* FROM wp_terms AS t INNER JOIN wp_term_taxonomy AS tt ON t.term_id = tt.term_id WHERE tt.taxonomy IN ( 'support_cat' ) AND t.term_id IN ( 2636 )",lateral,unknown,case_variation,0.8,rule,sqliv3_csv,in_clause
"SELECT t.*, tt.*, tr.object_id FROM wp_terms AS t INNER JOIN wp_term_taxonomy AS tt ON t.term_id = tt.term_id INNER JOIN wp_term_relationships AS tr ON tr.term_taxonomy_id = tt.term_taxonomy_id WHERE tt.taxonomy IN ( 'support_cat' ) AND tr.object_id IN ( 262310, 262326, 262328 ) ORDER BY t.name ASC",lateral,unknown,case_variation,0.8,rule,sqliv3_csv,order_by
"SELECT Orders.OrderID, Customers.CustomerName, Orders.OrderDate FROM Orders INNER JOIN Customers ON Orders.CustomerID = Customers.CustomerID;",lateral,unknown,case_variation,0.8,rule,sqliv3_csv,unknown
SELECT column_name FROM table1 INNER JOIN table2 ON table1.column_name = table2.column_name,lateral,unknown,case_variation,0.8,rule,sqliv3_csv,unknown
"SELECT Orders.OrderID, Customers.CustomerName FROM Orders INNER JOIN Customers ON Orders.CustomerID = Customers.CustomerID;",lateral,unknown,case_variation,0.8,rule,sqliv3_csv,unknown
"SELECT Orders.OrderID, Customers.CustomerName, Shippers.ShipperName FROM ( ( Orders INNER JOIN Customers ON Orders.CustomerID = Customers.CustomerID ) INNER JOIN Shippers ON Orders.ShipperID = Shippers.ShipperID ) ;",lateral,unknown,case_variation,0.8,rule,sqliv3_csv,unknown
SELECT column_name FROM table1 LEFT JOIN table2 ON table1.column_name = table2.column_name,lateral,unknown,case_variation,0.8,rule,sqliv3_csv,unknown
"SELECT Customers.CustomerName, Orders.OrderID FROM Customers LEFT JOIN Orders ON Customers.CustomerID = Orders.CustomerID ORDER BY Customers.CustomerName;",lateral,unknown,case_variation,0.8,rule,sqliv3_csv,order_by
SELECT column_name FROM table1 RIGHT JOIN table2 ON table1.column_name = table2.column_name,lateral,unknown,case_variation,0.8,rule,sqliv3_csv,unknown
"SELECT Orders.OrderID, Employees.LastName, Employees.FirstName FROM Orders RIGHT JOIN Employees ON Orders.EmployeeID = Employees.EmployeeID ORDER BY Orders.OrderID;",lateral,unknown,case_variation,0.8,rule,sqliv3_csv,order_by
SELECT column_name FROM table1 FULL OUTER JOIN table2 ON table1.column_name = table2.column_name WHERE condition,lateral,unknown,case_variation,0.8,rule,sqliv3_csv,unknown
"SELECT Shippers.ShipperName, COUNT ( Orders.OrderID ) AS NumberOfOrders FROM Orders LEFT JOIN Shippers ON Orders.ShipperID = Shippers.ShipperID GROUP BY ShipperName;",lateral,unknown,case_variation,0.8,rule,sqliv3_csv,unknown
"SELECT Employees.LastName, COUNT ( Orders.OrderID ) AS NumberOfOrders FROM ( Orders INNER JOIN Employees ON Orders.EmployeeID = Employees.EmployeeID ) GROUP BY LastName HAVING COUNT ( Orders.OrderID ) > 10;",lateral,unknown,case_variation,0.8,rule,sqliv3_csv,unknown
"SELECT Employees.LastName, COUNT ( Orders.OrderID ) AS NumberOfOrders FROM Orders INNER JOIN Employees ON Orders.EmployeeID = Employees.EmployeeID WHERE LastName = 'Davolio' OR LastName = 'Fuller' GROUP BY LastName HAVING COUNT ( Orders.OrderID ) > 25;",lateral,unknown,case_variation,0.8,rule,sqliv3_csv,string_single_quote
"SELECT Customers.CustomerName, Orders.OrderID INTO CustomersOrderBackup2017 FROM Customers LEFT JOIN Orders ON Customers.CustomerID = Orders.CustomerID;",lateral,unknown,case_variation,0.8,rule,sqliv3_csv,unknown
"SELECT Employees.LastName, COUNT ( Orders.OrderID ) AS NumberOfOrdersFROM ( OrdersINNER JOIN Employees ON Orders.EmployeeID = Employees.EmployeeID )",lateral,unknown,case_variation,0.8,rule,sqliv3_csv,unknown
"SELECT Employees.LastName, COUNT ( Orders.OrderID ) AS NumberOfOrdersFROM Orders INNER JOIN Employees ON Orders.EmployeeID = Employees.EmployeeID",lateral,unknown,case_variation,0.8,rule,sqliv3_csv,unknown
"SELECT second,term,jack,affect,field ( ( cup JOIN shoe ON add.orange = space.contain ) INNER JOIN tipON Orders.percent = distance.changeID )",lateral,unknown,case_variation,0.8,rule,sqliv3_csv,unknown
"SELECT tired,zero,symbol FROM left LEFT JOIN Orders ON position.elephantID = fairly.pink ORDER BY tropical.gas",lateral,unknown,case_variation,0.8,rule,sqliv3_csv,order_by
"SELECT Orders.hellorID, Employees.usual, Employees.reader FROM OrdersRIGHT JOIN Employees ON Orders.EmployeeID = Employees.serviceID ORDER BY Orders.fightingID",lateral,unknown,case_variation,0.8,rule,sqliv3_csv,order_by
"SELECT Employees.poet, COUNT ( Orders.townID ) AS shallowFROM ( OrdersINNER JOIN spent ON Orders.passageID = Employees.valuableID )",lateral,unknown,case_variation,0.8,rule,sqliv3_csv,unknown
"SELECT after,magic,trunk,principal,proud ( ( jar JOIN can ON orbit.shut = clean.us ) INNER JOIN storyON Orders.develop = consider.worriedID )",lateral,unknown,case_variation,0.8,rule,sqliv3_csv,unknown
"SELECT daughter,plural,human FROM slept LEFT JOIN Orders ON business.layID = too.beside ORDER BY slip.upon",lateral,unknown,case_variation,0.8,rule,sqliv3_csv,order_by
"SELECT Orders.roperID, Employees.pitch, Employees.grain FROM OrdersRIGHT JOIN Employees ON Orders.EmployeeID = Employees.headingID ORDER BY Orders.loveID",lateral,unknown,case_variation,0.8,rule,sqliv3_csv,order_by
"SELECT Employees.count, COUNT ( Orders.stepID ) AS fiftyFROM ( OrdersINNER JOIN reason ON Orders.panID = Employees.signalID )",lateral,unknown,case_variation,0.8,rule,sqliv3_csv,unknown
"SELECT troops,thousand,someone,energy,took ( ( handle JOIN hello ON union.fish = little.natural ) INNER JOIN keepON Orders.sides = police.morningID )",lateral,unknown,case_variation,0.8,rule,sqliv3_csv,unknown
"SELECT standard,factory,lying FROM receive LEFT JOIN Orders ON dangerous.circusID = guess.sand ORDER BY us.stems",lateral,unknown,case_variation,0.8,rule,sqliv3_csv,order_by
"SELECT Orders.strongerrID, Employees.usual, Employees.tobacco FROM OrdersRIGHT JOIN Employees ON Orders.EmployeeID = Employees.metID ORDER BY Orders.taskID",lateral,unknown,case_variation,0.8,rule,sqliv3_csv,order_by
"SELECT Employees.fact, COUNT ( Orders.studyingID ) AS ponyFROM ( OrdersINNER JOIN studied ON Orders.resultID = Employees.vastID )",lateral,unknown,case_variation,0.8,rule,sqliv3_csv,unknown
"SELECT guess,like,charge,moving,warm ( ( dinner JOIN death ON enjoy.east = name.range ) INNER JOIN gooseON Orders.bigger = build.offID )",lateral,unknown,case_variation,0.8,rule,sqliv3_csv,unknown
"SELECT rocky,poetry,simple FROM negative LEFT JOIN Orders ON throat.frozenID = reason.sleep ORDER BY inch.finger",lateral,unknown,case_variation,0.8,rule,sqliv3_csv,order_by
"SELECT Orders.parallelrID, Employees.was, Employees.volume FROM OrdersRIGHT JOIN Employees ON Orders.EmployeeID = Employees.toID ORDER BY Orders.burstID",lateral,unknown,case_variation,0.8,rule,sqliv3_csv,order_by
"SELECT Employees.means, COUNT ( Orders.actuallyID ) AS hurryFROM ( OrdersINNER JOIN effort ON Orders.appliedID = Employees.tankID )",lateral,unknown,case_variation,0.8,rule,sqliv3_csv,unknown
"SELECT morning,sets,basket,iron,hang ( ( wagon JOIN forest ON congress.after = little.characteristic ) INNER JOIN slowON Orders.ourselves = brief.holdID )",lateral,unknown,case_variation,0.8,rule,sqliv3_csv,unknown
"SELECT women,mass,conversation FROM blind LEFT JOIN Orders ON reason.lunchID = instant.corn ORDER BY out.thus",lateral,unknown,case_variation,0.8,rule,sqliv3_csv,order_by
"SELECT Orders.clearrID, Employees.dull, Employees.corn FROM OrdersRIGHT JOIN Employees ON Orders.EmployeeID = Employees.locateID ORDER BY Orders.jumpID",lateral,unknown,case_variation,0.8,rule,sqliv3_csv,order_by
"SELECT Employees.tape, COUNT ( Orders.vegetableID ) AS weekFROM ( OrdersINNER JOIN volume ON Orders.effectID = Employees.numberID )",lateral,unknown,case_variation,0.8,rule,sqliv3_csv,unknown
"SELECT mind,numeral,than,exclaimed,known ( ( guide JOIN coast ON snake.well = magic.snake ) INNER JOIN entireON Orders.observe = underline.viewID )",lateral,unknown,case_variation,0.8,rule,sqliv3_csv,unknown
"SELECT sale,fewer,taught FROM stems LEFT JOIN Orders ON law.bicycleID = fifty.thy ORDER BY rapidly.fastened",lateral,unknown,case_variation,0.8,rule,sqliv3_csv,order_by
"SELECT Orders.firstrID, Employees.limited, Employees.path FROM OrdersRIGHT JOIN Employees ON Orders.EmployeeID = Employees.cityID ORDER BY Orders.fruitID",lateral,unknown,case_variation,0.8,rule,sqliv3_csv,order_by
"SELECT Employees.asleep, COUNT ( Orders.furID ) AS gentlyFROM ( OrdersINNER JOIN necessary ON Orders.wolfID = Employees.visitID )",lateral,unknown,case_variation,0.8,rule,sqliv3_csv,unknown
"SELECT method,success,desk,buy,grandmother ( ( subject JOIN language ON pile.bat = pile.such ) INNER JOIN organizationON Orders.alike = dish.fillID )",lateral,unknown,case_variation,0.8,rule,sqliv3_csv,unknown
"SELECT brass,luck,town FROM left LEFT JOIN Orders ON feature.queenID = daughter.mouse ORDER BY present.monkey",lateral,unknown,case_variation,0.8,rule,sqliv3_csv,order_by
"SELECT Orders.circlerID, Employees.diameter, Employees.automobile FROM OrdersRIGHT JOIN Employees ON Orders.EmployeeID = Employees.shoulderID ORDER BY Orders.shallID",lateral,unknown,case_variation,0.8,rule,sqliv3_csv,order_by
"SELECT Employees.herd, COUNT ( Orders.earlyID ) AS stoppedFROM ( OrdersINNER JOIN symbol ON Orders.cornerID = Employees.spreadID )",lateral,unknown,case_variation,0.8,rule,sqliv3_csv,unknown
"SELECT book,field,front,size,it ( ( such JOIN forty ON program.movie = club.equipment ) INNER JOIN oldestON Orders.favorite = tent.thoseID )",lateral,unknown,case_variation,0.8,rule,sqliv3_csv,unknown
"SELECT business,yes,class FROM pressure LEFT JOIN Orders ON slip.hereID = lovely.pocket ORDER BY husband.coach",lateral,unknown,case_variation,0.8,rule,sqliv3_csv,order_by
"SELECT Orders.enterrID, Employees.effect, Employees.why FROM OrdersRIGHT JOIN Employees ON Orders.EmployeeID = Employees.appleID ORDER BY Orders.shelfID",lateral,unknown,case_variation,0.8,rule,sqliv3_csv,order_by
"SELECT Employees.answer, COUNT ( Orders.soilID ) AS chooseFROM ( OrdersINNER JOIN neighborhood ON Orders.occurID = Employees.pondID )",lateral,unknown,case_variation,0.8,rule,sqliv3_csv,unknown
"SELECT produce,wild,nearly,necessary,when ( ( statement JOIN himself ON found.voice = that.poem ) INNER JOIN sweptON Orders.college = if.creamID )",lateral,unknown,case_variation,0.8,rule,sqliv3_csv,unknown
"SELECT instrument,six,act FROM guard LEFT JOIN Orders ON audience.gravityID = appropriate.mill ORDER BY congress.during",lateral,unknown,case_variation,0.8,rule,sqliv3_csv,order_by
"SELECT Orders.touchrID, Employees.frighten, Employees.lead FROM OrdersRIGHT JOIN Employees ON Orders.EmployeeID = Employees.caughtID ORDER BY Orders.fliesID",lateral,unknown,case_variation,0.8,rule,sqliv3_csv,order_by
"SELECT Employees.thick, COUNT ( Orders.bandID ) AS packageFROM ( OrdersINNER JOIN buried ON Orders.boardID = Employees.overID )",lateral,unknown,case_variation,0.8,rule,sqliv3_csv,unknown
"SELECT night,fireplace,garage,toy,chain ( ( hill JOIN old ON thick.row = pull.stock ) INNER JOIN governmentON Orders.pig = layers.immediatelyID )",lateral,unknown,case_variation,0.8,rule,sqliv3_csv,unknown
"SELECT be,dark,finger FROM base LEFT JOIN Orders ON congress.cookiesID = start.spring ORDER BY keep.stuck",lateral,unknown,case_variation,0.8,rule,sqliv3_csv,order_by
"SELECT Orders.seriesrID, Employees.leg, Employees.serve FROM OrdersRIGHT JOIN Employees ON Orders.EmployeeID = Employees.trainID ORDER BY Orders.briefID",lateral,unknown,case_variation,0.8,rule,sqliv3_csv,order_by
"SELECT Employees.examine, COUNT ( Orders.tailID ) AS cellFROM ( OrdersINNER JOIN teeth ON Orders.fenceID = Employees.cageID )",lateral,unknown,case_variation,0.8,rule,sqliv3_csv,unknown
"SELECT apple,around,brief,traffic,product ( ( roll JOIN social ON magnet.immediately = fought.wait ) INNER JOIN citizenON Orders.promised = brief.gainID )",lateral,unknown,case_variation,0.8,rule,sqliv3_csv,unknown
"SELECT cast,summer,tube FROM shut LEFT JOIN Orders ON typical.bottleID = information.as ORDER BY camp.tonight",lateral,unknown,case_variation,0.8,rule,sqliv3_csv,order_by
"SELECT Orders.animalrID, Employees.pride, Employees.snow FROM OrdersRIGHT JOIN Employees ON Orders.EmployeeID = Employees.smallID ORDER BY Orders.listenID",lateral,unknown,case_variation,0.8,rule,sqliv3_csv,order_by
"SELECT Employees.fence, COUNT ( Orders.volumeID ) AS chamberFROM ( OrdersINNER JOIN sister ON Orders.layersID = Employees.cloudID )",lateral,unknown,case_variation,0.8,rule,sqliv3_csv,unknown
"SELECT managed,afternoon,particularly,primitive,stop ( ( who JOIN follow ON length.sum = variety.ocean ) INNER JOIN cryON Orders.cake = cry.goldenID )",lateral,unknown,case_variation,0.8,rule,sqliv3_csv,unknown
"SELECT earlier,remarkable,powerful FROM built LEFT JOIN Orders ON huge.sightID = figure.mistake ORDER BY society.indicate",lateral,unknown,case_variation,0.8,rule,sqliv3_csv,order_by
"SELECT Orders.salerID, Employees.football, Employees.grew FROM OrdersRIGHT JOIN Employees ON Orders.EmployeeID = Employees.familiarID ORDER BY Orders.constantlyID",lateral,unknown,case_variation,0.8,rule,sqliv3_csv,order_by
"SELECT Employees.society, COUNT ( Orders.orbitID ) AS freeFROM ( OrdersINNER JOIN quietly ON Orders.oneID = Employees.foughtID )",lateral,unknown,case_variation,0.8,rule,sqliv3_csv,unknown
"SELECT pile,track,he,climate,dropped ( ( might JOIN us ON sheep.trace = explain.number ) INNER JOIN hairON Orders.bridge = due.mouthID )",lateral,unknown,case_variation,0.8,rule,sqliv3_csv,unknown
"SELECT circle,father,us FROM avoid LEFT JOIN Orders ON different.representID = spoken.putting ORDER BY chance.rice",lateral,unknown,case_variation,0.8,rule,sqliv3_csv,order_by
"SELECT Orders.gunrID, Employees.driven, Employees.voice FROM OrdersRIGHT JOIN Employees ON Orders.EmployeeID = Employees.dozenID ORDER BY Orders.establishID",lateral,unknown,case_variation,0.8,rule,sqliv3_csv,order_by
"SELECT Employees.affect, COUNT ( Orders.coldID ) AS jarFROM ( OrdersINNER JOIN amount ON Orders.symbolID = Employees.silkID )",lateral,unknown,case_variation,0.8,rule,sqliv3_csv,unknown
"SELECT past,shallow,giving,shot,entirely ( ( control JOIN arrange ON been.main = short.courage ) INNER JOIN stageON Orders.ought = bottom.dozenID )",lateral,unknown,case_variation,0.8,rule,sqliv3_csv,unknown
"SELECT grade,wagon,worse FROM accident LEFT JOIN Orders ON spend.ownerID = buy.coming ORDER BY aware.pool",lateral,unknown,case_variation,0.8,rule,sqliv3_csv,order_by
"SELECT Orders.yourselfrID, Employees.hit, Employees.birthday FROM OrdersRIGHT JOIN Employees ON Orders.EmployeeID = Employees.dutyID ORDER BY Orders.cabinID",lateral,unknown,case_variation,0.8,rule,sqliv3_csv,order_by
"SELECT Employees.aboard, COUNT ( Orders.crackID ) AS mudFROM ( OrdersINNER JOIN them ON Orders.judgeID = Employees.quietID )",lateral,unknown,case_variation,0.8,rule,sqliv3_csv,unknown
"SELECT hunt,women,orange,bottom,where ( ( depth JOIN atmosphere ON describe.correctly = actually.copper ) INNER JOIN fasterON Orders.eight = ocean.loseID )",lateral,unknown,case_variation,0.8,rule,sqliv3_csv,unknown
"SELECT tape,piano,fed FROM sale LEFT JOIN Orders ON pair.particularlyID = arm.poem ORDER BY changing.think",lateral,unknown,case_variation,0.8,rule,sqliv3_csv,order_by
"SELECT Orders.avoidrID, Employees.temperature, Employees.cover FROM OrdersRIGHT JOIN Employees ON Orders.EmployeeID = Employees.baseID ORDER BY Orders.orderID",lateral,unknown,case_variation,0.8,rule,sqliv3_csv,order_by
"SELECT Employees.volume, COUNT ( Orders.adjectiveID ) AS refusedFROM ( OrdersINNER JOIN breakfast ON Orders.catchID = Employees.songID )",lateral,unknown,case_variation,0.8,rule,sqliv3_csv,unknown
"SELECT language,like,clothing,relationship,useful ( ( melted JOIN plural ON row.limited = master.consist ) INNER JOIN currentON Orders.construction = clearly.collectID )",lateral,unknown,case_variation,0.8,rule,sqliv3_csv,unknown
"SELECT mistake,fish,close FROM plates LEFT JOIN Orders ON meet.forgottenID = worried.attention ORDER BY angle.rocket",lateral,unknown,case_variation,0.8,rule,sqliv3_csv,order_by
"SELECT Orders.examplerID, Employees.bring, Employees.why FROM OrdersRIGHT JOIN Employees ON Orders.EmployeeID = Employees.sidesID ORDER BY Orders.favoriteID",lateral,unknown,case_variation,0.8,rule,sqliv3_csv,order_by
"SELECT Employees.captain, COUNT ( Orders.redID ) AS equallyFROM ( OrdersINNER JOIN scientific ON Orders.wheneverID = Employees.smallID )",lateral,unknown,case_variation,0.8,rule,sqliv3_csv,unknown
"SELECT bare,directly,brave,younger,stay ( ( seed JOIN teacher ON ordinary.death = everyone.consist ) INNER JOIN cleanON Orders.old = stepped.fenceID )",lateral,unknown,case_variation,0.8,rule,sqliv3_csv,unknown
"SELECT office,creature,understanding FROM let LEFT JOIN Orders ON whose.becomeID = engine.late ORDER BY that.yard",lateral,unknown,case_variation,0.8,rule,sqliv3_csv,order_by
"SELECT Orders.tellrID, Employees.wide, Employees.ran FROM OrdersRIGHT JOIN Employees ON Orders.EmployeeID = Employees.shineID ORDER BY Orders.shouldID",lateral,unknown,case_variation,0.8,rule,sqliv3_csv,order_by
"SELECT Employees.occur, COUNT ( Orders.sentenceID ) AS deskFROM ( OrdersINNER JOIN swimming ON Orders.balloonID = Employees.attackID )",lateral,unknown,case_variation,0.8,rule,sqliv3_csv,unknown
"SELECT steady,happened,wait,mathematics,affect ( ( spent JOIN thirty ON gravity.hidden = sitting.magic ) INNER JOIN caveON Orders.all = detail.anybodyID )",lateral,unknown,case_variation,0.8,rule,sqliv3_csv,unknown
"SELECT wide,step,adjective FROM proud LEFT JOIN Orders ON maybe.kitchenID = belt.customs ORDER BY vertical.snake",lateral,unknown,case_variation,0.8,rule,sqliv3_csv,order_by
"SELECT Orders.towerrID, Employees.them, Employees.its FROM OrdersRIGHT JOIN Employees ON Orders.EmployeeID = Employees.exactlyID ORDER BY Orders.valleyID",lateral,unknown,case_variation,0.8,rule,sqliv3_csv,order_by
"SELECT Employees.blew, COUNT ( Orders.sentID ) AS paperFROM ( OrdersINNER JOIN man ON Orders.girlID = Employees.cowID )",lateral,unknown,case_variation,0.8,rule,sqliv3_csv,unknown
"SELECT final,new,key,manufacturing,happy ( ( he JOIN potatoes ON process.no = community.central ) INNER JOIN stoppedON Orders.pale = mixture.highestID )",lateral,unknown,case_variation,0.8,rule,sqliv3_csv,unknown
"SELECT grandmother,headed,element FROM bright LEFT JOIN Orders ON wear.areID = birds.frame ORDER BY customs.musical",lateral,unknown,case_variation,0.8,rule,sqliv3_csv,order_by
"SELECT Orders.electricityrID, Employees.number, Employees.race FROM OrdersRIGHT JOIN Employees ON Orders.EmployeeID = Employees.aboardID ORDER BY Orders.eatID",lateral,unknown,case_variation,0.8,rule,sqliv3_csv,order_by
"SELECT Employees.according, COUNT ( Orders.gooseID ) AS scienceFROM ( OrdersINNER JOIN frozen ON Orders.quiteID = Employees.cameID )",lateral,unknown,case_variation,0.8,rule,sqliv3_csv,unknown
"SELECT fifth,spirit,travel,color,running ( ( finger JOIN command ON mouse.bone = house.entirely ) INNER JOIN lakeON Orders.go = mysterious.consistID )",lateral,unknown,case_variation,0.8,rule,sqliv3_csv,unknown
"SELECT laid,funny,once FROM lead LEFT JOIN Orders ON ready.pitchID = tree.rise ORDER BY sure.came",lateral,unknown,case_variation,0.8,rule,sqliv3_csv,order_by
"SELECT Orders.bearrID, Employees.climb, Employees.because FROM OrdersRIGHT JOIN Employees ON Orders.EmployeeID = Employees.summerID ORDER BY Orders.runningID",lateral,unknown,case_variation,0.8,rule,sqliv3_csv,order_by
"SELECT Employees.highest, COUNT ( Orders.gentlyID ) AS slightlyFROM ( OrdersINNER JOIN indeed ON Orders.seenID = Employees.grassID )",lateral,unknown,case_variation,0.8,rule,sqliv3_csv,unknown
"SELECT modern,decide,dirt,easily,safety ( ( frame JOIN acres ON crew.won = bean.alike ) INNER JOIN ranON Orders.moon = pot.columnID )",lateral,unknown,case_variation,0.8,rule,sqliv3_csv,unknown
"SELECT plant,name,earlier FROM space LEFT JOIN Orders ON cut.feltID = taste.beginning ORDER BY tie.put",lateral,unknown,case_variation,0.8,rule,sqliv3_csv,order_by
"SELECT Orders.hiddenrID, Employees.bone, Employees.safe FROM OrdersRIGHT JOIN Employees ON Orders.EmployeeID = Employees.planID ORDER BY Orders.frequentlyID",lateral,unknown,case_variation,0.8,rule,sqliv3_csv,order_by
"SELECT Employees.lift, COUNT ( Orders.speechID ) AS potatoesFROM ( OrdersINNER JOIN paper ON Orders.nervousID = Employees.primitiveID )",lateral,unknown,case_variation,0.8,rule,sqliv3_csv,unknown
"SELECT full,trail,oldest,to,zipper ( ( suddenly JOIN worried ON mood.slipped = themselves.problem ) INNER JOIN ourselvesON Orders.moment = give.shorterID )",lateral,unknown,case_variation,0.8,rule,sqliv3_csv,unknown
"SELECT negative,but,seldom FROM social LEFT JOIN Orders ON forward.mainlyID = continent.myself ORDER BY business.temperature",lateral,unknown,case_variation,0.8,rule,sqliv3_csv,order_by
"SELECT Orders.seldomrID, Employees.occur, Employees.income FROM OrdersRIGHT JOIN Employees ON Orders.EmployeeID = Employees.weekID ORDER BY Orders.cowboyID",lateral,unknown,case_variation,0.8,rule,sqliv3_csv,order_by
"SELECT Employees.laugh, COUNT ( Orders.orderID ) AS globeFROM ( OrdersINNER JOIN generally ON Orders.mayID = Employees.meltedID )",lateral,unknown,case_variation,0.8,rule,sqliv3_csv,unknown
"SELECT zero,plenty,dress,temperature,nails ( ( cotton JOIN where ON opportunity.bag = similar.grass ) INNER JOIN coatON Orders.caught = shot.gooseID )",lateral,unknown,case_variation,0.8,rule,sqliv3_csv,unknown
"SELECT suddenly,chair,escape FROM chosen LEFT JOIN Orders ON potatoes.establishID = steep.people ORDER BY beat.flow",lateral,unknown,case_variation,0.8,rule,sqliv3_csv,order_by
"SELECT Orders.yardrID, Employees.apartment, Employees.electricity FROM OrdersRIGHT JOIN Employees ON Orders.EmployeeID = Employees.peopleID ORDER BY Orders.callID",lateral,unknown,case_variation,0.8,rule,sqliv3_csv,order_by
"SELECT Employees.down, COUNT ( Orders.wishID ) AS particlesFROM ( OrdersINNER JOIN animal ON Orders.specialID = Employees.breadID )",lateral,unknown,case_variation,0.8,rule,sqliv3_csv,unknown
"SELECT eager,balloon,paint,older,law ( ( compound JOIN dress ON tape.tired = natural.saddle ) INNER JOIN ableON Orders.ago = lot.preventID )",lateral,unknown,case_variation,0.8,rule,sqliv3_csv,unknown
"SELECT dangerous,thin,leaving FROM cow LEFT JOIN Orders ON chamber.wireID = coast.needle ORDER BY eat.could",lateral,unknown,case_variation,0.8,rule,sqliv3_csv,order_by
"SELECT Orders.primitiverID, Employees.fair, Employees.brief FROM OrdersRIGHT JOIN Employees ON Orders.EmployeeID = Employees.identityID ORDER BY Orders.neighborhoodID",lateral,unknown,case_variation,0.8,rule,sqliv3_csv,order_by
"SELECT Employees.almost, COUNT ( Orders.largeID ) AS miceFROM ( OrdersINNER JOIN powerful ON Orders.dishID = Employees.didID )",lateral,unknown,case_variation,0.8,rule,sqliv3_csv,unknown
"SELECT stranger,studying,minute,process,smaller ( ( specific JOIN means ON order.loss = correctly.sort ) INNER JOIN droppedON Orders.plenty = home.justID )",lateral,unknown,case_variation,0.8,rule,sqliv3_csv,unknown
"SELECT able,principal,sing FROM dear LEFT JOIN Orders ON silly.presidentID = successful.came ORDER BY harbor.load",lateral,unknown,case_variation,0.8,rule,sqliv3_csv,order_by
"SELECT Orders.headedrID, Employees.would, Employees.rays FROM OrdersRIGHT JOIN Employees ON Orders.EmployeeID = Employees.nineID ORDER BY Orders.smallestID",lateral,unknown,case_variation,0.8,rule,sqliv3_csv,order_by
"SELECT Employees.grade, COUNT ( Orders.fineID ) AS chemicalFROM ( OrdersINNER JOIN growth ON Orders.thenID = Employees.aloneID )",lateral,unknown,case_variation,0.8,rule,sqliv3_csv,unknown
"SELECT fly,shoe,city,shinning,claws ( ( surrounded JOIN find ON electric.alive = track.scene ) INNER JOIN underON Orders.welcome = arrangement.campID )",lateral,unknown,case_variation,0.8,rule,sqliv3_csv,unknown
"SELECT think,charge,hope FROM run LEFT JOIN Orders ON wave.generalID = taste.lack ORDER BY include.enter",lateral,unknown,case_variation,0.8,rule,sqliv3_csv,order_by
"SELECT Orders.presentrID, Employees.bent, Employees.mathematics FROM OrdersRIGHT JOIN Employees ON Orders.EmployeeID = Employees.shareID ORDER BY Orders.dependID",lateral,unknown,case_variation,0.8,rule,sqliv3_csv,order_by
"SELECT Employees.carbon, COUNT ( Orders.viewID ) AS dugFROM ( OrdersINNER JOIN constantly ON Orders.islandID = Employees.blockID )",lateral,unknown,case_variation,0.8,rule,sqliv3_csv,unknown
"SELECT stone,dark,sleep,enjoy,though ( ( quietly JOIN raise ON way.if = education.strip ) INNER JOIN weighON Orders.stop = egg.pairID )",lateral,unknown,case_variation,0.8,rule,sqliv3_csv,unknown
"SELECT forgot,becoming,health FROM bag LEFT JOIN Orders ON island.experienceID = cast.keep ORDER BY dream.reach",lateral,unknown,case_variation,0.8,rule,sqliv3_csv,order_by
"SELECT Orders.mostrID, Employees.plenty, Employees.herself FROM OrdersRIGHT JOIN Employees ON Orders.EmployeeID = Employees.summerID ORDER BY Orders.fairlyID",lateral,unknown,case_variation,0.8,rule,sqliv3_csv,order_by
"SELECT Employees.carry, COUNT ( Orders.referID ) AS dreamFROM ( OrdersINNER JOIN explanation ON Orders.blowID = Employees.exerciseID )",lateral,unknown,case_variation,0.8,rule,sqliv3_csv,unknown
"SELECT book,wool,available,middle,lesson ( ( money JOIN composition ON refused.scientific = wherever.onto ) INNER JOIN baseballON Orders.mainly = took.indicateID )",lateral,unknown,case_variation,0.8,rule,sqliv3_csv,unknown
"SELECT once,meat,hat FROM only LEFT JOIN Orders ON either.sleptID = to.poetry ORDER BY rocky.faster",lateral,unknown,case_variation,0.8,rule,sqliv3_csv,order_by
"SELECT Orders.sayrID, Employees.rose, Employees.steep FROM OrdersRIGHT JOIN Employees ON Orders.EmployeeID = Employees.foxID ORDER BY Orders.climateID",lateral,unknown,case_variation,0.8,rule,sqliv3_csv,order_by
"SELECT Employees.phrase, COUNT ( Orders.halfwayID ) AS roadFROM ( OrdersINNER JOIN wonderful ON Orders.productID = Employees.girlID )",lateral,unknown,case_variation,0.8,rule,sqliv3_csv,unknown
"SELECT welcome,people,could,welcome,slowly ( ( ship JOIN gentle ON than.page = honor.sail ) INNER JOIN extraON Orders.blood = shoot.ancientID )",lateral,unknown,case_variation,0.8,rule,sqliv3_csv,unknown
"SELECT share,direct,what FROM without LEFT JOIN Orders ON appropriate.greatestID = you.creature ORDER BY raise.mission",lateral,unknown,case_variation,0.8,rule,sqliv3_csv,order_by
"SELECT Orders.allowrID, Employees.increase, Employees.star FROM OrdersRIGHT JOIN Employees ON Orders.EmployeeID = Employees.lackID ORDER BY Orders.animalID",lateral,unknown,case_variation,0.8,rule,sqliv3_csv,order_by
"SELECT Employees.shown, COUNT ( Orders.massageID ) AS soapFROM ( OrdersINNER JOIN work ON Orders.biggerID = Employees.tieID )",lateral,unknown,case_variation,0.8,rule,sqliv3_csv,unknown
"SELECT those,separate,yellow,rhyme,front ( ( son JOIN sleep ON nothing.am = border.weak ) INNER JOIN fourthON Orders.afraid = poor.poorID )",lateral,unknown,case_variation,0.8,rule,sqliv3_csv,unknown
"SELECT somewhere,list,up FROM log LEFT JOIN Orders ON income.pieID = later.disappear ORDER BY summer.coast",lateral,unknown,case_variation,0.8,rule,sqliv3_csv,order_by
"SELECT Orders.distancerID, Employees.said, Employees.sleep FROM OrdersRIGHT JOIN Employees ON Orders.EmployeeID = Employees.memoryID ORDER BY Orders.rememberID",lateral,unknown,case_variation,0.8,rule,sqliv3_csv,order_by
"SELECT Employees.broken, COUNT ( Orders.populationID ) AS actFROM ( OrdersINNER JOIN mood ON Orders.locateID = Employees.dutyID )",lateral,unknown,case_variation,0.8,rule,sqliv3_csv,unknown
"SELECT girl,horn,round,honor,like ( ( course JOIN he ON slight.arrow = general.motor ) INNER JOIN frogON Orders.cause = somebody.ridingID )",lateral,unknown,case_variation,0.8,rule,sqliv3_csv,unknown
"SELECT alike,tell,pile FROM usually LEFT JOIN Orders ON yesterday.silkID = feet.zero ORDER BY steady.hill",lateral,unknown,case_variation,0.8,rule,sqliv3_csv,order_by
"SELECT Orders.relationshiprID, Employees.press, Employees.natural FROM OrdersRIGHT JOIN Employees ON Orders.EmployeeID = Employees.planningID ORDER BY Orders.dogID",lateral,unknown,case_variation,0.8,rule,sqliv3_csv,order_by
"SELECT Employees.surrounded, COUNT ( Orders.exclaimedID ) AS rushFROM ( OrdersINNER JOIN accurate ON Orders.herselfID = Employees.sitID )",lateral,unknown,case_variation,0.8,rule,sqliv3_csv,unknown
"SELECT muscle,thought,pay,depend,replied ( ( forty JOIN pencil ON picture.club = worried.shelter ) INNER JOIN adjectiveON Orders.every = how.averageID )",lateral,unknown,case_variation,0.8,rule,sqliv3_csv,unknown
"SELECT serious,season,value FROM horn LEFT JOIN Orders ON huge.studiedID = bigger.die ORDER BY exclaimed.for",lateral,unknown,case_variation,0.8,rule,sqliv3_csv,order_by
"SELECT Orders.particlesrID, Employees.definition, Employees.only FROM OrdersRIGHT JOIN Employees ON Orders.EmployeeID = Employees.containID ORDER BY Orders.railroadID",lateral,unknown,case_variation,0.8,rule,sqliv3_csv,order_by
"SELECT Employees.thirty, COUNT ( Orders.mightyID ) AS peopleFROM ( OrdersINNER JOIN plus ON Orders.receiveID = Employees.mainID )",lateral,unknown,case_variation,0.8,rule,sqliv3_csv,unknown
"SELECT perfectly,fear,rhythm,sharp,handsome ( ( forgot JOIN type ON broke.greatly = older.pack ) INNER JOIN buffaloON Orders.prize = enough.courtID )",lateral,unknown,case_variation,0.8,rule,sqliv3_csv,unknown
"SELECT sand,sitting,acres FROM troops LEFT JOIN Orders ON pound.shoeID = half.future ORDER BY was.into",lateral,unknown,case_variation,0.8,rule,sqliv3_csv,order_by
"SELECT Orders.hairrID, Employees.farther, Employees.organization FROM OrdersRIGHT JOIN Employees ON Orders.EmployeeID = Employees.vaporID ORDER BY Orders.horseID",lateral,unknown,case_variation,0.8,rule,sqliv3_csv,order_by
"SELECT Employees.guess, COUNT ( Orders.wishID ) AS moreFROM ( OrdersINNER JOIN lesson ON Orders.carriedID = Employees.effectID )",lateral,unknown,case_variation,0.8,rule,sqliv3_csv,unknown
"SELECT various,worse,alone,complete,gray ( ( onto JOIN hand ON lost.detail = harbor.storm ) INNER JOIN famousON Orders.slept = hide.fightID )",lateral,unknown,case_variation,0.8,rule,sqliv3_csv,unknown
"SELECT story,run,dot FROM difficult LEFT JOIN Orders ON refer.arrangeID = dug.master ORDER BY curve.instance",lateral,unknown,case_variation,0.8,rule,sqliv3_csv,order_by
"SELECT Orders.smallrID, Employees.native, Employees.yourself FROM OrdersRIGHT JOIN Employees ON Orders.EmployeeID = Employees.butID ORDER BY Orders.burstID",lateral,unknown,case_variation,0.8,rule,sqliv3_csv,order_by
"SELECT Employees.mistake, COUNT ( Orders.worseID ) AS oughtFROM ( OrdersINNER JOIN storm ON Orders.diameterID = Employees.bothID )",lateral,unknown,case_variation,0.8,rule,sqliv3_csv,unknown
"SELECT money,each,cabin,opportunity,difficulty ( ( mean JOIN in ON did.huge = promised.higher ) INNER JOIN phraseON Orders.trap = indicate.requireID )",lateral,unknown,case_variation,0.8,rule,sqliv3_csv,unknown
"SELECT sister,tide,bright FROM wide LEFT JOIN Orders ON turn.fuelID = stage.yourself ORDER BY cowboy.yesterday",lateral,unknown,case_variation,0.8,rule,sqliv3_csv,order_by
"SELECT Orders.shoutrID, Employees.twenty, Employees.be FROM OrdersRIGHT JOIN Employees ON Orders.EmployeeID = Employees.settleID ORDER BY Orders.governmentID",lateral,unknown,case_variation,0.8,rule,sqliv3_csv,order_by
"SELECT Employees.oldest, COUNT ( Orders.wholeID ) AS raceFROM ( OrdersINNER JOIN close ON Orders.chanceID = Employees.scaleID )",lateral,unknown,case_variation,0.8,rule,sqliv3_csv,unknown
"SELECT cause,may,yesterday,cookies,fill ( ( upper JOIN common ON tide.facing = brain.object ) INNER JOIN blowON Orders.notice = inch.sangID )",lateral,unknown,case_variation,0.8,rule,sqliv3_csv,unknown
"SELECT general,ourselves,farther FROM vowel LEFT JOIN Orders ON lift.continuedID = cattle.trip ORDER BY bent.respect",lateral,unknown,case_variation,0.8,rule,sqliv3_csv,order_by
"SELECT Orders.enginerID, Employees.necessary, Employees.mountain FROM OrdersRIGHT JOIN Employees ON Orders.EmployeeID = Employees.cameID ORDER BY Orders.everyoneID",lateral,unknown,case_variation,0.8,rule,sqliv3_csv,order_by
"SELECT Employees.religious, COUNT ( Orders.formerID ) AS fullyFROM ( OrdersINNER JOIN sport ON Orders.dawnID = Employees.handleID )",lateral,unknown,case_variation,0.8,rule,sqliv3_csv,unknown
"SELECT shot,bigger,needed,population,beyond ( ( forth JOIN discuss ON thrown.number = trouble.produce ) INNER JOIN indicateON Orders.arrive = neck.unusualID )",lateral,unknown,case_variation,0.8,rule,sqliv3_csv,unknown
"SELECT trunk,bare,speak FROM mirror LEFT JOIN Orders ON leader.streamID = species.hearing ORDER BY feel.anything",lateral,unknown,case_variation,0.8,rule,sqliv3_csv,order_by
"SELECT Orders.tearsrID, Employees.bus, Employees.skin FROM OrdersRIGHT JOIN Employees ON Orders.EmployeeID = Employees.promisedID ORDER BY Orders.lookID",lateral,unknown,case_variation,0.8,rule,sqliv3_csv,order_by
"SELECT Employees.aside, COUNT ( Orders.governmentID ) AS thickFROM ( OrdersINNER JOIN cheese ON Orders.steadyID = Employees.happenedID )",lateral,unknown,case_variation,0.8,rule,sqliv3_csv,unknown
"SELECT shoot,state,trunk,possible,knew ( ( warn JOIN does ON truth.kept = shall.victory ) INNER JOIN proveON Orders.fallen = hide.zooID )",lateral,unknown,case_variation,0.8,rule,sqliv3_csv,unknown
"SELECT instance,myself,loose FROM world LEFT JOIN Orders ON disease.harderID = eaten.affect ORDER BY enough.lucky",lateral,unknown,case_variation,0.8,rule,sqliv3_csv,order_by
"SELECT Orders.childrenrID, Employees.review, Employees.instead FROM OrdersRIGHT JOIN Employees ON Orders.EmployeeID = Employees.quicklyID ORDER BY Orders.reasonID",lateral,unknown,case_variation,0.8,rule,sqliv3_csv,order_by
"SELECT Employees.ought, COUNT ( Orders.memberID ) AS lawFROM ( OrdersINNER JOIN dig ON Orders.storeID = Employees.excellentID )",lateral,unknown,case_variation,0.8,rule,sqliv3_csv,unknown
"SELECT tree,food,thumb,shine,nobody ( ( everyone JOIN ate ON completely.but = divide.fact ) INNER JOIN bornON Orders.create = gas.directionID )",lateral,unknown,case_variation,0.8,rule,sqliv3_csv,unknown
"SELECT repeat,such,divide FROM stood LEFT JOIN Orders ON outer.pairID = method.strength ORDER BY race.voice",lateral,unknown,case_variation,0.8,rule,sqliv3_csv,order_by
"SELECT Orders.strugglerID, Employees.truck, Employees.therefore FROM OrdersRIGHT JOIN Employees ON Orders.EmployeeID = Employees.freedomID ORDER BY Orders.dearID",lateral,unknown,case_variation,0.8,rule,sqliv3_csv,order_by
"SELECT Employees.accident, COUNT ( Orders.rhythmID ) AS meantFROM ( OrdersINNER JOIN division ON Orders.stripID = Employees.takenID )",lateral,unknown,case_variation,0.8,rule,sqliv3_csv,unknown
"SELECT may,race,gather,square,automobile ( ( battle JOIN saved ON favorite.six = glass.colony ) INNER JOIN theyON Orders.milk = higher.homeID )",lateral,unknown,case_variation,0.8,rule,sqliv3_csv,unknown
"SELECT careful,within,is FROM morning LEFT JOIN Orders ON atom.coachID = guard.whatever ORDER BY would.under",lateral,unknown,case_variation,0.8,rule,sqliv3_csv,order_by
"SELECT Orders.windowrID, Employees.none, Employees.believed FROM OrdersRIGHT JOIN Employees ON Orders.EmployeeID = Employees.freeID ORDER BY Orders.courageID",lateral,unknown,case_variation,0.8,rule,sqliv3_csv,order_by
"SELECT Employees.youth, COUNT ( Orders.doubtID ) AS wouldFROM ( OrdersINNER JOIN longer ON Orders.everythingID = Employees.orID )",lateral,unknown,case_variation,0.8,rule,sqliv3_csv,unknown
"SELECT chapter,die,seat,can,proper ( ( gun JOIN night ON higher.needle = wall.yourself ) INNER JOIN freeON Orders.community = rear.driverID )",lateral,unknown,case_variation,0.8,rule,sqliv3_csv,unknown
"SELECT include,corner,first FROM thin LEFT JOIN Orders ON tongue.freshID = young.class ORDER BY everywhere.flew",lateral,unknown,case_variation,0.8,rule,sqliv3_csv,order_by
"SELECT Orders.paintrID, Employees.friend, Employees.opportunity FROM OrdersRIGHT JOIN Employees ON Orders.EmployeeID = Employees.feltID ORDER BY Orders.totalID",lateral,unknown,case_variation,0.8,rule,sqliv3_csv,order_by
"SELECT Employees.regular, COUNT ( Orders.mountainID ) AS flagFROM ( OrdersINNER JOIN lips ON Orders.gladID = Employees.plusID )",lateral,unknown,case_variation,0.8,rule,sqliv3_csv,unknown
"SELECT railroad,express,frequently,music,vegetable ( ( line JOIN gate ON exactly.religious = proper.young ) INNER JOIN heightON Orders.break = bigger.wordID )",lateral,unknown,case_variation,0.8,rule,sqliv3_csv,unknown
"SELECT sentence,imagine,another FROM brass LEFT JOIN Orders ON having.mannerID = tune.generally ORDER BY snow.discover",lateral,unknown,case_variation,0.8,rule,sqliv3_csv,order_by
"SELECT Orders.eightrID, Employees.necessary, Employees.stranger FROM OrdersRIGHT JOIN Employees ON Orders.EmployeeID = Employees.withID ORDER BY Orders.writeID",lateral,unknown,case_variation,0.8,rule,sqliv3_csv,order_by
"SELECT Employees.stretch, COUNT ( Orders.reviewID ) AS springFROM ( OrdersINNER JOIN took ON Orders.improveID = Employees.hurtID )",lateral,unknown,case_variation,0.8,rule,sqliv3_csv,unknown
"SELECT lower,cool,suggest,area,whenever ( ( salmon JOIN tried ON factor.smooth = army.definition ) INNER JOIN dishON Orders.girl = depth.shelterID )",lateral,unknown,case_variation,0.8,rule,sqliv3_csv,unknown
"SELECT scientist,film,experiment FROM bone LEFT JOIN Orders ON stretch.mailID = least.brass ORDER BY shoot.hurried",lateral,unknown,case_variation,0.8,rule,sqliv3_csv,order_by
"SELECT Orders.letterrID, Employees.silence, Employees.dinner FROM OrdersRIGHT JOIN Employees ON Orders.EmployeeID = Employees.everyID ORDER BY Orders.trackID",lateral,unknown,case_variation,0.8,rule,sqliv3_csv,order_by
"SELECT Employees.can, COUNT ( Orders.afterID ) AS meanFROM ( OrdersINNER JOIN husband ON Orders.longID = Employees.copyID )",lateral,unknown,case_variation,0.8,rule,sqliv3_csv,unknown
"SELECT piece,lunch,rush,information,part ( ( definition JOIN value ON bad.silver = plant.vegetable ) INNER JOIN sidesON Orders.wall = vote.baseID )",lateral,unknown,case_variation,0.8,rule,sqliv3_csv,unknown
"SELECT held,cow,plenty FROM may LEFT JOIN Orders ON stop.courseID = deeply.machine ORDER BY about.sit",lateral,unknown,case_variation,0.8,rule,sqliv3_csv,order_by
"SELECT Orders.welcomerID, Employees.uncle, Employees.somebody FROM OrdersRIGHT JOIN Employees ON Orders.EmployeeID = Employees.directlyID ORDER BY Orders.wifeID",lateral,unknown,case_variation,0.8,rule,sqliv3_csv,order_by
"SELECT Employees.sick, COUNT ( Orders.liftID ) AS coupleFROM ( OrdersINNER JOIN kind ON Orders.factID = Employees.courseID )",lateral,unknown,case_variation,0.8,rule,sqliv3_csv,unknown
"SELECT herself,familiar,excellent,proud,volume ( ( believed JOIN rate ON character.count = bound.ride ) INNER JOIN clothesON Orders.valley = throat.westernID )",lateral,unknown,case_variation,0.8,rule,sqliv3_csv,unknown
"SELECT were,during,said FROM word LEFT JOIN Orders ON science.noneID = star.rich ORDER BY congress.part",lateral,unknown,case_variation,0.8,rule,sqliv3_csv,order_by
"SELECT Orders.fifteenrID, Employees.attempt, Employees.date FROM OrdersRIGHT JOIN Employees ON Orders.EmployeeID = Employees.forestID ORDER BY Orders.anywayID",lateral,unknown,case_variation,0.8,rule,sqliv3_csv,order_by
"SELECT Employees.show, COUNT ( Orders.copperID ) AS forgetFROM ( OrdersINNER JOIN slept ON Orders.learnID = Employees.filmID )",lateral,unknown,case_variation,0.8,rule,sqliv3_csv,unknown
"SELECT wear,stone,whom,sat,first ( ( higher JOIN ice ON sound.aware = difference.halfway ) INNER JOIN callON Orders.force = structure.taxID )",lateral,unknown,case_variation,0.8,rule,sqliv3_csv,unknown
"SELECT roof,glass,tomorrow FROM he LEFT JOIN Orders ON plates.familiarID = life.ate ORDER BY enter.composed",lateral,unknown,case_variation,0.8,rule,sqliv3_csv,order_by
"SELECT Orders.partyrID, Employees.your, Employees.roar FROM OrdersRIGHT JOIN Employees ON Orders.EmployeeID = Employees.centralID ORDER BY Orders.deadID",lateral,unknown,case_variation,0.8,rule,sqliv3_csv,order_by
"SELECT Employees.remarkable, COUNT ( Orders.somehowID ) AS biggerFROM ( OrdersINNER JOIN realize ON Orders.southID = Employees.baseballID )",lateral,unknown,case_variation,0.8,rule,sqliv3_csv,unknown
"SELECT brave,package,these,raw,result ( ( large JOIN also ON way.collect = wall.difficult ) INNER JOIN proudON Orders.farm = pipe.certainlyID )",lateral,unknown,case_variation,0.8,rule,sqliv3_csv,unknown
"SELECT discuss,heart,leaf FROM quickly LEFT JOIN Orders ON map.somehowID = unless.finish ORDER BY very.create",lateral,unknown,case_variation,0.8,rule,sqliv3_csv,order_by
"SELECT Orders.halfwayrID, Employees.sale, Employees.good FROM OrdersRIGHT JOIN Employees ON Orders.EmployeeID = Employees.woolID ORDER BY Orders.governmentID",lateral,unknown,case_variation,0.8,rule,sqliv3_csv,order_by
"SELECT Employees.halfway, COUNT ( Orders.laborID ) AS passFROM ( OrdersINNER JOIN enjoy ON Orders.forgetID = Employees.dependID )",lateral,unknown,case_variation,0.8,rule,sqliv3_csv,unknown
"SELECT city,four,spirit,temperature,jump ( ( occur JOIN stepped ON occasionally.over = till.compare ) INNER JOIN oppositeON Orders.manner = disappear.afternoonID )",lateral,unknown,case_variation,0.8,rule,sqliv3_csv,unknown
"SELECT coffee,report,worried FROM combine LEFT JOIN Orders ON motion.armyID = instance.driven ORDER BY last.composition",lateral,unknown,case_variation,0.8,rule,sqliv3_csv,order_by
"SELECT Orders.nearlyrID, Employees.suppose, Employees.balance FROM OrdersRIGHT JOIN Employees ON Orders.EmployeeID = Employees.provideID ORDER BY Orders.tapeID",lateral,unknown,case_variation,0.8,rule,sqliv3_csv,order_by
"SELECT Employees.smaller, COUNT ( Orders.noneID ) AS everybodyFROM ( OrdersINNER JOIN house ON Orders.degreeID = Employees.warnID )",lateral,unknown,case_variation,0.8,rule,sqliv3_csv,unknown
"SELECT hope,keep,good,bicycle,condition ( ( excellent JOIN main ON plant.cost = attention.date ) INNER JOIN lionON Orders.disease = quick.copyID )",lateral,unknown,case_variation,0.8,rule,sqliv3_csv,unknown
"SELECT determine,effect,muscle FROM plates LEFT JOIN Orders ON supper.essentialID = this.balance ORDER BY coat.zero",lateral,unknown,case_variation,0.8,rule,sqliv3_csv,order_by
"SELECT Orders.legrID, Employees.hair, Employees.oil FROM OrdersRIGHT JOIN Employees ON Orders.EmployeeID = Employees.packageID ORDER BY Orders.underID",lateral,unknown,case_variation,0.8,rule,sqliv3_csv,order_by
"SELECT Employees.house, COUNT ( Orders.roofID ) AS breakFROM ( OrdersINNER JOIN bowl ON Orders.careID = Employees.uponID )",lateral,unknown,case_variation,0.8,rule,sqliv3_csv,unknown
"SELECT clear,carbon,bottle,ranch,research ( ( scared JOIN clearly ON vertical.mass = president.valley ) INNER JOIN brokenON Orders.copper = vertical.arrowID )",lateral,unknown,case_variation,0.8,rule,sqliv3_csv,unknown
"SELECT level,aid,voyage FROM hidden LEFT JOIN Orders ON age.cannotID = accept.work ORDER BY outside.train",lateral,unknown,case_variation,0.8,rule,sqliv3_csv,order_by
"SELECT Orders.softlyrID, Employees.forgotten, Employees.keep FROM OrdersRIGHT JOIN Employees ON Orders.EmployeeID = Employees.electricityID ORDER BY Orders.cleanID",lateral,unknown,case_variation,0.8,rule,sqliv3_csv,order_by
"SELECT Employees.bound, COUNT ( Orders.thirdID ) AS mineralsFROM ( OrdersINNER JOIN off ON Orders.theeID = Employees.minuteID )",lateral,unknown,case_variation,0.8,rule,sqliv3_csv,unknown
"SELECT plant,press,daughter,sand,connected ( ( guard JOIN leader ON current.gradually = better.silence ) INNER JOIN readerON Orders.young = explain.parallelID )",lateral,unknown,case_variation,0.8,rule,sqliv3_csv,unknown
"SELECT social,great,dress FROM body LEFT JOIN Orders ON so.betweenID = clean.sheep ORDER BY won.are",lateral,unknown,case_variation,0.8,rule,sqliv3_csv,order_by
"SELECT Orders.easierrID, Employees.organized, Employees.general FROM OrdersRIGHT JOIN Employees ON Orders.EmployeeID = Employees.courtID ORDER BY Orders.soonID",lateral,unknown,case_variation,0.8,rule,sqliv3_csv,order_by
"SELECT Employees.swam, COUNT ( Orders.combineID ) AS laterFROM ( OrdersINNER JOIN move ON Orders.buriedID = Employees.askID )",lateral,unknown,case_variation,0.8,rule,sqliv3_csv,unknown
"SELECT pattern,fair,sand,discovery,tool ( ( park JOIN natural ON burn.corner = piece.temperature ) INNER JOIN deadON Orders.describe = hold.everyID )",lateral,unknown,case_variation,0.8,rule,sqliv3_csv,unknown
"SELECT leg,group,travel FROM shelter LEFT JOIN Orders ON chest.solidID = could.frozen ORDER BY fear.so",lateral,unknown,case_variation,0.8,rule,sqliv3_csv,order_by
"SELECT Orders.intorID, Employees.exact, Employees.grain FROM OrdersRIGHT JOIN Employees ON Orders.EmployeeID = Employees.keptID ORDER BY Orders.lossID",lateral,unknown,case_variation,0.8,rule,sqliv3_csv,order_by
"SELECT Employees.discover, COUNT ( Orders.alreadyID ) AS whomFROM ( OrdersINNER JOIN frog ON Orders.sugarID = Employees.brokenID )",lateral,unknown,case_variation,0.8,rule,sqliv3_csv,unknown
"SELECT white,breeze,beneath,per,surface ( ( feed JOIN experience ON facing.sign = bend.doing ) INNER JOIN simpleON Orders.poor = stand.forwardID )",lateral,unknown,case_variation,0.8,rule,sqliv3_csv,unknown
"SELECT metal,needs,nice FROM flow LEFT JOIN Orders ON many.spaceID = leg.quiet ORDER BY experience.stronger",lateral,unknown,case_variation,0.8,rule,sqliv3_csv,order_by
"SELECT Orders.riderID, Employees.soon, Employees.diagram FROM OrdersRIGHT JOIN Employees ON Orders.EmployeeID = Employees.seemsID ORDER BY Orders.featureID",lateral,unknown,case_variation,0.8,rule,sqliv3_csv,order_by
"SELECT Employees.nails, COUNT ( Orders.paragraphID ) AS soapFROM ( OrdersINNER JOIN sometime ON Orders.rulerID = Employees.danceID )",lateral,unknown,case_variation,0.8,rule,sqliv3_csv,unknown
"SELECT nature,another,bicycle,specific,cheese ( ( not JOIN citizen ON thumb.sell = has.establish ) INNER JOIN reasonON Orders.hand = quiet.mouseID )",lateral,unknown,case_variation,0.8,rule,sqliv3_csv,unknown
"SELECT dirty,enjoy,colony FROM rapidly LEFT JOIN Orders ON fast.runID = above.hill ORDER BY when.unknown",lateral,unknown,case_variation,0.8,rule,sqliv3_csv,order_by
"SELECT Orders.breadrID, Employees.mountain, Employees.compass FROM OrdersRIGHT JOIN Employees ON Orders.EmployeeID = Employees.societyID ORDER BY Orders.vaporID",lateral,unknown,case_variation,0.8,rule,sqliv3_csv,order_by
"SELECT Employees.solution, COUNT ( Orders.braveID ) AS fromFROM ( OrdersINNER JOIN limited ON Orders.hisID = Employees.boundID )",lateral,unknown,case_variation,0.8,rule,sqliv3_csv,unknown
"SELECT recently,running,light,house,birth ( ( onto JOIN nodded ON animal.held = arrive.whom ) INNER JOIN olderON Orders.allow = pair.awayID )",lateral,unknown,case_variation,0.8,rule,sqliv3_csv,unknown
"SELECT wrong,arrangement,danger FROM chest LEFT JOIN Orders ON once.mysteriousID = manufacturing.expression ORDER BY top.lake",lateral,unknown,case_variation,0.8,rule,sqliv3_csv,order_by
"SELECT Orders.dayrID, Employees.support, Employees.away FROM OrdersRIGHT JOIN Employees ON Orders.EmployeeID = Employees.instanceID ORDER BY Orders.decideID",lateral,unknown,case_variation,0.8,rule,sqliv3_csv,order_by
"SELECT Employees.flies, COUNT ( Orders.replaceID ) AS collectFROM ( OrdersINNER JOIN cowboy ON Orders.fuelID = Employees.flameID )",lateral,unknown,case_variation,0.8,rule,sqliv3_csv,unknown
"SELECT being,older,distance,nobody,building ( ( tin JOIN reach ON again.noise = lost.appropriate ) INNER JOIN aliveON Orders.buried = speech.grandfatherID )",lateral,unknown,case_variation,0.8,rule,sqliv3_csv,unknown
"SELECT quick,equator,child FROM press LEFT JOIN Orders ON increase.suggestID = master.village ORDER BY route.tent",lateral,unknown,case_variation,0.8,rule,sqliv3_csv,order_by
"SELECT Orders.unlessrID, Employees.shown, Employees.teach FROM OrdersRIGHT JOIN Employees ON Orders.EmployeeID = Employees.slightID ORDER BY Orders.tonightID",lateral,unknown,case_variation,0.8,rule,sqliv3_csv,order_by
"SELECT Employees.below, COUNT ( Orders.entirelyID ) AS fifteenFROM ( OrdersINNER JOIN foreign ON Orders.towardID = Employees.temperatureID )",lateral,unknown,case_variation,0.8,rule,sqliv3_csv,unknown
"SELECT pick,peace,available,seems,above ( ( wing JOIN younger ON wrapped.on = doubt.tobacco ) INNER JOIN influenceON Orders.sit = highway.inID )",lateral,unknown,case_variation,0.8,rule,sqliv3_csv,unknown
"SELECT except,he,extra FROM child LEFT JOIN Orders ON market.classID = palace.dead ORDER BY course.leader",lateral,unknown,case_variation,0.8,rule,sqliv3_csv,order_by
"SELECT Orders.thusrID, Employees.yet, Employees.table FROM OrdersRIGHT JOIN Employees ON Orders.EmployeeID = Employees.coverID ORDER BY Orders.deadID",lateral,unknown,case_variation,0.8,rule,sqliv3_csv,order_by
"SELECT Employees.canal, COUNT ( Orders.properID ) AS meetFROM ( OrdersINNER JOIN height ON Orders.factorID = Employees.freeID )",lateral,unknown,case_variation,0.8,rule,sqliv3_csv,unknown
"SELECT which,graph,size,our,opportunity ( ( birth JOIN stronger ON moon.indeed = fighting.opposite ) INNER JOIN crewON Orders.attack = pair.myselfID )",lateral,unknown,case_variation,0.8,rule,sqliv3_csv,unknown
"SELECT pleasant,excited,spend FROM arm LEFT JOIN Orders ON get.winID = rice.there ORDER BY community.work",lateral,unknown,case_variation,0.8,rule,sqliv3_csv,order_by
"SELECT Orders.rootrID, Employees.symbol, Employees.fewer FROM OrdersRIGHT JOIN Employees ON Orders.EmployeeID = Employees.contrastID ORDER BY Orders.shallID",lateral,unknown,case_variation,0.8,rule,sqliv3_csv,order_by
"SELECT Employees.wide, COUNT ( Orders.alreadyID ) AS spiteFROM ( OrdersINNER JOIN away ON Orders.wireID = Employees.contrastID )",lateral,unknown,case_variation,0.8,rule,sqliv3_csv,unknown
"SELECT railroad,well,stove,policeman,level ( ( source JOIN muscle ON eventually.citizen = library.sense ) INNER JOIN willingON Orders.danger = away.compositionID )",lateral,unknown,case_variation,0.8,rule,sqliv3_csv,unknown
"SELECT found,far,week FROM everyone LEFT JOIN Orders ON yes.makeID = central.sick ORDER BY produce.negative",lateral,unknown,case_variation,0.8,rule,sqliv3_csv,order_by
"SELECT Orders.activityrID, Employees.pony, Employees.castle FROM OrdersRIGHT JOIN Employees ON Orders.EmployeeID = Employees.underlineID ORDER BY Orders.breakfastID",lateral,unknown,case_variation,0.8,rule,sqliv3_csv,order_by
"SELECT Employees.machine, COUNT ( Orders.grewID ) AS parallelFROM ( OrdersINNER JOIN those ON Orders.showID = Employees.propertyID )",lateral,unknown,case_variation,0.8,rule,sqliv3_csv,unknown
"SELECT famous,involved,order,someone,shape ( ( war JOIN shoot ON enough.bigger = feed.bush ) INNER JOIN shoulderON Orders.park = someone.upID )",lateral,unknown,case_variation,0.8,rule,sqliv3_csv,unknown
"SELECT garage,worse,it FROM breath LEFT JOIN Orders ON needs.lotID = wagon.characteristic ORDER BY mouse.spent",lateral,unknown,case_variation,0.8,rule,sqliv3_csv,order_by
"SELECT Orders.experimentrID, Employees.why, Employees.biggest FROM OrdersRIGHT JOIN Employees ON Orders.EmployeeID = Employees.describeID ORDER BY Orders.instrumentID",lateral,unknown,case_variation,0.8,rule,sqliv3_csv,order_by
"SELECT Employees.fun, COUNT ( Orders.ruleID ) AS anyoneFROM ( OrdersINNER JOIN pot ON Orders.coolID = Employees.beautyID )",lateral,unknown,case_variation,0.8,rule,sqliv3_csv,unknown
"SELECT listen,income,neck,warn,quietly ( ( spirit JOIN girl ON jar.dress = burst.sound ) INNER JOIN stomachON Orders.solid = voyage.pastID )",lateral,unknown,case_variation,0.8,rule,sqliv3_csv,unknown
"SELECT ever,moon,husband FROM loss LEFT JOIN Orders ON special.porchID = cave.bite ORDER BY remain.they",lateral,unknown,case_variation,0.8,rule,sqliv3_csv,order_by
"SELECT Orders.tentrID, Employees.wish, Employees.possibly FROM OrdersRIGHT JOIN Employees ON Orders.EmployeeID = Employees.seasonID ORDER BY Orders.declaredID",lateral,unknown,case_variation,0.8,rule,sqliv3_csv,order_by
"SELECT Employees.exchange, COUNT ( Orders.whoID ) AS storyFROM ( OrdersINNER JOIN time ON Orders.zebraID = Employees.endID )",lateral,unknown,case_variation,0.8,rule,sqliv3_csv,unknown
"SELECT represent,center,square,might,tube ( ( diameter JOIN sheet ON result.another = cold.shelf ) INNER JOIN politicalON Orders.stock = written.seeID )",lateral,unknown,case_variation,0.8,rule,sqliv3_csv,unknown
"SELECT will,suit,green FROM damage LEFT JOIN Orders ON rod.pineID = outer.ask ORDER BY pipe.brought",lateral,unknown,case_variation,0.8,rule,sqliv3_csv,order_by
"SELECT Orders.brotherrID, Employees.past, Employees.support FROM OrdersRIGHT JOIN Employees ON Orders.EmployeeID = Employees.fenceID ORDER BY Orders.mailID",lateral,unknown,case_variation,0.8,rule,sqliv3_csv,order_by
"SELECT Employees.visitor, COUNT ( Orders.purposeID ) AS shallowFROM ( OrdersINNER JOIN hung ON Orders.policemanID = Employees.recentID )",lateral,unknown,case_variation,0.8,rule,sqliv3_csv,unknown
"SELECT back,sharp,anything,include,pick ( ( hill JOIN please ON fresh.during = transportation.fresh ) INNER JOIN sceneON Orders.upon = wall.goneID )",lateral,unknown,case_variation,0.8,rule,sqliv3_csv,unknown
"SELECT simple,metal,save FROM card LEFT JOIN Orders ON radio.suddenID = sold.beside ORDER BY class.upper",lateral,unknown,case_variation,0.8,rule,sqliv3_csv,order_by
"SELECT Orders.futurerID, Employees.height, Employees.blow FROM OrdersRIGHT JOIN Employees ON Orders.EmployeeID = Employees.tryID ORDER BY Orders.olderID",lateral,unknown,case_variation,0.8,rule,sqliv3_csv,order_by
"SELECT Employees.lot, COUNT ( Orders.industryID ) AS talesFROM ( OrdersINNER JOIN must ON Orders.equipmentID = Employees.stiffID )",lateral,unknown,case_variation,0.8,rule,sqliv3_csv,unknown
"SELECT breakfast,golden,spider,ship,magnet ( ( clothes JOIN mind ON may.while = neighbor.writing ) INNER JOIN bareON Orders.definition = phrase.principalID )",lateral,unknown,case_variation,0.8,rule,sqliv3_csv,unknown
"SELECT typical,look,shells FROM below LEFT JOIN Orders ON border.moodID = accurate.although ORDER BY studying.purpose",lateral,unknown,case_variation,0.8,rule,sqliv3_csv,order_by
"SELECT Orders.taughtrID, Employees.damage, Employees.yet FROM OrdersRIGHT JOIN Employees ON Orders.EmployeeID = Employees.fliesID ORDER BY Orders.roughID",lateral,unknown,case_variation,0.8,rule,sqliv3_csv,order_by
"SELECT Employees.number, COUNT ( Orders.dailyID ) AS incomeFROM ( OrdersINNER JOIN purple ON Orders.dependID = Employees.passageID )",lateral,unknown,case_variation,0.8,rule,sqliv3_csv,unknown
"SELECT clock,bare,fruit,mile,tree ( ( bottom JOIN hurried ON planning.state = society.chair ) INNER JOIN weON Orders.bar = child.sheepID )",lateral,unknown,case_variation,0.8,rule,sqliv3_csv,unknown
"SELECT coat,fought,cost FROM avoid LEFT JOIN Orders ON men.marriedID = exchange.were ORDER BY finest.recognize",lateral,unknown,case_variation,0.8,rule,sqliv3_csv,order_by
"SELECT Orders.collectrID, Employees.current, Employees.kind FROM OrdersRIGHT JOIN Employees ON Orders.EmployeeID = Employees.settingID ORDER BY Orders.fourID",lateral,unknown,case_variation,0.8,rule,sqliv3_csv,order_by
"SELECT Employees.warm, COUNT ( Orders.twoID ) AS diagramFROM ( OrdersINNER JOIN shadow ON Orders.pondID = Employees.norID )",lateral,unknown,case_variation,0.8,rule,sqliv3_csv,unknown
"SELECT zulu,nose,rising,move,leader ( ( courage JOIN did ON desk.shown = glad.wheat ) INNER JOIN somethingON Orders.shall = central.developID )",lateral,unknown,case_variation,0.8,rule,sqliv3_csv,unknown
"SELECT until,tube,blow FROM stopped LEFT JOIN Orders ON engine.silenceID = everything.change ORDER BY metal.universe",lateral,unknown,case_variation,0.8,rule,sqliv3_csv,order_by
"SELECT Orders.whisperedrID, Employees.dark, Employees.definition FROM OrdersRIGHT JOIN Employees ON Orders.EmployeeID = Employees.fortyID ORDER BY Orders.moonID",lateral,unknown,case_variation,0.8,rule,sqliv3_csv,order_by
"SELECT Employees.create, COUNT ( Orders.homeID ) AS captainFROM ( OrdersINNER JOIN tool ON Orders.simplestID = Employees.dailyID )",lateral,unknown,case_variation,0.8,rule,sqliv3_csv,unknown
"SELECT powder,new,best,such,live ( ( wrapped JOIN being ON only.tiny = copy.noise ) INNER JOIN shownON Orders.perfectly = satisfied.streetID )",lateral,unknown,case_variation,0.8,rule,sqliv3_csv,unknown
"SELECT gray,vessels,eventually FROM effect LEFT JOIN Orders ON create.duckID = itself.instead ORDER BY tales.degree",lateral,unknown,case_variation,0.8,rule,sqliv3_csv,order_by
"SELECT Orders.knownrID, Employees.whale, Employees.instead FROM OrdersRIGHT JOIN Employees ON Orders.EmployeeID = Employees.settlersID ORDER BY Orders.houseID",lateral,unknown,case_variation,0.8,rule,sqliv3_csv,order_by
"SELECT Employees.brass, COUNT ( Orders.importantID ) AS powderFROM ( OrdersINNER JOIN lonely ON Orders.wayID = Employees.definitionID )",lateral,unknown,case_variation,0.8,rule,sqliv3_csv,unknown
"SELECT evening,disappear,planet,pony,plain ( ( ability JOIN teeth ON beauty.stopped = high.duty ) INNER JOIN volumeON Orders.bite = meant.watchID )",lateral,unknown,case_variation,0.8,rule,sqliv3_csv,unknown
"SELECT fifth,split,stream FROM member LEFT JOIN Orders ON together.additionalID = sad.small ORDER BY copy.gray",lateral,unknown,case_variation,0.8,rule,sqliv3_csv,order_by
"SELECT Orders.layersrID, Employees.when, Employees.struggle FROM OrdersRIGHT JOIN Employees ON Orders.EmployeeID = Employees.whenID ORDER BY Orders.woolID",lateral,unknown,case_variation,0.8,rule,sqliv3_csv,order_by
"SELECT Employees.can, COUNT ( Orders.shakingID ) AS waitFROM ( OrdersINNER JOIN dull ON Orders.tiredID = Employees.saddleID )",lateral,unknown,case_variation,0.8,rule,sqliv3_csv,unknown
"SELECT low,bound,develop,kill,older ( ( string JOIN beyond ON youth.speed = studying.bend ) INNER JOIN masterON Orders.feel = greatly.trackID )",lateral,unknown,case_variation,0.8,rule,sqliv3_csv,unknown
"SELECT faster,cross,eventually FROM enter LEFT JOIN Orders ON accurate.plateID = job.found ORDER BY baby.period",lateral,unknown,case_variation,0.8,rule,sqliv3_csv,order_by
"SELECT Orders.mirrorrID, Employees.storm, Employees.still FROM OrdersRIGHT JOIN Employees ON Orders.EmployeeID = Employees.landID ORDER BY Orders.certainlyID",lateral,unknown,case_variation,0.8,rule,sqliv3_csv,order_by
"SELECT Employees.ready, COUNT ( Orders.abilityID ) AS usualFROM ( OrdersINNER JOIN lady ON Orders.wholeID = Employees.everythingID )",lateral,unknown,case_variation,0.8,rule,sqliv3_csv,unknown
"SELECT truck,straw,political,worse,involved ( ( stuck JOIN fed ON practical.relationship = air.section ) INNER JOIN mirrorON Orders.city = movement.bentID )",lateral,unknown,case_variation,0.8,rule,sqliv3_csv,unknown
"SELECT brass,value,frighten FROM process LEFT JOIN Orders ON rule.joinID = send.model ORDER BY underline.dinner",lateral,unknown,case_variation,0.8,rule,sqliv3_csv,order_by
"SELECT Orders.richrID, Employees.breeze, Employees.slipped FROM OrdersRIGHT JOIN Employees ON Orders.EmployeeID = Employees.spellID ORDER BY Orders.planeID",lateral,unknown,case_variation,0.8,rule,sqliv3_csv,order_by
"SELECT Employees.safe, COUNT ( Orders.keptID ) AS quietFROM ( OrdersINNER JOIN model ON Orders.landID = Employees.babyID )",lateral,unknown,case_variation,0.8,rule,sqliv3_csv,unknown
"SELECT please,black,apart,leader,conversation ( ( wonder JOIN beginning ON angle.zebra = cattle.chicken ) INNER JOIN objectON Orders.office = natural.haveID )",lateral,unknown,case_variation,0.8,rule,sqliv3_csv,unknown
"SELECT definition,off,opportunity FROM beneath LEFT JOIN Orders ON cold.appleID = surface.attempt ORDER BY evening.trap",lateral,unknown,case_variation,0.8,rule,sqliv3_csv,order_by
"SELECT Orders.memoryrID, Employees.slightly, Employees.rain FROM OrdersRIGHT JOIN Employees ON Orders.EmployeeID = Employees.westernID ORDER BY Orders.medicineID",lateral,unknown,case_variation,0.8,rule,sqliv3_csv,order_by
"SELECT Employees.white, COUNT ( Orders.beforeID ) AS lakeFROM ( OrdersINNER JOIN herd ON Orders.whistleID = Employees.climbID )",lateral,unknown,case_variation,0.8,rule,sqliv3_csv,unknown
"SELECT box,driving,represent,noise,doctor ( ( deer JOIN lead ON neck.dust = scared.teeth ) INNER JOIN petON Orders.central = likely.continentID )",lateral,unknown,case_variation,0.8,rule,sqliv3_csv,unknown
"SELECT battle,expect,none FROM stranger LEFT JOIN Orders ON substance.roarID = time.special ORDER BY dead.mainly",lateral,unknown,case_variation,0.8,rule,sqliv3_csv,order_by
"SELECT Orders.proverID, Employees.although, Employees.thin FROM OrdersRIGHT JOIN Employees ON Orders.EmployeeID = Employees.equipmentID ORDER BY Orders.keyID",lateral,unknown,case_variation,0.8,rule,sqliv3_csv,order_by
"SELECT Employees.buried, COUNT ( Orders.sleptID ) AS eagerFROM ( OrdersINNER JOIN wild ON Orders.angryID = Employees.southernID )",lateral,unknown,case_variation,0.8,rule,sqliv3_csv,unknown
"SELECT activity,rod,mile,least,truck ( ( swing JOIN count ON laugh.yes = say.good ) INNER JOIN shopON Orders.fur = shine.pupilID )",lateral,unknown,case_variation,0.8,rule,sqliv3_csv,unknown
"SELECT flew,instead,vapor FROM independent LEFT JOIN Orders ON earn.thoughID = plate.built ORDER BY rocky.surface",lateral,unknown,case_variation,0.8,rule,sqliv3_csv,order_by
"SELECT Orders.obtainrID, Employees.curious, Employees.nodded FROM OrdersRIGHT JOIN Employees ON Orders.EmployeeID = Employees.dieID ORDER BY Orders.sickID",lateral,unknown,case_variation,0.8,rule,sqliv3_csv,order_by
"SELECT Employees.tomorrow, COUNT ( Orders.silenceID ) AS heardFROM ( OrdersINNER JOIN store ON Orders.islandID = Employees.elseID )",lateral,unknown,case_variation,0.8,rule,sqliv3_csv,unknown
"SELECT important,bottom,activity,length,team ( ( from JOIN eleven ON exist.active = rate.should ) INNER JOIN protectionON Orders.badly = than.awareID )",lateral,unknown,case_variation,0.8,rule,sqliv3_csv,unknown
"SELECT sand,baseball,rock FROM tears LEFT JOIN Orders ON book.environmentID = any.got ORDER BY shelf.aloud",lateral,unknown,case_variation,0.8,rule,sqliv3_csv,order_by
"SELECT Orders.fireplacerID, Employees.captain, Employees.seed FROM OrdersRIGHT JOIN Employees ON Orders.EmployeeID = Employees.forID ORDER BY Orders.slowID",lateral,unknown,case_variation,0.8,rule,sqliv3_csv,order_by
"SELECT Employees.one, COUNT ( Orders.wolfID ) AS signFROM ( OrdersINNER JOIN tent ON Orders.exampleID = Employees.lastID )",lateral,unknown,case_variation,0.8,rule,sqliv3_csv,unknown
"SELECT shine,further,well,decide,older ( ( curious JOIN dried ON definition.product = during.mice ) INNER JOIN motherON Orders.east = slabs.jarID )",lateral,unknown,case_variation,0.8,rule,sqliv3_csv,unknown
"SELECT expect,thou,great FROM winter LEFT JOIN Orders ON forget.blockID = gold.paid ORDER BY television.across",lateral,unknown,case_variation,0.8,rule,sqliv3_csv,order_by
"SELECT Orders.containrID, Employees.offer, Employees.work FROM OrdersRIGHT JOIN Employees ON Orders.EmployeeID = Employees.viewID ORDER BY Orders.bushID",lateral,unknown,case_variation,0.8,rule,sqliv3_csv,order_by
"SELECT Employees.level, COUNT ( Orders.additionID ) AS circusFROM ( OrdersINNER JOIN service ON Orders.southID = Employees.stairsID )",lateral,unknown,case_variation,0.8,rule,sqliv3_csv,unknown
"SELECT trap,chosen,eventually,journey,job ( ( build JOIN grandmother ON satisfied.salt = studied.eventually ) INNER JOIN perfectON Orders.coast = whom.gentleID )",lateral,unknown,case_variation,0.8,rule,sqliv3_csv,unknown
"SELECT massage,built,enemy FROM order LEFT JOIN Orders ON immediately.religiousID = paragraph.although ORDER BY bee.desert",lateral,unknown,case_variation,0.8,rule,sqliv3_csv,order_by
"SELECT Orders.enjoyrID, Employees.organization, Employees.she FROM OrdersRIGHT JOIN Employees ON Orders.EmployeeID = Employees.singleID ORDER BY Orders.awareID",lateral,unknown,case_variation,0.8,rule,sqliv3_csv,order_by
"SELECT Employees.column, COUNT ( Orders.stickID ) AS seeFROM ( OrdersINNER JOIN leader ON Orders.winID = Employees.silenceID )",lateral,unknown,case_variation,0.8,rule,sqliv3_csv,unknown
"SELECT pond,minerals,vowel,became,blew ( ( usual JOIN note ON important.dollar = around.problem ) INNER JOIN shareON Orders.point = however.motherID )",lateral,unknown,case_variation,0.8,rule,sqliv3_csv,unknown
"SELECT joy,hunter,plastic FROM mission LEFT JOIN Orders ON child.finallyID = corner.empty ORDER BY library.after",lateral,unknown,case_variation,0.8,rule,sqliv3_csv,order_by
"SELECT Orders.probablyrID, Employees.place, Employees.there FROM OrdersRIGHT JOIN Employees ON Orders.EmployeeID = Employees.rodID ORDER BY Orders.physicalID",lateral,unknown,case_variation,0.8,rule,sqliv3_csv,order_by
"SELECT Employees.oxygen, COUNT ( Orders.rockyID ) AS hollowFROM ( OrdersINNER JOIN express ON Orders.wearID = Employees.darkID )",lateral,unknown,case_variation,0.8,rule,sqliv3_csv,unknown
"SELECT laid,primitive,pass,education,above ( ( select JOIN cross ON roll.indicate = notice.region ) INNER JOIN typicalON Orders.pound = aid.filmID )",lateral,unknown,case_variation,0.8,rule,sqliv3_csv,unknown
"SELECT touch,distant,gun FROM into LEFT JOIN Orders ON hardly.termID = apart.view ORDER BY forward.discussion",lateral,unknown,case_variation,0.8,rule,sqliv3_csv,order_by
"SELECT Orders.expectrID, Employees.about, Employees.zipper FROM OrdersRIGHT JOIN Employees ON Orders.EmployeeID = Employees.determineID ORDER BY Orders.unitID",lateral,unknown,case_variation,0.8,rule,sqliv3_csv,order_by
"SELECT Employees.sugar, COUNT ( Orders.secretID ) AS situationFROM ( OrdersINNER JOIN thrown ON Orders.morningID = Employees.butID )",lateral,unknown,case_variation,0.8,rule,sqliv3_csv,unknown
"SELECT land,flower,shop,alike,list ( ( stone JOIN gold ON column.solution = heading.football ) INNER JOIN eastON Orders.has = shirt.probablyID )",lateral,unknown,case_variation,0.8,rule,sqliv3_csv,unknown
"SELECT four,stronger,yourself FROM quick LEFT JOIN Orders ON almost.shortID = stems.once ORDER BY bend.tide",lateral,unknown,case_variation,0.8,rule,sqliv3_csv,order_by
"SELECT Orders.automobilerID, Employees.pure, Employees.just FROM OrdersRIGHT JOIN Employees ON Orders.EmployeeID = Employees.fastID ORDER BY Orders.richID",lateral,unknown,case_variation,0.8,rule,sqliv3_csv,order_by
"SELECT Employees.house, COUNT ( Orders.picturedID ) AS nationalFROM ( OrdersINNER JOIN series ON Orders.deeplyID = Employees.positionID )",lateral,unknown,case_variation,0.8,rule,sqliv3_csv,unknown
"SELECT here,increase,be,ahead,silly ( ( without JOIN physical ON camp.never = fog.kept ) INNER JOIN tentON Orders.gray = union.cageID )",lateral,unknown,case_variation,0.8,rule,sqliv3_csv,unknown
"SELECT skin,brass,smaller FROM dug LEFT JOIN Orders ON coast.neverID = adjective.stronger ORDER BY chicken.two",lateral,unknown,case_variation,0.8,rule,sqliv3_csv,order_by
"SELECT Orders.hairrID, Employees.ranch, Employees.teacher FROM OrdersRIGHT JOIN Employees ON Orders.EmployeeID = Employees.askID ORDER BY Orders.knifeID",lateral,unknown,case_variation,0.8,rule,sqliv3_csv,order_by
"SELECT Employees.prize, COUNT ( Orders.tightID ) AS refusedFROM ( OrdersINNER JOIN young ON Orders.wrappedID = Employees.recentlyID )",lateral,unknown,case_variation,0.8,rule,sqliv3_csv,unknown
"SELECT cold,white,alone,frozen,new ( ( room JOIN science ON today.somehow = dark.specific ) INNER JOIN bushON Orders.wire = church.whistleID )",lateral,unknown,case_variation,0.8,rule,sqliv3_csv,unknown
"SELECT equal,southern,trouble FROM hurry LEFT JOIN Orders ON fell.floorID = headed.dust ORDER BY rope.heat",lateral,unknown,case_variation,0.8,rule,sqliv3_csv,order_by
"SELECT Orders.tobaccorID, Employees.single, Employees.die FROM OrdersRIGHT JOIN Employees ON Orders.EmployeeID = Employees.whoseID ORDER BY Orders.bottleID",lateral,unknown,case_variation,0.8,rule,sqliv3_csv,order_by
"SELECT Employees.plates, COUNT ( Orders.burstID ) AS patternFROM ( OrdersINNER JOIN safe ON Orders.youID = Employees.callID )",lateral,unknown,case_variation,0.8,rule,sqliv3_csv,unknown
"SELECT automobile,balance,younger,substance,blank ( ( material JOIN leader ON president.clock = strike.captured ) INNER JOIN olderON Orders.horn = meal.graphID )",lateral,unknown,case_variation,0.8,rule,sqliv3_csv,unknown
"SELECT verb,blind,loss FROM hit LEFT JOIN Orders ON shore.careID = string.water ORDER BY first.strike",lateral,unknown,case_variation,0.8,rule,sqliv3_csv,order_by
"SELECT Orders.platesrID, Employees.sister, Employees.round FROM OrdersRIGHT JOIN Employees ON Orders.EmployeeID = Employees.inID ORDER BY Orders.aliveID",lateral,unknown,case_variation,0.8,rule,sqliv3_csv,order_by
"SELECT Employees.continent, COUNT ( Orders.parentID ) AS settingFROM ( OrdersINNER JOIN more ON Orders.shadeID = Employees.wheatID )",lateral,unknown,case_variation,0.8,rule,sqliv3_csv,unknown
"SELECT grain,summer,nearer,brother,sweet ( ( iron JOIN middle ON slow.occur = repeat.truck ) INNER JOIN brushON Orders.free = aside.costID )",lateral,unknown,case_variation,0.8,rule,sqliv3_csv,unknown
"SELECT beautiful,dig,silent FROM breathing LEFT JOIN Orders ON edge.lionID = clothes.sad ORDER BY pole.zebra",lateral,unknown,case_variation,0.8,rule,sqliv3_csv,order_by
"SELECT Orders.boyrID, Employees.knowledge, Employees.visit FROM OrdersRIGHT JOIN Employees ON Orders.EmployeeID = Employees.signalID ORDER BY Orders.barkID",lateral,unknown,case_variation,0.8,rule,sqliv3_csv,order_by
"SELECT Employees.deer, COUNT ( Orders.villageID ) AS peaceFROM ( OrdersINNER JOIN hello ON Orders.dinnerID = Employees.sickID )",lateral,unknown,case_variation,0.8,rule,sqliv3_csv,unknown
"SELECT sort,end,gradually,pilot,consider ( ( train JOIN drop ON phrase.nice = smooth.belong ) INNER JOIN dangerousON Orders.curious = circle.systemID )",lateral,unknown,case_variation,0.8,rule,sqliv3_csv,unknown
"SELECT tried,accurate,stared FROM fellow LEFT JOIN Orders ON lose.happenID = broke.list ORDER BY tribe.husband",lateral,unknown,case_variation,0.8,rule,sqliv3_csv,order_by
"SELECT Orders.nailsrID, Employees.automobile, Employees.activity FROM OrdersRIGHT JOIN Employees ON Orders.EmployeeID = Employees.callID ORDER BY Orders.indeedID",lateral,unknown,case_variation,0.8,rule,sqliv3_csv,order_by
"SELECT Employees.connected, COUNT ( Orders.grownID ) AS flowerFROM ( OrdersINNER JOIN middle ON Orders.cityID = Employees.remarkableID )",lateral,unknown,case_variation,0.8,rule,sqliv3_csv,unknown
"SELECT underline,in,whispered,eight,brave ( ( command JOIN rise ON jar.bank = strong.heavy ) INNER JOIN oceanON Orders.crew = frighten.chanceID )",lateral,unknown,case_variation,0.8,rule,sqliv3_csv,unknown
"SELECT cat,pour,bark FROM father LEFT JOIN Orders ON changing.becauseID = fast.steep ORDER BY child.label",lateral,unknown,case_variation,0.8,rule,sqliv3_csv,order_by
"SELECT Orders.gamerID, Employees.offer, Employees.fast FROM OrdersRIGHT JOIN Employees ON Orders.EmployeeID = Employees.tookID ORDER BY Orders.definitionID",lateral,unknown,case_variation,0.8,rule,sqliv3_csv,order_by
"SELECT Employees.in, COUNT ( Orders.shoutID ) AS paidFROM ( OrdersINNER JOIN never ON Orders.putID = Employees.trailID )",lateral,unknown,case_variation,0.8,rule,sqliv3_csv,unknown
"SELECT range,nuts,individual,hospital,present ( ( continent JOIN move ON beat.grass = weak.hungry ) INNER JOIN accidentON Orders.current = chest.trafficID )",lateral,unknown,case_variation,0.8,rule,sqliv3_csv,unknown
"SELECT slipped,hurt,along FROM path LEFT JOIN Orders ON represent.saveID = each.per ORDER BY nature.frozen",lateral,unknown,case_variation,0.8,rule,sqliv3_csv,order_by
"SELECT Orders.showrID, Employees.flew, Employees.something FROM OrdersRIGHT JOIN Employees ON Orders.EmployeeID = Employees.officeID ORDER BY Orders.thoseID",lateral,unknown,case_variation,0.8,rule,sqliv3_csv,order_by
"SELECT Employees.furniture, COUNT ( Orders.otherID ) AS wellFROM ( OrdersINNER JOIN judge ON Orders.spokenID = Employees.scienceID )",lateral,unknown,case_variation,0.8,rule,sqliv3_csv,unknown
"SELECT behavior,title,dress,officer,before ( ( mouth JOIN master ON statement.up = do.ought ) INNER JOIN equalON Orders.nothing = continent.bellID )",lateral,unknown,case_variation,0.8,rule,sqliv3_csv,unknown
"SELECT skill,bar,goes FROM seen LEFT JOIN Orders ON balloon.builtID = shade.married ORDER BY scientist.half",lateral,unknown,case_variation,0.8,rule,sqliv3_csv,order_by
"SELECT Orders.fallenrID, Employees.ranch, Employees.worry FROM OrdersRIGHT JOIN Employees ON Orders.EmployeeID = Employees.heldID ORDER BY Orders.biteID",lateral,unknown,case_variation,0.8,rule,sqliv3_csv,order_by
"SELECT Employees.gentle, COUNT ( Orders.likelyID ) AS roughFROM ( OrdersINNER JOIN powder ON Orders.cityID = Employees.starID )",lateral,unknown,case_variation,0.8,rule,sqliv3_csv,unknown
"SELECT sent,join,enjoy,putting,vast ( ( average JOIN extra ON visit.good = dust.higher ) INNER JOIN shownON Orders.till = example.steadyID )",lateral,unknown,case_variation,0.8,rule,sqliv3_csv,unknown
"SELECT they,right,matter FROM therefore LEFT JOIN Orders ON positive.deadID = shape.standard ORDER BY naturally.or",lateral,unknown,case_variation,0.8,rule,sqliv3_csv,order_by
"SELECT Orders.canalrID, Employees.pitch, Employees.slightly FROM OrdersRIGHT JOIN Employees ON Orders.EmployeeID = Employees.elseID ORDER BY Orders.promisedID",lateral,unknown,case_variation,0.8,rule,sqliv3_csv,order_by
"SELECT Employees.familiar, COUNT ( Orders.grainID ) AS tapeFROM ( OrdersINNER JOIN introduced ON Orders.youthID = Employees.fingerID )",lateral,unknown,case_variation,0.8,rule,sqliv3_csv,unknown
"SELECT complete,sit,push,including,compare ( ( energy JOIN use ON row.not = door.southern ) INNER JOIN policemanON Orders.halfway = explain.pitchID )",lateral,unknown,case_variation,0.8,rule,sqliv3_csv,unknown
"SELECT shine,sharp,progress FROM slope LEFT JOIN Orders ON impossible.explanationID = shape.good ORDER BY join.bee",lateral,unknown,case_variation,0.8,rule,sqliv3_csv,order_by
"SELECT Orders.sortrID, Employees.left, Employees.hurry FROM OrdersRIGHT JOIN Employees ON Orders.EmployeeID = Employees.postID ORDER BY Orders.taughtID",lateral,unknown,case_variation,0.8,rule,sqliv3_csv,order_by
"SELECT Employees.shine, COUNT ( Orders.scaleID ) AS bringFROM ( OrdersINNER JOIN chair ON Orders.begunID = Employees.personID )",lateral,unknown,case_variation,0.8,rule,sqliv3_csv,unknown
"SELECT value,section,touch,aware,air ( ( wise JOIN fully ON box.exchange = careful.respect ) INNER JOIN noneON Orders.brick = paper.richID )",lateral,unknown,case_variation,0.8,rule,sqliv3_csv,unknown
"SELECT degree,forward,train FROM health LEFT JOIN Orders ON string.colorID = pole.difficult ORDER BY dog.farm",lateral,unknown,case_variation,0.8,rule,sqliv3_csv,order_by
"SELECT Orders.musicalrID, Employees.figure, Employees.between FROM OrdersRIGHT JOIN Employees ON Orders.EmployeeID = Employees.forgetID ORDER BY Orders.circusID",lateral,unknown,case_variation,0.8,rule,sqliv3_csv,order_by
"SELECT Employees.drawn, COUNT ( Orders.drivingID ) AS beenFROM ( OrdersINNER JOIN with ON Orders.brainID = Employees.communityID )",lateral,unknown,case_variation,0.8,rule,sqliv3_csv,unknown
"SELECT find,stick,maybe,never,fix ( ( fat JOIN program ON now.interest = community.shut ) INNER JOIN planningON Orders.gone = cookies.riseID )",lateral,unknown,case_variation,0.8,rule,sqliv3_csv,unknown
"SELECT careful,tail,weight FROM wrote LEFT JOIN Orders ON eager.dogID = past.fine ORDER BY recent.tea",lateral,unknown,case_variation,0.8,rule,sqliv3_csv,order_by
"SELECT Orders.roserID, Employees.bad, Employees.hot FROM OrdersRIGHT JOIN Employees ON Orders.EmployeeID = Employees.troubleID ORDER BY Orders.necessaryID",lateral,unknown,case_variation,0.8,rule,sqliv3_csv,order_by
"SELECT Employees.report, COUNT ( Orders.withinID ) AS thingFROM ( OrdersINNER JOIN cookies ON Orders.hunterID = Employees.shownID )",lateral,unknown,case_variation,0.8,rule,sqliv3_csv,unknown
"SELECT speed,exchange,gave,shown,above ( ( orbit JOIN thought ON food.caught = fought.does ) INNER JOIN mountainON Orders.somewhere = under.betweenID )",lateral,unknown,case_variation,0.8,rule,sqliv3_csv,unknown
"SELECT information,characteristic,ask FROM door LEFT JOIN Orders ON screen.liftID = car.angry ORDER BY buried.got",lateral,unknown,case_variation,0.8,rule,sqliv3_csv,order_by
"SELECT Orders.streamrID, Employees.run, Employees.wear FROM OrdersRIGHT JOIN Employees ON Orders.EmployeeID = Employees.catID ORDER BY Orders.unusualID",lateral,unknown,case_variation,0.8,rule,sqliv3_csv,order_by
"SELECT Employees.dirt, COUNT ( Orders.folksID ) AS rangeFROM ( OrdersINNER JOIN sunlight ON Orders.quicklyID = Employees.universeID )",lateral,unknown,case_variation,0.8,rule,sqliv3_csv,unknown
"SELECT you,dance,welcome,leg,children ( ( ball JOIN ahead ON account.birth = driving.visit ) INNER JOIN disappearON Orders.sick = eight.purposeID )",lateral,unknown,case_variation,0.8,rule,sqliv3_csv,unknown
"SELECT correctly,relationship,bus FROM throat LEFT JOIN Orders ON skill.chapterID = minerals.cast ORDER BY police.women",lateral,unknown,case_variation,0.8,rule,sqliv3_csv,order_by
"SELECT Orders.machineryrID, Employees.clock, Employees.merely FROM OrdersRIGHT JOIN Employees ON Orders.EmployeeID = Employees.taxID ORDER BY Orders.badlyID",lateral,unknown,case_variation,0.8,rule,sqliv3_csv,order_by
"SELECT Employees.knowledge, COUNT ( Orders.lifeID ) AS potatoesFROM ( OrdersINNER JOIN carbon ON Orders.crowdID = Employees.sweetID )",lateral,unknown,case_variation,0.8,rule,sqliv3_csv,unknown
"SELECT even,winter,various,team,two ( ( needle JOIN wet ON example.carry = would.worker ) INNER JOIN nearbyON Orders.feel = clay.magicID )",lateral,unknown,case_variation,0.8,rule,sqliv3_csv,unknown
"SELECT theory,minerals,attempt FROM leg LEFT JOIN Orders ON write.itselfID = country.stone ORDER BY together.seeing",lateral,unknown,case_variation,0.8,rule,sqliv3_csv,order_by
"SELECT Orders.quicklyrID, Employees.about, Employees.deal FROM OrdersRIGHT JOIN Employees ON Orders.EmployeeID = Employees.stoppedID ORDER BY Orders.divideID",lateral,unknown,case_variation,0.8,rule,sqliv3_csv,order_by
"SELECT Employees.was, COUNT ( Orders.streetID ) AS schoolFROM ( OrdersINNER JOIN jar ON Orders.cookiesID = Employees.helloID )",lateral,unknown,case_variation,0.8,rule,sqliv3_csv,unknown
"SELECT locate,suit,material,nearer,fall ( ( or JOIN halfway ON signal.image = am.write ) INNER JOIN favoriteON Orders.is = these.thinkID )",lateral,unknown,case_variation,0.8,rule,sqliv3_csv,unknown
"SELECT nuts,though,worry FROM aside LEFT JOIN Orders ON quick.careID = sometime.write ORDER BY crack.card",lateral,unknown,case_variation,0.8,rule,sqliv3_csv,order_by
"SELECT Orders.zerorID, Employees.as, Employees.fireplace FROM OrdersRIGHT JOIN Employees ON Orders.EmployeeID = Employees.solidID ORDER BY Orders.structureID",lateral,unknown,case_variation,0.8,rule,sqliv3_csv,order_by
"SELECT Employees.minute, COUNT ( Orders.statementID ) AS telephoneFROM ( OrdersINNER JOIN wash ON Orders.hitID = Employees.comeID )",lateral,unknown,case_variation,0.8,rule,sqliv3_csv,unknown
"SELECT value,main,trip,one,road ( ( beside JOIN baby ON wore.free = lost.spread ) INNER JOIN broughtON Orders.indicate = page.soundID )",lateral,unknown,case_variation,0.8,rule,sqliv3_csv,unknown
"SELECT trail,land,tent FROM low LEFT JOIN Orders ON library.nationalID = lot.eventually ORDER BY fine.red",lateral,unknown,case_variation,0.8,rule,sqliv3_csv,order_by
"SELECT Orders.beautyrID, Employees.yellow, Employees.parts FROM OrdersRIGHT JOIN Employees ON Orders.EmployeeID = Employees.tinID ORDER BY Orders.richID",lateral,unknown,case_variation,0.8,rule,sqliv3_csv,order_by
"SELECT Employees.birthday, COUNT ( Orders.forceID ) AS clubFROM ( OrdersINNER JOIN smell ON Orders.blackID = Employees.boundID )",lateral,unknown,case_variation,0.8,rule,sqliv3_csv,unknown
"SELECT chapter,anything,which,airplane,main ( ( orbit JOIN ran ON sister.purple = first.friendly ) INNER JOIN heldON Orders.so = process.anyID )",lateral,unknown,case_variation,0.8,rule,sqliv3_csv,unknown
"SELECT blind,walk,exciting FROM fastened LEFT JOIN Orders ON heard.sawID = day.period ORDER BY studied.solid",lateral,unknown,case_variation,0.8,rule,sqliv3_csv,order_by
"SELECT Orders.anybodyrID, Employees.start, Employees.fill FROM OrdersRIGHT JOIN Employees ON Orders.EmployeeID = Employees.shirtID ORDER BY Orders.jetID",lateral,unknown,case_variation,0.8,rule,sqliv3_csv,order_by
"SELECT Employees.type, COUNT ( Orders.locationID ) AS comeFROM ( OrdersINNER JOIN running ON Orders.talesID = Employees.herdID )",lateral,unknown,case_variation,0.8,rule,sqliv3_csv,unknown
"SELECT ride,protection,beauty,horn,native ( ( finger JOIN bad ON play.review = paper.hit ) INNER JOIN spokenON Orders.income = instant.appliedID )",lateral,unknown,case_variation,0.8,rule,sqliv3_csv,unknown
"SELECT library,making,fed FROM spoken LEFT JOIN Orders ON slope.begunID = lesson.transportation ORDER BY split.row",lateral,unknown,case_variation,0.8,rule,sqliv3_csv,order_by
"SELECT Orders.opportunityrID, Employees.oxygen, Employees.heard FROM OrdersRIGHT JOIN Employees ON Orders.EmployeeID = Employees.findID ORDER BY Orders.windowID",lateral,unknown,case_variation,0.8,rule,sqliv3_csv,order_by
"SELECT Employees.cat, COUNT ( Orders.doorID ) AS newspaperFROM ( OrdersINNER JOIN hand ON Orders.droveID = Employees.fartherID )",lateral,unknown,case_variation,0.8,rule,sqliv3_csv,unknown
"SELECT hurried,bet,copy,happy,field ( ( automobile JOIN duck ON stone.early = powder.record ) INNER JOIN cowON Orders.why = tent.strawID )",lateral,unknown,case_variation,0.8,rule,sqliv3_csv,unknown
"SELECT add,putting,frame FROM clean LEFT JOIN Orders ON recently.courseID = cage.thirty ORDER BY planet.though",lateral,unknown,case_variation,0.8,rule,sqliv3_csv,order_by
"SELECT Orders.finestrID, Employees.ride, Employees.partly FROM OrdersRIGHT JOIN Employees ON Orders.EmployeeID = Employees.partID ORDER BY Orders.keyID",lateral,unknown,case_variation,0.8,rule,sqliv3_csv,order_by
"SELECT Employees.frog, COUNT ( Orders.instantID ) AS catFROM ( OrdersINNER JOIN refused ON Orders.stillID = Employees.medicineID )",lateral,unknown,case_variation,0.8,rule,sqliv3_csv,unknown
"SELECT event,charge,parts,explore,accident ( ( carry JOIN location ON event.if = jet.coast ) INNER JOIN environmentON Orders.rice = lot.sawID )",lateral,unknown,case_variation,0.8,rule,sqliv3_csv,unknown
"SELECT art,announced,dug FROM verb LEFT JOIN Orders ON solve.compositionID = tax.general ORDER BY railroad.dangerous",lateral,unknown,case_variation,0.8,rule,sqliv3_csv,order_by
"SELECT Orders.keyrID, Employees.smile, Employees.managed FROM OrdersRIGHT JOIN Employees ON Orders.EmployeeID = Employees.bridgeID ORDER BY Orders.airplaneID",lateral,unknown,case_variation,0.8,rule,sqliv3_csv,order_by
"SELECT Employees.pound, COUNT ( Orders.carryID ) AS produceFROM ( OrdersINNER JOIN whatever ON Orders.hurtID = Employees.asID )",lateral,unknown,case_variation,0.8,rule,sqliv3_csv,unknown
"SELECT gone,lunch,rush,repeat,cup ( ( colony JOIN spend ON quickly.sink = cup.relationship ) INNER JOIN properON Orders.instrument = hurt.speechID )",lateral,unknown,case_variation,0.8,rule,sqliv3_csv,unknown
"SELECT development,mountain,dirty FROM at LEFT JOIN Orders ON exchange.wonID = kill.cover ORDER BY between.clothing",lateral,unknown,case_variation,0.8,rule,sqliv3_csv,order_by
"SELECT Orders.ninerID, Employees.teach, Employees.canal FROM OrdersRIGHT JOIN Employees ON Orders.EmployeeID = Employees.straightID ORDER BY Orders.compoundID",lateral,unknown,case_variation,0.8,rule,sqliv3_csv,order_by
"SELECT Employees.toward, COUNT ( Orders.onID ) AS swimmingFROM ( OrdersINNER JOIN flow ON Orders.sisterID = Employees.courtID )",lateral,unknown,case_variation,0.8,rule,sqliv3_csv,unknown
"SELECT say,grade,wise,engine,post ( ( arrangement JOIN date ON bright.known = fish.writing ) INNER JOIN teamON Orders.even = tune.morningID )",lateral,unknown,case_variation,0.8,rule,sqliv3_csv,unknown
"SELECT wet,captured,say FROM settlers LEFT JOIN Orders ON letter.buyID = perfectly.nearer ORDER BY blind.rhythm",lateral,unknown,case_variation,0.8,rule,sqliv3_csv,order_by
"SELECT Orders.strugglerID, Employees.brief, Employees.favorite FROM OrdersRIGHT JOIN Employees ON Orders.EmployeeID = Employees.leafID ORDER BY Orders.grabbedID",lateral,unknown,case_variation,0.8,rule,sqliv3_csv,order_by
"SELECT Employees.trace, COUNT ( Orders.happyID ) AS loseFROM ( OrdersINNER JOIN control ON Orders.lookID = Employees.noddedID )",lateral,unknown,case_variation,0.8,rule,sqliv3_csv,unknown
"SELECT alone,saw,say,close,noise ( ( physical JOIN afternoon ON perfectly.lonely = shore.hope ) INNER JOIN castON Orders.leader = coal.serviceID )",lateral,unknown,case_variation,0.8,rule,sqliv3_csv,unknown
"SELECT oil,airplane,wool FROM term LEFT JOIN Orders ON shop.nutsID = in.whenever ORDER BY held.wish",lateral,unknown,case_variation,0.8,rule,sqliv3_csv,order_by
"SELECT Orders.instantrID, Employees.captain, Employees.though FROM OrdersRIGHT JOIN Employees ON Orders.EmployeeID = Employees.dotID ORDER BY Orders.anyID",lateral,unknown,case_variation,0.8,rule,sqliv3_csv,order_by
"SELECT Employees.eat, COUNT ( Orders.fairlyID ) AS interiorFROM ( OrdersINNER JOIN imagine ON Orders.fearID = Employees.thingID )",lateral,unknown,case_variation,0.8,rule,sqliv3_csv,unknown
"SELECT fence,discover,syllable,those,coast ( ( shoot JOIN strike ON exist.near = basis.market ) INNER JOIN rhymeON Orders.table = torn.roseID )",lateral,unknown,case_variation,0.8,rule,sqliv3_csv,unknown
"SELECT reach,pictured,model FROM shoot LEFT JOIN Orders ON wet.noonID = record.lift ORDER BY pick.safety",lateral,unknown,case_variation,0.8,rule,sqliv3_csv,order_by
"SELECT Orders.pigrID, Employees.shirt, Employees.already FROM OrdersRIGHT JOIN Employees ON Orders.EmployeeID = Employees.hornID ORDER BY Orders.goldID",lateral,unknown,case_variation,0.8,rule,sqliv3_csv,order_by
"SELECT Employees.adjective, COUNT ( Orders.oceanID ) AS guessFROM ( OrdersINNER JOIN join ON Orders.deathID = Employees.snowID )",lateral,unknown,case_variation,0.8,rule,sqliv3_csv,unknown
"SELECT suddenly,bring,distance,hello,addition ( ( which JOIN lungs ON carried.parent = shake.curious ) INNER JOIN hadON Orders.baseball = dirt.moodID )",lateral,unknown,case_variation,0.8,rule,sqliv3_csv,unknown
"SELECT magic,perfectly,its FROM discover LEFT JOIN Orders ON down.broadID = happened.consist ORDER BY occur.save",lateral,unknown,case_variation,0.8,rule,sqliv3_csv,order_by
"SELECT Orders.againrID, Employees.might, Employees.religious FROM OrdersRIGHT JOIN Employees ON Orders.EmployeeID = Employees.fightID ORDER BY Orders.structureID",lateral,unknown,case_variation,0.8,rule,sqliv3_csv,order_by
"SELECT Employees.individual, COUNT ( Orders.sourceID ) AS lionFROM ( OrdersINNER JOIN coal ON Orders.giantID = Employees.chiefID )",lateral,unknown,case_variation,0.8,rule,sqliv3_csv,unknown
"SELECT pack,ourselves,dirty,church,basket ( ( nice JOIN couple ON fur.made = blood.still ) INNER JOIN answerON Orders.slipped = nine.fearID )",lateral,unknown,case_variation,0.8,rule,sqliv3_csv,unknown
"SELECT ring,amount,interior FROM sleep LEFT JOIN Orders ON size.caughtID = sharp.damage ORDER BY damage.shape",lateral,unknown,case_variation,0.8,rule,sqliv3_csv,order_by
"SELECT Orders.fullrID, Employees.angle, Employees.crack FROM OrdersRIGHT JOIN Employees ON Orders.EmployeeID = Employees.uncleID ORDER BY Orders.cookID",lateral,unknown,case_variation,0.8,rule,sqliv3_csv,order_by
"SELECT Employees.vowel, COUNT ( Orders.batID ) AS engineFROM ( OrdersINNER JOIN beauty ON Orders.tillID = Employees.pitchID )",lateral,unknown,case_variation,0.8,rule,sqliv3_csv,unknown
"SELECT grabbed,ten,clay,almost,one ( ( cake JOIN cattle ON steep.worried = not.seeing ) INNER JOIN stormON Orders.did = film.wrappedID )",lateral,unknown,case_variation,0.8,rule,sqliv3_csv,unknown
"SELECT belong,alone,anybody FROM same LEFT JOIN Orders ON successful.progressID = return.weak ORDER BY tales.college",lateral,unknown,case_variation,0.8,rule,sqliv3_csv,order_by
"SELECT Orders.shadowrID, Employees.becoming, Employees.please FROM OrdersRIGHT JOIN Employees ON Orders.EmployeeID = Employees.seeID ORDER BY Orders.nestID",lateral,unknown,case_variation,0.8,rule,sqliv3_csv,order_by
"SELECT Employees.final, COUNT ( Orders.earlyID ) AS carFROM ( OrdersINNER JOIN which ON Orders.supportID = Employees.soilID )",lateral,unknown,case_variation,0.8,rule,sqliv3_csv,unknown
