payload_norm,sqli_type,db_engine,confidence,reasoning,verdict,critique_reasons,suggested_type,suggested_db,id,a_type,a_db,a_signals,c_type,c_db,c_signals,payload_inner
SELECT * FROM large 3 SELECT * FROM stone,benign,mysql,0.9,not_sql_injection,RELABEL,reasoning too short (17 chars),benign,mysql,34200,boolean_blind,generic,generic SQL keywords without specific signal,boolean_blind,generic,generic SQL structure without strong signal,SELECT * FROM large 3 SELECT * FROM stone
SELECT * FROM triangle FETCH FIRST 3 ROWS ONLY SELECT TOP 50 PERCENT * FROM anybody,benign,mysql,0.9,not_sql_injection,RELABEL,reasoning too short (17 chars),benign,mysql,34201,boolean_blind,generic,generic SQL keywords without specific signal,boolean_blind,generic,generic SQL structure without strong signal,SELECT * FROM triangle FETCH FIRST 3 ROWS ONLY SELECT TOP 50 PERCENT * FROM anybody
SELECT TOP 50 PERCENT * FROM deal SELECT * FROM himself FETCH FIRST 50 PERCENT ROWS ONLYSELECT TOP 3 * FROM feed,benign,mysql,0.9,not_sql_injection,RELABEL,reasoning too short (17 chars),benign,mysql,34202,boolean_blind,generic,generic SQL keywords without specific signal,boolean_blind,generic,generic SQL structure without strong signal,SELECT TOP 50 PERCENT * FROM deal SELECT * FROM himself FETCH FIRST 50 PERCENT ROWS ONLYSELECT TOP 3 * FROM feed
SELECT * FROM serve FETCH FIRST 50 PERCENT ROWS ONLYSELECT TOP 3 * FROM honor,benign,mysql,0.9,not_sql_injection,RELABEL,reasoning too short (17 chars),benign,mysql,34203,boolean_blind,generic,generic SQL keywords without specific signal,boolean_blind,generic,generic SQL structure without strong signal,SELECT * FROM serve FETCH FIRST 50 PERCENT ROWS ONLYSELECT TOP 3 * FROM honor
SELECT TOP 3 * FROM teacher WHERE soap = 'tail' SELECT * FROM facing,benign,mysql,0.9,not_sql_injection,RELABEL,reasoning too short (17 chars),benign,mysql,34204,boolean_blind,generic,generic SQL keywords without specific signal,boolean_blind,generic,generic SQL structure without strong signal,SELECT TOP 3 * FROM teacher WHERE soap = 'tail' SELECT * FROM facing
SELECT * FROM passage WHERE closely = 'special' LIMIT 3,benign,mysql,0.9,not_sql_injection,RELABEL,reasoning too short (17 chars),benign,mysql,34205,boolean_blind,generic,generic SQL keywords without specific signal,boolean_blind,generic,generic SQL structure without strong signal,SELECT * FROM passage WHERE closely = 'special' LIMIT 3
SELECT * FROM highest WHERE loose = 'still' FETCH FIRST 3 ROWS ONLY,benign,mysql,0.9,not_sql_injection,RELABEL,reasoning too short (17 chars),benign,mysql,34206,boolean_blind,generic,generic SQL keywords without specific signal,boolean_blind,generic,generic SQL structure without strong signal,SELECT * FROM highest WHERE loose = 'still' FETCH FIRST 3 ROWS ONLY
SELECT AVG ( hardly ) FROM by,benign,mysql,0.9,not_sql_injection,RELABEL,reasoning too short (17 chars),benign,mysql,34207,boolean_blind,generic,generic SQL keywords without specific signal,boolean_blind,generic,generic SQL structure without strong signal,SELECT AVG ( hardly ) FROM by
SELECT * FROM medicine WHERE government NOT LIKE '[feed]%',benign,mysql,0.9,not_sql_injection,RELABEL,reasoning too short (17 chars),benign,mysql,34208,boolean_blind,generic,generic SQL keywords without specific signal,boolean_blind,generic,generic SQL structure without strong signal,SELECT * FROM medicine WHERE government NOT LIKE '[feed]%'
SELECT AVG ( raw ) FROM to SELECT SUM ( small ),benign,mysql,0.9,not_sql_injection,RELABEL,reasoning too short (17 chars),benign,mysql,34209,boolean_blind,generic,generic SQL keywords without specific signal,boolean_blind,generic,generic SQL structure without strong signal,SELECT AVG ( raw ) FROM to SELECT SUM ( small )
SELECT AVG ( our ) FROM wise SELECT SUM ( outer ),benign,mysql,0.9,not_sql_injection,RELABEL,reasoning too short (17 chars),benign,mysql,34210,boolean_blind,generic,generic SQL keywords without specific signal,boolean_blind,generic,generic SQL structure without strong signal,SELECT AVG ( our ) FROM wise SELECT SUM ( outer )
SELECT AVG ( east ) FROM smell SELECT SUM ( string ),benign,mysql,0.9,not_sql_injection,RELABEL,reasoning too short (17 chars),benign,mysql,34211,boolean_blind,generic,generic SQL keywords without specific signal,boolean_blind,generic,generic SQL structure without strong signal,SELECT AVG ( east ) FROM smell SELECT SUM ( string )
SELECT COUNT ( nobody ) FROM coffee,benign,mysql,0.9,not_sql_injection,RELABEL,reasoning too short (17 chars),benign,mysql,34212,boolean_blind,generic,generic SQL keywords without specific signal,boolean_blind,generic,generic SQL structure without strong signal,SELECT COUNT ( nobody ) FROM coffee
SELECT COUNT ( tent ) FROM practical,benign,mysql,0.9,not_sql_injection,RELABEL,reasoning too short (17 chars),benign,mysql,34213,boolean_blind,generic,generic SQL keywords without specific signal,boolean_blind,generic,generic SQL structure without strong signal,SELECT COUNT ( tent ) FROM practical
SELECT AVG ( cool ) FROM sick,benign,mysql,0.9,not_sql_injection,RELABEL,reasoning too short (17 chars),benign,mysql,34214,boolean_blind,generic,generic SQL keywords without specific signal,boolean_blind,generic,generic SQL structure without strong signal,SELECT AVG ( cool ) FROM sick
SELECT * FROM bow WHERE practical NOT LIKE 'usually%',benign,mysql,0.9,not_sql_injection,RELABEL,reasoning too short (17 chars),benign,mysql,34215,boolean_blind,generic,generic SQL keywords without specific signal,boolean_blind,generic,generic SQL structure without strong signal,SELECT * FROM bow WHERE practical NOT LIKE 'usually%'
SELECT * FROM floating WHERE headed LIKE '%missing%',benign,mysql,0.9,not_sql_injection,RELABEL,reasoning too short (17 chars),benign,mysql,34216,boolean_blind,generic,generic SQL keywords without specific signal,boolean_blind,generic,generic SQL structure without strong signal,SELECT * FROM floating WHERE headed LIKE '%missing%'
SELECT * FROM manner WHERE belt NOT LIKE '[written]%',benign,mysql,0.9,not_sql_injection,RELABEL,reasoning too short (17 chars),benign,mysql,34217,boolean_blind,generic,generic SQL keywords without specific signal,boolean_blind,generic,generic SQL structure without strong signal,SELECT * FROM manner WHERE belt NOT LIKE '[written]%'
"SELECT * FROM given WHERE good IN ( 'halfway', 'enemy', 'driven' )",benign,mysql,0.9,not_sql_injection,RELABEL,reasoning too short (17 chars),benign,mysql,34218,boolean_blind,generic,generic SQL keywords without specific signal,boolean_blind,generic,generic SQL structure without strong signal,"SELECT * FROM given WHERE good IN ( 'halfway', 'enemy', 'driven' )"
"SELECT * FROM married WHERE enter NOT IN ( 'monkey', 'graph', 'feed' )",benign,mysql,0.9,not_sql_injection,RELABEL,reasoning too short (17 chars),benign,mysql,34219,boolean_blind,generic,generic SQL keywords without specific signal,boolean_blind,generic,generic SQL structure without strong signal,"SELECT * FROM married WHERE enter NOT IN ( 'monkey', 'graph', 'feed' )"
SELECT * FROM began WHERE every IN ( SELECT choice FROM standard ),benign,mysql,0.9,not_sql_injection,RELABEL,reasoning too short (17 chars),benign,mysql,34220,boolean_blind,generic,generic SQL keywords without specific signal,boolean_blind,generic,generic SQL structure without strong signal,SELECT * FROM began WHERE every IN ( SELECT choice FROM standard )
SELECT * FROM soldier WHERE tide BETWEEN 10 AND 20,benign,mysql,0.9,not_sql_injection,RELABEL,reasoning too short (17 chars),benign,mysql,34221,boolean_blind,generic,generic SQL keywords without specific signal,boolean_blind,generic,generic SQL structure without strong signal,SELECT * FROM soldier WHERE tide BETWEEN 10 AND 20
SELECT * FROM pack WHERE Price NOT BETWEEN 10 AND 20,benign,mysql,0.9,not_sql_injection,RELABEL,reasoning too short (17 chars),benign,mysql,34222,boolean_blind,generic,generic SQL keywords without specific signal,boolean_blind,generic,generic SQL structure without strong signal,SELECT * FROM pack WHERE Price NOT BETWEEN 10 AND 20
SELECT * FROM vowel WHERE test BETWEEN 'additional' AND 'won',benign,mysql,0.9,not_sql_injection,RELABEL,reasoning too short (17 chars),benign,mysql,34223,boolean_blind,generic,generic SQL keywords without specific signal,boolean_blind,generic,generic SQL structure without strong signal,SELECT * FROM vowel WHERE test BETWEEN 'additional' AND 'won'
"SELECT * FROM ask WHERE proud BETWEEN ""how"" AND ""circle""",benign,mysql,0.9,not_sql_injection,RELABEL,reasoning too short (17 chars),benign,mysql,34224,boolean_blind,generic,generic SQL keywords without specific signal,boolean_blind,generic,generic SQL structure without strong signal,"SELECT * FROM ask WHERE proud BETWEEN ""how"" AND ""circle"""
SELECT * FROM globe WHERE hide NOT BETWEEN 'appearance' AND 'common',benign,mysql,0.9,not_sql_injection,RELABEL,reasoning too short (17 chars),benign,mysql,34225,boolean_blind,generic,generic SQL keywords without specific signal,boolean_blind,generic,generic SQL structure without strong signal,SELECT * FROM globe WHERE hide NOT BETWEEN 'appearance' AND 'common'
SELECT * FROM west WHERE studied BETWEEN luck09/01/1996nodded AND little15/31/1996front,benign,mysql,0.9,not_sql_injection,RELABEL,reasoning too short (17 chars),benign,mysql,34226,boolean_blind,generic,generic SQL keywords without specific signal,boolean_blind,generic,generic SQL structure without strong signal,SELECT * FROM west WHERE studied BETWEEN luck09/01/1996nodded AND little15/31/1996front
SELECT * FROM blanket WHERE remember BETWEEN '1996-07-01' AND '1996-07-31',benign,mysql,0.9,not_sql_injection,RELABEL,reasoning too short (17 chars),benign,mysql,34227,boolean_blind,generic,generic SQL keywords without specific signal,boolean_blind,generic,generic SQL structure without strong signal,SELECT * FROM blanket WHERE remember BETWEEN '1996-07-01' AND '1996-07-31'
SELECT AVG ( mixture ) FROM experience SELECT SUM ( nuts ),benign,mysql,0.9,not_sql_injection,RELABEL,reasoning too short (17 chars),benign,mysql,34228,boolean_blind,generic,generic SQL keywords without specific signal,boolean_blind,generic,generic SQL structure without strong signal,SELECT AVG ( mixture ) FROM experience SELECT SUM ( nuts )
SELECT COUNT ( pony ) FROM easier,benign,mysql,0.9,not_sql_injection,RELABEL,reasoning too short (17 chars),benign,mysql,34229,boolean_blind,generic,generic SQL keywords without specific signal,boolean_blind,generic,generic SQL structure without strong signal,SELECT COUNT ( pony ) FROM easier
SELECT COUNT ( humanID ) FROM fed,benign,mysql,0.9,not_sql_injection,RELABEL,reasoning too short (17 chars),benign,mysql,34230,boolean_blind,generic,generic SQL keywords without specific signal,boolean_blind,generic,generic SQL structure without strong signal,SELECT COUNT ( humanID ) FROM fed
SELECT AVG ( Price ) FROM method,benign,mysql,0.9,not_sql_injection,RELABEL,reasoning too short (17 chars),benign,mysql,34231,boolean_blind,generic,generic SQL keywords without specific signal,boolean_blind,generic,generic SQL structure without strong signal,SELECT AVG ( Price ) FROM method
SELECT * FROM team WHERE tax BETWEEN '1996-07-01' AND '1996-07-31',benign,mysql,0.9,not_sql_injection,RELABEL,reasoning too short (17 chars),benign,mysql,34232,boolean_blind,generic,generic SQL keywords without specific signal,boolean_blind,generic,generic SQL structure without strong signal,SELECT * FROM team WHERE tax BETWEEN '1996-07-01' AND '1996-07-31'
"SELECT gentlyID AS ID, tea AS hill FROM answer",benign,mysql,0.9,not_sql_injection,RELABEL,reasoning too short (17 chars),benign,mysql,34233,boolean_blind,generic,generic SQL keywords without specific signal,boolean_blind,generic,generic SQL structure without strong signal,"SELECT gentlyID AS ID, tea AS hill FROM answer"
"SELECT factID AS ID, manufacturing AS weak FROM round",benign,mysql,0.9,not_sql_injection,RELABEL,reasoning too short (17 chars),benign,mysql,34234,boolean_blind,generic,generic SQL keywords without specific signal,boolean_blind,generic,generic SQL structure without strong signal,"SELECT factID AS ID, manufacturing AS weak FROM round"
"SELECT kill AS football, supply AS [drove] FROM saved",benign,mysql,0.9,not_sql_injection,RELABEL,reasoning too short (17 chars),benign,mysql,34235,boolean_blind,generic,generic SQL keywords without specific signal,boolean_blind,generic,generic SQL structure without strong signal,"SELECT kill AS football, supply AS [drove] FROM saved"
"SELECT establish, instead+ ', ' + general+ ' ' + ants+ ', ' + slipped AS stood FROM person",benign,mysql,0.9,not_sql_injection,RELABEL,reasoning too short (17 chars),benign,mysql,34236,boolean_blind,generic,generic SQL keywords without specific signal,boolean_blind,generic,generic SQL structure without strong signal,"SELECT establish, instead+ ', ' + general+ ' ' + ants+ ', ' + slipped AS stood FROM person"
SELECT box ( s ) FROM poor INNER JOIN,benign,mysql,0.9,not_sql_injection,RELABEL,reasoning too short (17 chars),benign,mysql,34237,boolean_blind,generic,generic SQL keywords without specific signal,boolean_blind,generic,generic SQL structure without strong signal,SELECT box ( s ) FROM poor INNER JOIN
"SELECT morning,sets,basket,iron,hang ( ( wagon JOIN forest ON congress.after = little.characteristic ) INNER JOIN slowON Orders.ourselves = brief.holdID )",benign,mysql,0.9,not_sql_injection,RELABEL,reasoning too short (17 chars),benign,mysql,34238,boolean_blind,generic,generic SQL keywords without specific signal,boolean_blind,generic,generic SQL structure without strong signal,"SELECT morning,sets,basket,iron,hang ( ( wagon JOIN forest ON congress.after = little.characteristic ) INNER JOIN slowON Orders.ourselves = brief.holdID )"
SELECT particularly ( s ) FROM expect LEFT JOIN,benign,mysql,0.9,not_sql_injection,RELABEL,reasoning too short (17 chars),benign,mysql,34239,boolean_blind,generic,generic SQL keywords without specific signal,boolean_blind,generic,generic SQL structure without strong signal,SELECT particularly ( s ) FROM expect LEFT JOIN
"SELECT women,mass,conversation FROM blind LEFT JOIN Orders ON reason.lunchID = instant.corn ORDER BY out.thus",benign,mysql,0.9,not_sql_injection,RELABEL,reasoning too short (17 chars),benign,mysql,34240,boolean_blind,generic,generic SQL keywords without specific signal,boolean_blind,generic,generic SQL structure without strong signal,"SELECT women,mass,conversation FROM blind LEFT JOIN Orders ON reason.lunchID = instant.corn ORDER BY out.thus"
SELECT end ( s FROM stream RIGHT JOIN,benign,mysql,0.9,not_sql_injection,RELABEL,reasoning too short (17 chars),benign,mysql,34241,boolean_blind,generic,generic SQL keywords without specific signal,boolean_blind,generic,generic SQL structure without strong signal,SELECT end ( s FROM stream RIGHT JOIN
"SELECT Orders.clearrID, Employees.dull, Employees.corn FROM OrdersRIGHT JOIN Employees ON Orders.EmployeeID = Employees.locateID ORDER BY Orders.jumpID",benign,mysql,0.9,not_sql_injection,RELABEL,reasoning too short (17 chars),benign,mysql,34242,boolean_blind,generic,generic SQL keywords without specific signal,boolean_blind,generic,generic SQL structure without strong signal,"SELECT Orders.clearrID, Employees.dull, Employees.corn FROM OrdersRIGHT JOIN Employees ON Orders.EmployeeID = Employees.locateID ORDER BY Orders.jumpID"
SELECT lost ( s ) FROM obtain FULL OUTER JOIN,benign,mysql,0.9,not_sql_injection,RELABEL,reasoning too short (17 chars),benign,mysql,34243,boolean_blind,generic,generic SQL keywords without specific signal,boolean_blind,generic,generic SQL structure without strong signal,SELECT lost ( s ) FROM obtain FULL OUTER JOIN
"SELECT column_name ( s ) FROM give,two",benign,mysql,0.9,not_sql_injection,RELABEL,reasoning too short (17 chars),benign,mysql,34244,boolean_blind,generic,generic SQL keywords without specific signal,boolean_blind,generic,generic SQL structure without strong signal,"SELECT column_name ( s ) FROM give,two"
SELECT valuable ( s ) FROM package UNION,benign,mysql,0.9,not_sql_injection,RELABEL,reasoning too short (17 chars); benign payload contains 'union' (likely false negative),boolean_blind,generic,34245,boolean_blind,generic,generic SQL keywords without specific signal,boolean_blind,generic,generic SQL structure without strong signal,SELECT valuable ( s ) FROM package UNION
SELECT lay ( s ) FROM shine SELECT victory ( s ),benign,mysql,0.9,not_sql_injection,RELABEL,reasoning too short (17 chars),benign,mysql,34246,boolean_blind,generic,generic SQL keywords without specific signal,boolean_blind,generic,generic SQL structure without strong signal,SELECT lay ( s ) FROM shine SELECT victory ( s )
SELECT coffee ( s ) FROM neighborhood UNION ALL,benign,mysql,0.9,not_sql_injection,RELABEL,reasoning too short (17 chars); benign payload contains 'union' (likely false negative),boolean_blind,generic,34247,boolean_blind,generic,generic SQL keywords without specific signal,boolean_blind,generic,generic SQL structure without strong signal,SELECT coffee ( s ) FROM neighborhood UNION ALL
SELECT effort ( s ) FROM congress SELECT doll FROM say,benign,mysql,0.9,not_sql_injection,RELABEL,reasoning too short (17 chars),benign,mysql,34248,boolean_blind,generic,generic SQL keywords without specific signal,boolean_blind,generic,generic SQL structure without strong signal,SELECT effort ( s ) FROM congress SELECT doll FROM say
SELECT thumb FROM captured UNION SELECT shoot FROM red ORDER BY current,benign,mysql,0.9,not_sql_injection,RELABEL,reasoning too short (17 chars); benign payload contains 'union' (likely false negative),union_based,generic,34249,union_based,generic,Pattern match: 'union select' → union_based (P7); DB signature: generic,union_based,generic,UNION SELECT structure,SELECT thumb FROM captured UNION SELECT shoot FROM red ORDER BY current
SELECT shadow FROM ring UNION ALL SELECT shells FROM foreign ORDER BY night,benign,mysql,0.9,not_sql_injection,RELABEL,reasoning too short (17 chars); benign payload contains 'union' (likely false negative),union_based,generic,34250,union_based,generic,Pattern match: 'union all select' → union_based (P7); DB signature: generic,union_based,generic,UNION SELECT structure,SELECT shadow FROM ring UNION ALL SELECT shells FROM foreign ORDER BY night
"SELECT ourselves,lack FROM lose WHERE history = 'asleep' UNION SELECT bill, stood FROM terrible",benign,mysql,0.9,not_sql_injection,RELABEL,reasoning too short (17 chars); benign payload contains 'union' (likely false negative),union_based,generic,34251,union_based,generic,Pattern match: 'union select' → union_based (P7); DB signature: generic,union_based,generic,UNION SELECT structure,"SELECT ourselves,lack FROM lose WHERE history = 'asleep' UNION SELECT bill, stood FROM terrible"
"SELECT COUNT ( spring ) , use FROM hour BY wonder",benign,mysql,0.9,not_sql_injection,RELABEL,reasoning too short (17 chars),benign,mysql,34252,boolean_blind,generic,generic SQL keywords without specific signal,boolean_blind,generic,generic SQL structure without strong signal,"SELECT COUNT ( spring ) , use FROM hour BY wonder"
"SELECT Employees.tape, COUNT ( Orders.vegetableID ) AS weekFROM ( OrdersINNER JOIN volume ON Orders.effectID = Employees.numberID )",benign,mysql,0.9,not_sql_injection,RELABEL,reasoning too short (17 chars),benign,mysql,34253,boolean_blind,generic,generic SQL keywords without specific signal,boolean_blind,generic,generic SQL structure without strong signal,"SELECT Employees.tape, COUNT ( Orders.vegetableID ) AS weekFROM ( OrdersINNER JOIN volume ON Orders.effectID = Employees.numberID )"
SELECT * FROM market FETCH FIRST 50 PERCENT ROWS ONLY,benign,mysql,0.9,not_sql_injection,RELABEL,reasoning too short (17 chars),benign,mysql,34254,boolean_blind,generic,generic SQL keywords without specific signal,boolean_blind,generic,generic SQL structure without strong signal,SELECT * FROM market FETCH FIRST 50 PERCENT ROWS ONLY
SELECT just,benign,mysql,0.9,not_sql_injection,RELABEL,reasoning too short (17 chars),benign,mysql,34255,boolean_blind,generic,generic SQL keywords without specific signal,boolean_blind,generic,generic SQL structure without strong signal,SELECT just
SELECT * FROM beautiful,benign,mysql,0.9,not_sql_injection,RELABEL,reasoning too short (17 chars),benign,mysql,34256,boolean_blind,generic,generic SQL keywords without specific signal,boolean_blind,generic,generic SQL structure without strong signal,SELECT * FROM beautiful
SELECT smile FROM river,benign,mysql,0.9,not_sql_injection,RELABEL,reasoning too short (17 chars),benign,mysql,34257,boolean_blind,generic,generic SQL keywords without specific signal,boolean_blind,generic,generic SQL structure without strong signal,SELECT smile FROM river
SELECT DISTINCT sat FROM properly,benign,mysql,0.9,not_sql_injection,RELABEL,reasoning too short (17 chars),benign,mysql,34258,boolean_blind,generic,generic SQL keywords without specific signal,boolean_blind,generic,generic SQL structure without strong signal,SELECT DISTINCT sat FROM properly
SELECT COUNT ( DISTINCT waste ) FROM got,benign,mysql,0.9,not_sql_injection,RELABEL,reasoning too short (17 chars),benign,mysql,34259,boolean_blind,generic,generic SQL keywords without specific signal,boolean_blind,generic,generic SQL structure without strong signal,SELECT COUNT ( DISTINCT waste ) FROM got
SELECT Count ( * ) AS whether,benign,mysql,0.9,not_sql_injection,RELABEL,reasoning too short (17 chars),benign,mysql,34260,boolean_blind,generic,generic SQL keywords without specific signal,boolean_blind,generic,generic SQL structure without strong signal,SELECT Count ( * ) AS whether
FROM ( SELECT DISTINCT scared FROM respect ),benign,mysql,0.9,not_sql_injection,RELABEL,reasoning too short (17 chars),benign,mysql,34261,boolean_blind,generic,generic SQL keywords without specific signal,boolean_blind,generic,generic SQL structure without strong signal,FROM ( SELECT DISTINCT scared FROM respect )
SELECT * FROM break,benign,mysql,0.9,not_sql_injection,RELABEL,reasoning too short (17 chars),benign,mysql,34262,boolean_blind,generic,generic SQL keywords without specific signal,boolean_blind,generic,generic SQL structure without strong signal,SELECT * FROM break
SELECT * FROM safe WHERE increase = 'engine',benign,mysql,0.9,not_sql_injection,RELABEL,reasoning too short (17 chars),benign,mysql,34263,boolean_blind,generic,generic SQL keywords without specific signal,boolean_blind,generic,generic SQL structure without strong signal,SELECT * FROM safe WHERE increase = 'engine'
SELECT * FROM brain WHERE guard = 'political',benign,mysql,0.9,not_sql_injection,RELABEL,reasoning too short (17 chars),benign,mysql,34264,boolean_blind,generic,generic SQL keywords without specific signal,boolean_blind,generic,generic SQL structure without strong signal,SELECT * FROM brain WHERE guard = 'political'
SELECT * FROM cast WHERE test = mood,benign,mysql,0.9,not_sql_injection,RELABEL,reasoning too short (17 chars),benign,mysql,34265,boolean_blind,generic,generic SQL keywords without specific signal,boolean_blind,generic,generic SQL structure without strong signal,SELECT * FROM cast WHERE test = mood
SELECT * FROM town WHERE industrial = 'under' AND City = 'mill',benign,mysql,0.9,not_sql_injection,RELABEL,reasoning too short (17 chars),benign,mysql,34266,boolean_blind,generic,generic SQL keywords without specific signal,boolean_blind,generic,generic SQL structure without strong signal,SELECT * FROM town WHERE industrial = 'under' AND City = 'mill'
SELECT * FROM very WHERE yard = 'glass' OR couple = 'however',benign,mysql,0.9,not_sql_injection,RELABEL,reasoning too short (17 chars),benign,mysql,34267,boolean_blind,generic,generic SQL keywords without specific signal,boolean_blind,generic,generic SQL structure without strong signal,SELECT * FROM very WHERE yard = 'glass' OR couple = 'however'
SELECT * FROM capital WHERE kill = 'oxygen' OR airplane = 'known',benign,mysql,0.9,not_sql_injection,RELABEL,reasoning too short (17 chars),benign,mysql,34268,boolean_blind,generic,generic SQL keywords without specific signal,boolean_blind,generic,generic SQL structure without strong signal,SELECT * FROM capital WHERE kill = 'oxygen' OR airplane = 'known'
SELECT * FROM rocky WHERE NOT sense = 'escape',benign,mysql,0.9,not_sql_injection,RELABEL,reasoning too short (17 chars),benign,mysql,34269,boolean_blind,generic,generic SQL keywords without specific signal,boolean_blind,generic,generic SQL structure without strong signal,SELECT * FROM rocky WHERE NOT sense = 'escape'
SELECT * FROM circus WHERE salt = 'reach' AND ( beauty = 'mail' OR flower = 'slabs' ),benign,mysql,0.9,not_sql_injection,RELABEL,reasoning too short (17 chars),benign,mysql,34270,boolean_blind,generic,generic SQL keywords without specific signal,boolean_blind,generic,generic SQL structure without strong signal,SELECT * FROM circus WHERE salt = 'reach' AND ( beauty = 'mail' OR flower = 'slabs' )
SELECT * FROM entirely WHERE NOT bone = 'camp' AND NOT compound = 'circle',benign,mysql,0.9,not_sql_injection,RELABEL,reasoning too short (17 chars),benign,mysql,34271,boolean_blind,generic,generic SQL keywords without specific signal,boolean_blind,generic,generic SQL structure without strong signal,SELECT * FROM entirely WHERE NOT bone = 'camp' AND NOT compound = 'circle'
SELECT * FROM lonely ORDER BY poetry,benign,mysql,0.9,not_sql_injection,RELABEL,reasoning too short (17 chars),benign,mysql,34272,boolean_blind,generic,generic SQL keywords without specific signal,boolean_blind,generic,generic SQL structure without strong signal,SELECT * FROM lonely ORDER BY poetry
SELECT * FROM them ORDER BY anyway DESC,benign,mysql,0.9,not_sql_injection,RELABEL,reasoning too short (17 chars),benign,mysql,34273,boolean_blind,generic,generic SQL keywords without specific signal,boolean_blind,generic,generic SQL structure without strong signal,SELECT * FROM them ORDER BY anyway DESC
"SELECT * FROM unusual ORDER BY section, deep",benign,mysql,0.9,not_sql_injection,RELABEL,reasoning too short (17 chars),benign,mysql,34274,boolean_blind,generic,generic SQL keywords without specific signal,boolean_blind,generic,generic SQL structure without strong signal,"SELECT * FROM unusual ORDER BY section, deep"
"SELECT * FROM continent ORDER BY donkey ASC, eaten DESC",benign,mysql,0.9,not_sql_injection,RELABEL,reasoning too short (17 chars),benign,mysql,34275,boolean_blind,generic,generic SQL keywords without specific signal,boolean_blind,generic,generic SQL structure without strong signal,"SELECT * FROM continent ORDER BY donkey ASC, eaten DESC"
"INSERT INTO tall ( oxygen, coach, term, discussion, lake, fall ) VALUES ( 'married', 'comfortable'. surprise', 'summer', 'tune', 'suppose', 'skill' )",benign,mysql,0.9,not_sql_injection,RELABEL,reasoning too short (17 chars),benign,mysql,34276,boolean_blind,generic,generic SQL keywords without specific signal,boolean_blind,generic,generic SQL structure without strong signal,"INSERT INTO tall ( oxygen, coach, term, discussion, lake, fall ) VALUES ( 'married', 'comfortable'. surprise', 'summer', 'tune', 'suppose', 'skill' )"
"INSERT INTO individual ( triangle, yourself, officer ) VALUES ( 'mighty', 'curve', 'excited' )",benign,mysql,0.9,not_sql_injection,RELABEL,reasoning too short (17 chars),benign,mysql,34277,boolean_blind,generic,generic SQL keywords without specific signal,boolean_blind,generic,generic SQL structure without strong signal,"INSERT INTO individual ( triangle, yourself, officer ) VALUES ( 'mighty', 'curve', 'excited' )"
"SELECT memory, guard, hungry FROM feathers WHERE deer IS NULL",benign,mysql,0.9,not_sql_injection,RELABEL,reasoning too short (17 chars),benign,mysql,34278,boolean_blind,generic,generic SQL keywords without specific signal,boolean_blind,generic,generic SQL structure without strong signal,"SELECT memory, guard, hungry FROM feathers WHERE deer IS NULL"
"SELECT glad, saddle, grandmotherFROM various WHERE pet IS NOT NULL",benign,mysql,0.9,not_sql_injection,RELABEL,reasoning too short (17 chars),benign,mysql,34279,boolean_blind,generic,generic SQL keywords without specific signal,boolean_blind,generic,generic SQL structure without strong signal,"SELECT glad, saddle, grandmotherFROM various WHERE pet IS NOT NULL"
"UPDATE direct SET classroom = 'nature', City = 'base' WHERE graph = mysterious",benign,mysql,0.9,not_sql_injection,RELABEL,reasoning too short (17 chars),benign,mysql,34280,boolean_blind,generic,generic SQL keywords without specific signal,boolean_blind,generic,generic SQL structure without strong signal,"UPDATE direct SET classroom = 'nature', City = 'base' WHERE graph = mysterious"
UPDATE sit SET silly = 'high'WHERE wealth = 'collect',benign,mysql,0.9,not_sql_injection,RELABEL,reasoning too short (17 chars),benign,mysql,34281,boolean_blind,generic,generic SQL keywords without specific signal,boolean_blind,generic,generic SQL structure without strong signal,UPDATE sit SET silly = 'high'WHERE wealth = 'collect'
SELECT * FROM fastened,benign,mysql,0.9,not_sql_injection,RELABEL,reasoning too short (17 chars),benign,mysql,34282,boolean_blind,generic,generic SQL keywords without specific signal,boolean_blind,generic,generic SQL structure without strong signal,SELECT * FROM fastened
DELETE FROM everything WHERE when = 'eventually',benign,mysql,0.9,not_sql_injection,RELABEL,reasoning too short (17 chars),benign,mysql,34283,boolean_blind,generic,generic SQL keywords without specific signal,boolean_blind,generic,generic SQL structure without strong signal,DELETE FROM everything WHERE when = 'eventually'
DELETE FROM shut,benign,mysql,0.9,not_sql_injection,RELABEL,reasoning too short (17 chars),benign,mysql,34284,boolean_blind,generic,generic SQL keywords without specific signal,boolean_blind,generic,generic SQL structure without strong signal,DELETE FROM shut
SELECT needed ( s ) FROM sets,benign,mysql,0.9,not_sql_injection,RELABEL,reasoning too short (17 chars),benign,mysql,34285,boolean_blind,generic,generic SQL keywords without specific signal,boolean_blind,generic,generic SQL structure without strong signal,SELECT needed ( s ) FROM sets
SELECT * FROM ( SELECT funny FROM tiny ),benign,mysql,0.9,not_sql_injection,RELABEL,reasoning too short (17 chars),benign,mysql,34286,boolean_blind,generic,generic SQL keywords without specific signal,boolean_blind,generic,generic SQL structure without strong signal,SELECT * FROM ( SELECT funny FROM tiny )
SELECT TOP 3 * FROM ran,benign,mysql,0.9,not_sql_injection,RELABEL,reasoning too short (17 chars),benign,mysql,34287,boolean_blind,generic,generic SQL keywords without specific signal,boolean_blind,generic,generic SQL structure without strong signal,SELECT TOP 3 * FROM ran
SELECT * FROM boy 3,benign,mysql,0.9,not_sql_injection,RELABEL,reasoning too short (17 chars),benign,mysql,34288,boolean_blind,generic,generic SQL keywords without specific signal,boolean_blind,generic,generic SQL structure without strong signal,SELECT * FROM boy 3
SELECT * FROM some FETCH FIRST 3 ROWS ONLY,benign,mysql,0.9,not_sql_injection,RELABEL,reasoning too short (17 chars),benign,mysql,34289,boolean_blind,generic,generic SQL keywords without specific signal,boolean_blind,generic,generic SQL structure without strong signal,SELECT * FROM some FETCH FIRST 3 ROWS ONLY
SELECT TOP 50 PERCENT * FROM loose,benign,mysql,0.9,not_sql_injection,RELABEL,reasoning too short (17 chars),benign,mysql,34290,boolean_blind,generic,generic SQL keywords without specific signal,boolean_blind,generic,generic SQL structure without strong signal,SELECT TOP 50 PERCENT * FROM loose
SELECT * FROM actually FETCH FIRST 50 PERCENT ROWS ONLY,benign,mysql,0.9,not_sql_injection,RELABEL,reasoning too short (17 chars),benign,mysql,34291,boolean_blind,generic,generic SQL keywords without specific signal,boolean_blind,generic,generic SQL structure without strong signal,SELECT * FROM actually FETCH FIRST 50 PERCENT ROWS ONLY
SELECT TOP 3 * FROM finest WHERE bread = 'secret',benign,mysql,0.9,not_sql_injection,RELABEL,reasoning too short (17 chars),benign,mysql,34292,boolean_blind,generic,generic SQL keywords without specific signal,boolean_blind,generic,generic SQL structure without strong signal,SELECT TOP 3 * FROM finest WHERE bread = 'secret'
SELECT * FROM brother WHERE occasionally = 'visitor' LIMIT 3,benign,mysql,0.9,not_sql_injection,RELABEL,reasoning too short (17 chars),benign,mysql,34293,boolean_blind,generic,generic SQL keywords without specific signal,boolean_blind,generic,generic SQL structure without strong signal,SELECT * FROM brother WHERE occasionally = 'visitor' LIMIT 3
SELECT * FROM island WHERE usually = 'way' FETCH FIRST 3 ROWS ONLY,benign,mysql,0.9,not_sql_injection,RELABEL,reasoning too short (17 chars),benign,mysql,34294,boolean_blind,generic,generic SQL keywords without specific signal,boolean_blind,generic,generic SQL structure without strong signal,SELECT * FROM island WHERE usually = 'way' FETCH FIRST 3 ROWS ONLY
SELECT MIN ( service ) AS leaving FROM tales,benign,mysql,0.9,not_sql_injection,RELABEL,reasoning too short (17 chars),benign,mysql,34295,boolean_blind,generic,generic SQL keywords without specific signal,boolean_blind,generic,generic SQL structure without strong signal,SELECT MIN ( service ) AS leaving FROM tales
SELECT MIN ( harbor ) AS appropriate FROM ranch,benign,mysql,0.9,not_sql_injection,RELABEL,reasoning too short (17 chars),benign,mysql,34296,boolean_blind,generic,generic SQL keywords without specific signal,boolean_blind,generic,generic SQL structure without strong signal,SELECT MIN ( harbor ) AS appropriate FROM ranch
SELECT * FROM ( SELECT verb FROM occasionally ),benign,mysql,0.9,not_sql_injection,RELABEL,reasoning too short (17 chars),benign,mysql,34297,boolean_blind,generic,generic SQL keywords without specific signal,boolean_blind,generic,generic SQL structure without strong signal,SELECT * FROM ( SELECT verb FROM occasionally )
SELECT TOP 3 * FROM breeze SELECT * FROM attached 3SELECT * FROM additional,benign,mysql,0.9,not_sql_injection,RELABEL,reasoning too short (17 chars),benign,mysql,34298,boolean_blind,generic,generic SQL keywords without specific signal,boolean_blind,generic,generic SQL structure without strong signal,SELECT TOP 3 * FROM breeze SELECT * FROM attached 3SELECT * FROM additional
SELECT * FROM over 3 SELECT * FROM product,benign,mysql,0.9,not_sql_injection,RELABEL,reasoning too short (17 chars),benign,mysql,34299,boolean_blind,generic,generic SQL keywords without specific signal,boolean_blind,generic,generic SQL structure without strong signal,SELECT * FROM over 3 SELECT * FROM product
SELECT * FROM task FETCH FIRST 3 ROWS ONLY SELECT TOP 50 PERCENT * FROM house,benign,mysql,0.9,not_sql_injection,RELABEL,reasoning too short (17 chars),benign,mysql,34300,boolean_blind,generic,generic SQL keywords without specific signal,boolean_blind,generic,generic SQL structure without strong signal,SELECT * FROM task FETCH FIRST 3 ROWS ONLY SELECT TOP 50 PERCENT * FROM house
SELECT TOP 50 PERCENT * FROM town SELECT * FROM please FETCH FIRST 50 PERCENT ROWS ONLYSELECT TOP 3 * FROM now,benign,mysql,0.9,not_sql_injection,RELABEL,reasoning too short (17 chars),benign,mysql,34301,boolean_blind,generic,generic SQL keywords without specific signal,boolean_blind,generic,generic SQL structure without strong signal,SELECT TOP 50 PERCENT * FROM town SELECT * FROM please FETCH FIRST 50 PERCENT ROWS ONLYSELECT TOP 3 * FROM now
SELECT * FROM rocket FETCH FIRST 50 PERCENT ROWS ONLYSELECT TOP 3 * FROM ate,benign,mysql,0.9,not_sql_injection,RELABEL,reasoning too short (17 chars),benign,mysql,34302,boolean_blind,generic,generic SQL keywords without specific signal,boolean_blind,generic,generic SQL structure without strong signal,SELECT * FROM rocket FETCH FIRST 50 PERCENT ROWS ONLYSELECT TOP 3 * FROM ate
SELECT TOP 3 * FROM straight WHERE soon = 'shinning' SELECT * FROM leave,benign,mysql,0.9,not_sql_injection,RELABEL,reasoning too short (17 chars),benign,mysql,34303,boolean_blind,generic,generic SQL keywords without specific signal,boolean_blind,generic,generic SQL structure without strong signal,SELECT TOP 3 * FROM straight WHERE soon = 'shinning' SELECT * FROM leave
SELECT * FROM nation WHERE job = 'roll' LIMIT 3,benign,mysql,0.9,not_sql_injection,RELABEL,reasoning too short (17 chars),benign,mysql,34304,boolean_blind,generic,generic SQL keywords without specific signal,boolean_blind,generic,generic SQL structure without strong signal,SELECT * FROM nation WHERE job = 'roll' LIMIT 3
SELECT * FROM written WHERE partly = 'widely' FETCH FIRST 3 ROWS ONLY,benign,mysql,0.9,not_sql_injection,RELABEL,reasoning too short (17 chars),benign,mysql,34305,boolean_blind,generic,generic SQL keywords without specific signal,boolean_blind,generic,generic SQL structure without strong signal,SELECT * FROM written WHERE partly = 'widely' FETCH FIRST 3 ROWS ONLY
SELECT AVG ( car ) FROM breeze,benign,mysql,0.9,not_sql_injection,RELABEL,reasoning too short (17 chars),benign,mysql,34306,boolean_blind,generic,generic SQL keywords without specific signal,boolean_blind,generic,generic SQL structure without strong signal,SELECT AVG ( car ) FROM breeze
SELECT * FROM giant WHERE string NOT LIKE '[person]%',benign,mysql,0.9,not_sql_injection,RELABEL,reasoning too short (17 chars),benign,mysql,34307,boolean_blind,generic,generic SQL keywords without specific signal,boolean_blind,generic,generic SQL structure without strong signal,SELECT * FROM giant WHERE string NOT LIKE '[person]%'
SELECT AVG ( fifteen ) FROM sister SELECT SUM ( lack ),benign,mysql,0.9,not_sql_injection,RELABEL,reasoning too short (17 chars),benign,mysql,34308,boolean_blind,generic,generic SQL keywords without specific signal,boolean_blind,generic,generic SQL structure without strong signal,SELECT AVG ( fifteen ) FROM sister SELECT SUM ( lack )
SELECT AVG ( cause ) FROM weather SELECT SUM ( dig ),benign,mysql,0.9,not_sql_injection,RELABEL,reasoning too short (17 chars),benign,mysql,34309,boolean_blind,generic,generic SQL keywords without specific signal,boolean_blind,generic,generic SQL structure without strong signal,SELECT AVG ( cause ) FROM weather SELECT SUM ( dig )
SELECT AVG ( history ) FROM famous SELECT SUM ( figure ),benign,mysql,0.9,not_sql_injection,RELABEL,reasoning too short (17 chars),benign,mysql,34310,boolean_blind,generic,generic SQL keywords without specific signal,boolean_blind,generic,generic SQL structure without strong signal,SELECT AVG ( history ) FROM famous SELECT SUM ( figure )
SELECT COUNT ( grown ) FROM moment,benign,mysql,0.9,not_sql_injection,RELABEL,reasoning too short (17 chars),benign,mysql,34311,boolean_blind,generic,generic SQL keywords without specific signal,boolean_blind,generic,generic SQL structure without strong signal,SELECT COUNT ( grown ) FROM moment
SELECT COUNT ( fly ) FROM series,benign,mysql,0.9,not_sql_injection,RELABEL,reasoning too short (17 chars),benign,mysql,34312,boolean_blind,generic,generic SQL keywords without specific signal,boolean_blind,generic,generic SQL structure without strong signal,SELECT COUNT ( fly ) FROM series
SELECT AVG ( fresh ) FROM anywhere,benign,mysql,0.9,not_sql_injection,RELABEL,reasoning too short (17 chars),benign,mysql,34313,boolean_blind,generic,generic SQL keywords without specific signal,boolean_blind,generic,generic SQL structure without strong signal,SELECT AVG ( fresh ) FROM anywhere
SELECT * FROM business WHERE shelter NOT LIKE 'feathers%',benign,mysql,0.9,not_sql_injection,RELABEL,reasoning too short (17 chars),benign,mysql,34314,boolean_blind,generic,generic SQL keywords without specific signal,boolean_blind,generic,generic SQL structure without strong signal,SELECT * FROM business WHERE shelter NOT LIKE 'feathers%'
SELECT * FROM complex WHERE one LIKE '%cut%',benign,mysql,0.9,not_sql_injection,RELABEL,reasoning too short (17 chars),benign,mysql,34315,boolean_blind,generic,generic SQL keywords without specific signal,boolean_blind,generic,generic SQL structure without strong signal,SELECT * FROM complex WHERE one LIKE '%cut%'
SELECT * FROM cool WHERE raise NOT LIKE '[reason]%',benign,mysql,0.9,not_sql_injection,RELABEL,reasoning too short (17 chars),benign,mysql,34316,boolean_blind,generic,generic SQL keywords without specific signal,boolean_blind,generic,generic SQL structure without strong signal,SELECT * FROM cool WHERE raise NOT LIKE '[reason]%'
"SELECT * FROM step WHERE knew IN ( 'suit', 'shine', 'pot' )",benign,mysql,0.9,not_sql_injection,RELABEL,reasoning too short (17 chars),benign,mysql,34317,boolean_blind,generic,generic SQL keywords without specific signal,boolean_blind,generic,generic SQL structure without strong signal,"SELECT * FROM step WHERE knew IN ( 'suit', 'shine', 'pot' )"
"SELECT * FROM certainly WHERE own NOT IN ( 'your', 'idea', 'pocket' )",benign,mysql,0.9,not_sql_injection,RELABEL,reasoning too short (17 chars),benign,mysql,34318,boolean_blind,generic,generic SQL keywords without specific signal,boolean_blind,generic,generic SQL structure without strong signal,"SELECT * FROM certainly WHERE own NOT IN ( 'your', 'idea', 'pocket' )"
SELECT * FROM ourselves WHERE affect IN ( SELECT person FROM drop ),benign,mysql,0.9,not_sql_injection,RELABEL,reasoning too short (17 chars),benign,mysql,34319,boolean_blind,generic,generic SQL keywords without specific signal,boolean_blind,generic,generic SQL structure without strong signal,SELECT * FROM ourselves WHERE affect IN ( SELECT person FROM drop )
SELECT * FROM individual WHERE slip BETWEEN 10 AND 20,benign,mysql,0.9,not_sql_injection,RELABEL,reasoning too short (17 chars),benign,mysql,34320,boolean_blind,generic,generic SQL keywords without specific signal,boolean_blind,generic,generic SQL structure without strong signal,SELECT * FROM individual WHERE slip BETWEEN 10 AND 20
SELECT * FROM visit WHERE Price NOT BETWEEN 10 AND 20,benign,mysql,0.9,not_sql_injection,RELABEL,reasoning too short (17 chars),benign,mysql,34321,boolean_blind,generic,generic SQL keywords without specific signal,boolean_blind,generic,generic SQL structure without strong signal,SELECT * FROM visit WHERE Price NOT BETWEEN 10 AND 20
SELECT * FROM closely WHERE main BETWEEN 'joined' AND 'universe',benign,mysql,0.9,not_sql_injection,RELABEL,reasoning too short (17 chars),benign,mysql,34322,boolean_blind,generic,generic SQL keywords without specific signal,boolean_blind,generic,generic SQL structure without strong signal,SELECT * FROM closely WHERE main BETWEEN 'joined' AND 'universe'
"SELECT * FROM real WHERE evidence BETWEEN ""complex"" AND ""whether""",benign,mysql,0.9,not_sql_injection,RELABEL,reasoning too short (17 chars),benign,mysql,34323,boolean_blind,generic,generic SQL keywords without specific signal,boolean_blind,generic,generic SQL structure without strong signal,"SELECT * FROM real WHERE evidence BETWEEN ""complex"" AND ""whether"""
SELECT * FROM am WHERE pale NOT BETWEEN 'history' AND 'trouble',benign,mysql,0.9,not_sql_injection,RELABEL,reasoning too short (17 chars),benign,mysql,34324,boolean_blind,generic,generic SQL keywords without specific signal,boolean_blind,generic,generic SQL structure without strong signal,SELECT * FROM am WHERE pale NOT BETWEEN 'history' AND 'trouble'
SELECT * FROM bad WHERE baby BETWEEN row09/01/1996moving AND mood15/31/1996development,benign,mysql,0.9,not_sql_injection,RELABEL,reasoning too short (17 chars),benign,mysql,34325,boolean_blind,generic,generic SQL keywords without specific signal,boolean_blind,generic,generic SQL structure without strong signal,SELECT * FROM bad WHERE baby BETWEEN row09/01/1996moving AND mood15/31/1996development
SELECT * FROM square WHERE value BETWEEN '1996-07-01' AND '1996-07-31',benign,mysql,0.9,not_sql_injection,RELABEL,reasoning too short (17 chars),benign,mysql,34326,boolean_blind,generic,generic SQL keywords without specific signal,boolean_blind,generic,generic SQL structure without strong signal,SELECT * FROM square WHERE value BETWEEN '1996-07-01' AND '1996-07-31'
SELECT AVG ( stream ) FROM reader SELECT SUM ( drink ),benign,mysql,0.9,not_sql_injection,RELABEL,reasoning too short (17 chars),benign,mysql,34327,boolean_blind,generic,generic SQL keywords without specific signal,boolean_blind,generic,generic SQL structure without strong signal,SELECT AVG ( stream ) FROM reader SELECT SUM ( drink )
SELECT COUNT ( won ) FROM should,benign,mysql,0.9,not_sql_injection,RELABEL,reasoning too short (17 chars),benign,mysql,34328,boolean_blind,generic,generic SQL keywords without specific signal,boolean_blind,generic,generic SQL structure without strong signal,SELECT COUNT ( won ) FROM should
SELECT COUNT ( moonID ) FROM shoulder,benign,mysql,0.9,not_sql_injection,RELABEL,reasoning too short (17 chars),benign,mysql,34329,boolean_blind,generic,generic SQL keywords without specific signal,boolean_blind,generic,generic SQL structure without strong signal,SELECT COUNT ( moonID ) FROM shoulder
SELECT AVG ( Price ) FROM physical,benign,mysql,0.9,not_sql_injection,RELABEL,reasoning too short (17 chars),benign,mysql,34330,boolean_blind,generic,generic SQL keywords without specific signal,boolean_blind,generic,generic SQL structure without strong signal,SELECT AVG ( Price ) FROM physical
SELECT * FROM bottom WHERE fully BETWEEN '1996-07-01' AND '1996-07-31',benign,mysql,0.9,not_sql_injection,RELABEL,reasoning too short (17 chars),benign,mysql,34331,boolean_blind,generic,generic SQL keywords without specific signal,boolean_blind,generic,generic SQL structure without strong signal,SELECT * FROM bottom WHERE fully BETWEEN '1996-07-01' AND '1996-07-31'
"SELECT improveID AS ID, attack AS eager FROM prevent",benign,mysql,0.9,not_sql_injection,RELABEL,reasoning too short (17 chars),benign,mysql,34332,boolean_blind,generic,generic SQL keywords without specific signal,boolean_blind,generic,generic SQL structure without strong signal,"SELECT improveID AS ID, attack AS eager FROM prevent"
"SELECT pleaseID AS ID, wherever AS uncle FROM boat",benign,mysql,0.9,not_sql_injection,RELABEL,reasoning too short (17 chars),benign,mysql,34333,boolean_blind,generic,generic SQL keywords without specific signal,boolean_blind,generic,generic SQL structure without strong signal,"SELECT pleaseID AS ID, wherever AS uncle FROM boat"
"SELECT his AS available, medicine AS [hope] FROM vegetable",benign,mysql,0.9,not_sql_injection,RELABEL,reasoning too short (17 chars),benign,mysql,34334,boolean_blind,generic,generic SQL keywords without specific signal,boolean_blind,generic,generic SQL structure without strong signal,"SELECT his AS available, medicine AS [hope] FROM vegetable"
"SELECT phrase, done+ ', ' + explore+ ' ' + husband+ ', ' + stone AS plural FROM circle",benign,mysql,0.9,not_sql_injection,RELABEL,reasoning too short (17 chars),benign,mysql,34335,boolean_blind,generic,generic SQL keywords without specific signal,boolean_blind,generic,generic SQL structure without strong signal,"SELECT phrase, done+ ', ' + explore+ ' ' + husband+ ', ' + stone AS plural FROM circle"
SELECT thick ( s ) FROM pleasant INNER JOIN,benign,mysql,0.9,not_sql_injection,RELABEL,reasoning too short (17 chars),benign,mysql,34336,boolean_blind,generic,generic SQL keywords without specific signal,boolean_blind,generic,generic SQL structure without strong signal,SELECT thick ( s ) FROM pleasant INNER JOIN
"SELECT mind,numeral,than,exclaimed,known ( ( guide JOIN coast ON snake.well = magic.snake ) INNER JOIN entireON Orders.observe = underline.viewID )",benign,mysql,0.9,not_sql_injection,RELABEL,reasoning too short (17 chars),benign,mysql,34337,boolean_blind,generic,generic SQL keywords without specific signal,boolean_blind,generic,generic SQL structure without strong signal,"SELECT mind,numeral,than,exclaimed,known ( ( guide JOIN coast ON snake.well = magic.snake ) INNER JOIN entireON Orders.observe = underline.viewID )"
SELECT automobile ( s ) FROM while LEFT JOIN,benign,mysql,0.9,not_sql_injection,RELABEL,reasoning too short (17 chars),benign,mysql,34338,boolean_blind,generic,generic SQL keywords without specific signal,boolean_blind,generic,generic SQL structure without strong signal,SELECT automobile ( s ) FROM while LEFT JOIN
"SELECT sale,fewer,taught FROM stems LEFT JOIN Orders ON law.bicycleID = fifty.thy ORDER BY rapidly.fastened",benign,mysql,0.9,not_sql_injection,RELABEL,reasoning too short (17 chars),benign,mysql,34339,boolean_blind,generic,generic SQL keywords without specific signal,boolean_blind,generic,generic SQL structure without strong signal,"SELECT sale,fewer,taught FROM stems LEFT JOIN Orders ON law.bicycleID = fifty.thy ORDER BY rapidly.fastened"
SELECT meet ( s FROM steel RIGHT JOIN,benign,mysql,0.9,not_sql_injection,RELABEL,reasoning too short (17 chars),benign,mysql,34340,boolean_blind,generic,generic SQL keywords without specific signal,boolean_blind,generic,generic SQL structure without strong signal,SELECT meet ( s FROM steel RIGHT JOIN
"SELECT Orders.firstrID, Employees.limited, Employees.path FROM OrdersRIGHT JOIN Employees ON Orders.EmployeeID = Employees.cityID ORDER BY Orders.fruitID",benign,mysql,0.9,not_sql_injection,RELABEL,reasoning too short (17 chars),benign,mysql,34341,boolean_blind,generic,generic SQL keywords without specific signal,boolean_blind,generic,generic SQL structure without strong signal,"SELECT Orders.firstrID, Employees.limited, Employees.path FROM OrdersRIGHT JOIN Employees ON Orders.EmployeeID = Employees.cityID ORDER BY Orders.fruitID"
SELECT period ( s ) FROM allow FULL OUTER JOIN,benign,mysql,0.9,not_sql_injection,RELABEL,reasoning too short (17 chars),benign,mysql,34342,boolean_blind,generic,generic SQL keywords without specific signal,boolean_blind,generic,generic SQL structure without strong signal,SELECT period ( s ) FROM allow FULL OUTER JOIN
"SELECT column_name ( s ) FROM operation,private",benign,mysql,0.9,not_sql_injection,RELABEL,reasoning too short (17 chars),benign,mysql,34343,boolean_blind,generic,generic SQL keywords without specific signal,boolean_blind,generic,generic SQL structure without strong signal,"SELECT column_name ( s ) FROM operation,private"
SELECT drive ( s ) FROM bit UNION,benign,mysql,0.9,not_sql_injection,RELABEL,reasoning too short (17 chars); benign payload contains 'union' (likely false negative),boolean_blind,generic,34344,boolean_blind,generic,generic SQL keywords without specific signal,boolean_blind,generic,generic SQL structure without strong signal,SELECT drive ( s ) FROM bit UNION
SELECT white ( s ) FROM clearly SELECT excitement ( s ),benign,mysql,0.9,not_sql_injection,RELABEL,reasoning too short (17 chars),benign,mysql,34345,boolean_blind,generic,generic SQL keywords without specific signal,boolean_blind,generic,generic SQL structure without strong signal,SELECT white ( s ) FROM clearly SELECT excitement ( s )
SELECT observe ( s ) FROM peace UNION ALL,benign,mysql,0.9,not_sql_injection,RELABEL,reasoning too short (17 chars); benign payload contains 'union' (likely false negative),boolean_blind,generic,34346,boolean_blind,generic,generic SQL keywords without specific signal,boolean_blind,generic,generic SQL structure without strong signal,SELECT observe ( s ) FROM peace UNION ALL
SELECT closely ( s ) FROM over SELECT basket FROM mission,benign,mysql,0.9,not_sql_injection,RELABEL,reasoning too short (17 chars),benign,mysql,34347,boolean_blind,generic,generic SQL keywords without specific signal,boolean_blind,generic,generic SQL structure without strong signal,SELECT closely ( s ) FROM over SELECT basket FROM mission
SELECT cup FROM last UNION SELECT stay FROM soap ORDER BY outside,benign,mysql,0.9,not_sql_injection,RELABEL,reasoning too short (17 chars); benign payload contains 'union' (likely false negative),union_based,generic,34348,union_based,generic,Pattern match: 'union select' → union_based (P7); DB signature: generic,union_based,generic,UNION SELECT structure,SELECT cup FROM last UNION SELECT stay FROM soap ORDER BY outside
SELECT blind FROM egg UNION ALL SELECT half FROM closer ORDER BY sheet,benign,mysql,0.9,not_sql_injection,RELABEL,reasoning too short (17 chars); benign payload contains 'union' (likely false negative),union_based,generic,34349,union_based,generic,Pattern match: 'union all select' → union_based (P7); DB signature: generic,union_based,generic,UNION SELECT structure,SELECT blind FROM egg UNION ALL SELECT half FROM closer ORDER BY sheet
"SELECT announced,noon FROM beginning WHERE brown = 'cave' UNION SELECT foot, quiet FROM rabbit",benign,mysql,0.9,not_sql_injection,RELABEL,reasoning too short (17 chars); benign payload contains 'union' (likely false negative),union_based,generic,34350,union_based,generic,Pattern match: 'union select' → union_based (P7); DB signature: generic,union_based,generic,UNION SELECT structure,"SELECT announced,noon FROM beginning WHERE brown = 'cave' UNION SELECT foot, quiet FROM rabbit"
"SELECT COUNT ( meal ) , wonder FROM primitive BY tall",benign,mysql,0.9,not_sql_injection,RELABEL,reasoning too short (17 chars),benign,mysql,34351,boolean_blind,generic,generic SQL keywords without specific signal,boolean_blind,generic,generic SQL structure without strong signal,"SELECT COUNT ( meal ) , wonder FROM primitive BY tall"
"SELECT Employees.asleep, COUNT ( Orders.furID ) AS gentlyFROM ( OrdersINNER JOIN necessary ON Orders.wolfID = Employees.visitID )",benign,mysql,0.9,not_sql_injection,RELABEL,reasoning too short (17 chars); benign payload contains 'sleep' (likely false negative),boolean_blind,generic,34352,boolean_blind,generic,generic SQL keywords without specific signal,boolean_blind,generic,generic SQL structure without strong signal,"SELECT Employees.asleep, COUNT ( Orders.furID ) AS gentlyFROM ( OrdersINNER JOIN necessary ON Orders.wolfID = Employees.visitID )"
SELECT * FROM old FETCH FIRST 50 PERCENT ROWS ONLY,benign,mysql,0.9,not_sql_injection,RELABEL,reasoning too short (17 chars),benign,mysql,34353,boolean_blind,generic,generic SQL keywords without specific signal,boolean_blind,generic,generic SQL structure without strong signal,SELECT * FROM old FETCH FIRST 50 PERCENT ROWS ONLY
SELECT but,benign,mysql,0.9,not_sql_injection,RELABEL,reasoning too short (17 chars),benign,mysql,34354,boolean_blind,generic,generic SQL keywords without specific signal,boolean_blind,generic,generic SQL structure without strong signal,SELECT but
SELECT * FROM front,benign,mysql,0.9,not_sql_injection,RELABEL,reasoning too short (17 chars),benign,mysql,34355,boolean_blind,generic,generic SQL keywords without specific signal,boolean_blind,generic,generic SQL structure without strong signal,SELECT * FROM front
SELECT trail FROM tie,benign,mysql,0.9,not_sql_injection,RELABEL,reasoning too short (17 chars),benign,mysql,34356,boolean_blind,generic,generic SQL keywords without specific signal,boolean_blind,generic,generic SQL structure without strong signal,SELECT trail FROM tie
SELECT DISTINCT ride FROM bag,benign,mysql,0.9,not_sql_injection,RELABEL,reasoning too short (17 chars),benign,mysql,34357,boolean_blind,generic,generic SQL keywords without specific signal,boolean_blind,generic,generic SQL structure without strong signal,SELECT DISTINCT ride FROM bag
SELECT COUNT ( DISTINCT play ) FROM ate,benign,mysql,0.9,not_sql_injection,RELABEL,reasoning too short (17 chars),benign,mysql,34358,boolean_blind,generic,generic SQL keywords without specific signal,boolean_blind,generic,generic SQL structure without strong signal,SELECT COUNT ( DISTINCT play ) FROM ate
SELECT Count ( * ) AS cutting,benign,mysql,0.9,not_sql_injection,RELABEL,reasoning too short (17 chars),benign,mysql,34359,boolean_blind,generic,generic SQL keywords without specific signal,boolean_blind,generic,generic SQL structure without strong signal,SELECT Count ( * ) AS cutting
FROM ( SELECT DISTINCT massage FROM fact ),benign,mysql,0.9,not_sql_injection,RELABEL,reasoning too short (17 chars),benign,mysql,34360,boolean_blind,generic,generic SQL keywords without specific signal,boolean_blind,generic,generic SQL structure without strong signal,FROM ( SELECT DISTINCT massage FROM fact )
SELECT * FROM coming,benign,mysql,0.9,not_sql_injection,RELABEL,reasoning too short (17 chars),benign,mysql,34361,boolean_blind,generic,generic SQL keywords without specific signal,boolean_blind,generic,generic SQL structure without strong signal,SELECT * FROM coming
SELECT * FROM solve WHERE habit = 'situation',benign,mysql,0.9,not_sql_injection,RELABEL,reasoning too short (17 chars),benign,mysql,34362,boolean_blind,generic,generic SQL keywords without specific signal,boolean_blind,generic,generic SQL structure without strong signal,SELECT * FROM solve WHERE habit = 'situation'
SELECT * FROM nervous WHERE sign = 'shade',benign,mysql,0.9,not_sql_injection,RELABEL,reasoning too short (17 chars),benign,mysql,34363,boolean_blind,generic,generic SQL keywords without specific signal,boolean_blind,generic,generic SQL structure without strong signal,SELECT * FROM nervous WHERE sign = 'shade'
SELECT * FROM ago WHERE noon = blank,benign,mysql,0.9,not_sql_injection,RELABEL,reasoning too short (17 chars),benign,mysql,34364,boolean_blind,generic,generic SQL keywords without specific signal,boolean_blind,generic,generic SQL structure without strong signal,SELECT * FROM ago WHERE noon = blank
SELECT * FROM tone WHERE swimming = 'rapidly' AND City = 'huge',benign,mysql,0.9,not_sql_injection,RELABEL,reasoning too short (17 chars),benign,mysql,34365,boolean_blind,generic,generic SQL keywords without specific signal,boolean_blind,generic,generic SQL structure without strong signal,SELECT * FROM tone WHERE swimming = 'rapidly' AND City = 'huge'
SELECT * FROM success WHERE former = 'easier' OR citizen = 'usually',benign,mysql,0.9,not_sql_injection,RELABEL,reasoning too short (17 chars),benign,mysql,34366,boolean_blind,generic,generic SQL keywords without specific signal,boolean_blind,generic,generic SQL structure without strong signal,SELECT * FROM success WHERE former = 'easier' OR citizen = 'usually'
SELECT * FROM origin WHERE sudden = 'least' OR least = 'solid',benign,mysql,0.9,not_sql_injection,RELABEL,reasoning too short (17 chars),benign,mysql,34367,boolean_blind,generic,generic SQL keywords without specific signal,boolean_blind,generic,generic SQL structure without strong signal,SELECT * FROM origin WHERE sudden = 'least' OR least = 'solid'
SELECT * FROM yellow WHERE NOT now = 'bend',benign,mysql,0.9,not_sql_injection,RELABEL,reasoning too short (17 chars),benign,mysql,34368,boolean_blind,generic,generic SQL keywords without specific signal,boolean_blind,generic,generic SQL structure without strong signal,SELECT * FROM yellow WHERE NOT now = 'bend'
SELECT * FROM office WHERE pure = 'throw' AND ( flag = 'pilot' OR rest = 'character' ),benign,mysql,0.9,not_sql_injection,RELABEL,reasoning too short (17 chars),benign,mysql,34369,boolean_blind,generic,generic SQL keywords without specific signal,boolean_blind,generic,generic SQL structure without strong signal,SELECT * FROM office WHERE pure = 'throw' AND ( flag = 'pilot' OR rest = 'character' )
SELECT * FROM mouse WHERE NOT family = 'parts' AND NOT did = 'planning',benign,mysql,0.9,not_sql_injection,RELABEL,reasoning too short (17 chars),benign,mysql,34370,boolean_blind,generic,generic SQL keywords without specific signal,boolean_blind,generic,generic SQL structure without strong signal,SELECT * FROM mouse WHERE NOT family = 'parts' AND NOT did = 'planning'
SELECT * FROM black ORDER BY seven,benign,mysql,0.9,not_sql_injection,RELABEL,reasoning too short (17 chars),benign,mysql,34371,boolean_blind,generic,generic SQL keywords without specific signal,boolean_blind,generic,generic SQL structure without strong signal,SELECT * FROM black ORDER BY seven
SELECT * FROM shadow ORDER BY present DESC,benign,mysql,0.9,not_sql_injection,RELABEL,reasoning too short (17 chars),benign,mysql,34372,boolean_blind,generic,generic SQL keywords without specific signal,boolean_blind,generic,generic SQL structure without strong signal,SELECT * FROM shadow ORDER BY present DESC
"SELECT * FROM recent ORDER BY swept, play",benign,mysql,0.9,not_sql_injection,RELABEL,reasoning too short (17 chars),benign,mysql,34373,boolean_blind,generic,generic SQL keywords without specific signal,boolean_blind,generic,generic SQL structure without strong signal,"SELECT * FROM recent ORDER BY swept, play"
"SELECT * FROM laugh ORDER BY until ASC, grandmother DESC",benign,mysql,0.9,not_sql_injection,RELABEL,reasoning too short (17 chars),benign,mysql,34374,boolean_blind,generic,generic SQL keywords without specific signal,boolean_blind,generic,generic SQL structure without strong signal,"SELECT * FROM laugh ORDER BY until ASC, grandmother DESC"
"INSERT INTO younger ( improve, darkness, being, anywhere, rather, lie ) VALUES ( 'can', 'percent'. cattle', 'necessary', 'position', 'escape', 'check' )",benign,mysql,0.9,not_sql_injection,RELABEL,reasoning too short (17 chars),benign,mysql,34375,boolean_blind,generic,generic SQL keywords without specific signal,boolean_blind,generic,generic SQL structure without strong signal,"INSERT INTO younger ( improve, darkness, being, anywhere, rather, lie ) VALUES ( 'can', 'percent'. cattle', 'necessary', 'position', 'escape', 'check' )"
"INSERT INTO life ( base, complex, wore ) VALUES ( 'silk', 'success', 'diameter' )",benign,mysql,0.9,not_sql_injection,RELABEL,reasoning too short (17 chars),benign,mysql,34376,boolean_blind,generic,generic SQL keywords without specific signal,boolean_blind,generic,generic SQL structure without strong signal,"INSERT INTO life ( base, complex, wore ) VALUES ( 'silk', 'success', 'diameter' )"
"SELECT diagram, early, curious FROM chemical WHERE huge IS NULL",benign,mysql,0.9,not_sql_injection,RELABEL,reasoning too short (17 chars),benign,mysql,34377,boolean_blind,generic,generic SQL keywords without specific signal,boolean_blind,generic,generic SQL structure without strong signal,"SELECT diagram, early, curious FROM chemical WHERE huge IS NULL"
"SELECT fellow, tank, discussFROM throw WHERE position IS NOT NULL",benign,mysql,0.9,not_sql_injection,RELABEL,reasoning too short (17 chars),benign,mysql,34378,boolean_blind,generic,generic SQL keywords without specific signal,boolean_blind,generic,generic SQL structure without strong signal,"SELECT fellow, tank, discussFROM throw WHERE position IS NOT NULL"
"UPDATE tomorrow SET plant = 'or', City = 'nearer' WHERE garden = pipe",benign,mysql,0.9,not_sql_injection,RELABEL,reasoning too short (17 chars),benign,mysql,34379,boolean_blind,generic,generic SQL keywords without specific signal,boolean_blind,generic,generic SQL structure without strong signal,"UPDATE tomorrow SET plant = 'or', City = 'nearer' WHERE garden = pipe"
UPDATE broken SET may = 'universe'WHERE managed = 'dress',benign,mysql,0.9,not_sql_injection,RELABEL,reasoning too short (17 chars),benign,mysql,34380,boolean_blind,generic,generic SQL keywords without specific signal,boolean_blind,generic,generic SQL structure without strong signal,UPDATE broken SET may = 'universe'WHERE managed = 'dress'
SELECT * FROM single,benign,mysql,0.9,not_sql_injection,RELABEL,reasoning too short (17 chars),benign,mysql,34381,boolean_blind,generic,generic SQL keywords without specific signal,boolean_blind,generic,generic SQL structure without strong signal,SELECT * FROM single
DELETE FROM coal WHERE dozen = 'widely',benign,mysql,0.9,not_sql_injection,RELABEL,reasoning too short (17 chars),benign,mysql,34382,boolean_blind,generic,generic SQL keywords without specific signal,boolean_blind,generic,generic SQL structure without strong signal,DELETE FROM coal WHERE dozen = 'widely'
DELETE FROM organization,benign,mysql,0.9,not_sql_injection,RELABEL,reasoning too short (17 chars),benign,mysql,34383,boolean_blind,generic,generic SQL keywords without specific signal,boolean_blind,generic,generic SQL structure without strong signal,DELETE FROM organization
SELECT flat ( s ) FROM wash,benign,mysql,0.9,not_sql_injection,RELABEL,reasoning too short (17 chars),benign,mysql,34384,boolean_blind,generic,generic SQL keywords without specific signal,boolean_blind,generic,generic SQL structure without strong signal,SELECT flat ( s ) FROM wash
SELECT * FROM ( SELECT far FROM gulf ),benign,mysql,0.9,not_sql_injection,RELABEL,reasoning too short (17 chars),benign,mysql,34385,boolean_blind,generic,generic SQL keywords without specific signal,boolean_blind,generic,generic SQL structure without strong signal,SELECT * FROM ( SELECT far FROM gulf )
SELECT TOP 3 * FROM meet,benign,mysql,0.9,not_sql_injection,RELABEL,reasoning too short (17 chars),benign,mysql,34386,boolean_blind,generic,generic SQL keywords without specific signal,boolean_blind,generic,generic SQL structure without strong signal,SELECT TOP 3 * FROM meet
SELECT * FROM ocean 3,benign,mysql,0.9,not_sql_injection,RELABEL,reasoning too short (17 chars),benign,mysql,34387,boolean_blind,generic,generic SQL keywords without specific signal,boolean_blind,generic,generic SQL structure without strong signal,SELECT * FROM ocean 3
SELECT * FROM honor FETCH FIRST 3 ROWS ONLY,benign,mysql,0.9,not_sql_injection,RELABEL,reasoning too short (17 chars),benign,mysql,34388,boolean_blind,generic,generic SQL keywords without specific signal,boolean_blind,generic,generic SQL structure without strong signal,SELECT * FROM honor FETCH FIRST 3 ROWS ONLY
SELECT TOP 50 PERCENT * FROM disease,benign,mysql,0.9,not_sql_injection,RELABEL,reasoning too short (17 chars),benign,mysql,34389,boolean_blind,generic,generic SQL keywords without specific signal,boolean_blind,generic,generic SQL structure without strong signal,SELECT TOP 50 PERCENT * FROM disease
SELECT * FROM troops FETCH FIRST 50 PERCENT ROWS ONLY,benign,mysql,0.9,not_sql_injection,RELABEL,reasoning too short (17 chars),benign,mysql,34390,boolean_blind,generic,generic SQL keywords without specific signal,boolean_blind,generic,generic SQL structure without strong signal,SELECT * FROM troops FETCH FIRST 50 PERCENT ROWS ONLY
SELECT TOP 3 * FROM cloth WHERE people = 'officer',benign,mysql,0.9,not_sql_injection,RELABEL,reasoning too short (17 chars),benign,mysql,34391,boolean_blind,generic,generic SQL keywords without specific signal,boolean_blind,generic,generic SQL structure without strong signal,SELECT TOP 3 * FROM cloth WHERE people = 'officer'
SELECT * FROM cowboy WHERE effort = 'never' LIMIT 3,benign,mysql,0.9,not_sql_injection,RELABEL,reasoning too short (17 chars),benign,mysql,34392,boolean_blind,generic,generic SQL keywords without specific signal,boolean_blind,generic,generic SQL structure without strong signal,SELECT * FROM cowboy WHERE effort = 'never' LIMIT 3
SELECT * FROM within WHERE will = 'purple' FETCH FIRST 3 ROWS ONLY,benign,mysql,0.9,not_sql_injection,RELABEL,reasoning too short (17 chars),benign,mysql,34393,boolean_blind,generic,generic SQL keywords without specific signal,boolean_blind,generic,generic SQL structure without strong signal,SELECT * FROM within WHERE will = 'purple' FETCH FIRST 3 ROWS ONLY
SELECT MIN ( jet ) AS money FROM transportation,benign,mysql,0.9,not_sql_injection,RELABEL,reasoning too short (17 chars),benign,mysql,34394,boolean_blind,generic,generic SQL keywords without specific signal,boolean_blind,generic,generic SQL structure without strong signal,SELECT MIN ( jet ) AS money FROM transportation
SELECT MIN ( whether ) AS around FROM start,benign,mysql,0.9,not_sql_injection,RELABEL,reasoning too short (17 chars),benign,mysql,34395,boolean_blind,generic,generic SQL keywords without specific signal,boolean_blind,generic,generic SQL structure without strong signal,SELECT MIN ( whether ) AS around FROM start
SELECT * FROM ( SELECT hunt FROM shelf ),benign,mysql,0.9,not_sql_injection,RELABEL,reasoning too short (17 chars),benign,mysql,34396,boolean_blind,generic,generic SQL keywords without specific signal,boolean_blind,generic,generic SQL structure without strong signal,SELECT * FROM ( SELECT hunt FROM shelf )
SELECT TOP 3 * FROM rise SELECT * FROM substance 3SELECT * FROM cutting,benign,mysql,0.9,not_sql_injection,RELABEL,reasoning too short (17 chars),benign,mysql,34397,boolean_blind,generic,generic SQL keywords without specific signal,boolean_blind,generic,generic SQL structure without strong signal,SELECT TOP 3 * FROM rise SELECT * FROM substance 3SELECT * FROM cutting
SELECT * FROM glad 3 SELECT * FROM all,benign,mysql,0.9,not_sql_injection,RELABEL,reasoning too short (17 chars),benign,mysql,34398,boolean_blind,generic,generic SQL keywords without specific signal,boolean_blind,generic,generic SQL structure without strong signal,SELECT * FROM glad 3 SELECT * FROM all
SELECT * FROM comfortable FETCH FIRST 3 ROWS ONLY SELECT TOP 50 PERCENT * FROM chamber,benign,mysql,0.9,not_sql_injection,RELABEL,reasoning too short (17 chars),benign,mysql,34399,boolean_blind,generic,generic SQL keywords without specific signal,boolean_blind,generic,generic SQL structure without strong signal,SELECT * FROM comfortable FETCH FIRST 3 ROWS ONLY SELECT TOP 50 PERCENT * FROM chamber
