row_index,field,old_value,new_value,rule,reason
0,db_engine,mysql,mysql,R4,DB conflict: pg_sleep detected but db_engine=mysql. Suggest mysql
57,db_engine,mysql,mysql,R4,DB conflict: pg_sleep detected but db_engine=mysql. Suggest mysql
91,db_engine,mysql,mysql,R4,DB conflict: waitfor\s+delay detected but db_engine=mysql. Suggest mysql
109,db_engine,mysql,mysql,R4,DB conflict: pg_sleep detected but db_engine=mysql. Suggest mysql
129,db_engine,mysql,mysql,R4,DB conflict: waitfor\s+delay detected but db_engine=mysql. Suggest mysql
152,db_engine,mysql,mysql,R4,DB conflict: pg_sleep detected but db_engine=mysql. Suggest mysql
172,db_engine,mysql,mysql,R4,DB conflict: pg_sleep detected but db_engine=mysql. Suggest mysql
334,db_engine,mysql,mysql,R4,DB conflict: pg_sleep detected but db_engine=mysql. Suggest mysql
369,db_engine,mysql,mysql,R4,DB conflict: pg_sleep detected but db_engine=mysql. Suggest mysql
466,db_engine,mysql,mysql,R4,DB conflict: pg_sleep detected but db_engine=mysql. Suggest mysql
532,db_engine,mysql,mysql,R4,DB conflict: waitfor\s+delay detected but db_engine=mysql. Suggest mysql
600,db_engine,mysql,mysql,R4,DB conflict: pg_sleep detected but db_engine=mysql. Suggest mysql
641,db_engine,mysql,mysql,R4,DB conflict: pg_sleep detected but db_engine=mysql. Suggest mysql
746,db_engine,mysql,mysql,R4,DB conflict: waitfor\s+delay detected but db_engine=mysql. Suggest mysql
823,db_engine,mysql,mysql,R4,DB conflict: pg_sleep detected but db_engine=mysql. Suggest mysql
848,db_engine,mysql,mysql,R4,DB conflict: pg_sleep detected but db_engine=mysql. Suggest mysql
861,db_engine,mysql,mysql,R4,DB conflict: pg_sleep detected but db_engine=mysql. Suggest mysql
875,db_engine,mysql,mysql,R4,DB conflict: pg_sleep detected but db_engine=mysql. Suggest mysql
878,db_engine,mysql,mysql,R4,DB conflict: pg_sleep detected but db_engine=mysql. Suggest mysql
900,db_engine,mysql,mysql,R4,DB conflict: pg_sleep detected but db_engine=mysql. Suggest mysql
928,db_engine,mysql,mysql,R4,DB conflict: pg_sleep detected but db_engine=mysql. Suggest mysql
929,db_engine,mysql,mysql,R4,DB conflict: pg_sleep detected but db_engine=mysql. Suggest mysql
1061,db_engine,mysql,mysql,R4,DB conflict: pg_sleep detected but db_engine=mysql. Suggest mysql
1200,db_engine,mysql,mysql,R4,DB conflict: pg_sleep detected but db_engine=mysql. Suggest mysql
1325,db_engine,mysql,mysql,R4,DB conflict: pg_sleep detected but db_engine=mysql. Suggest mysql
1376,db_engine,mysql,mysql,R4,DB conflict: pg_sleep detected but db_engine=mysql. Suggest mysql
1384,db_engine,mysql,mysql,R4,DB conflict: pg_sleep detected but db_engine=mysql. Suggest mysql
1391,db_engine,mysql,mysql,R4,DB conflict: pg_sleep detected but db_engine=mysql. Suggest mysql
1393,db_engine,mysql,mysql,R4,DB conflict: pg_sleep detected but db_engine=mysql. Suggest mysql
1460,db_engine,mysql,mysql,R4,DB conflict: pg_sleep detected but db_engine=mysql. Suggest mysql
1475,db_engine,mysql,mysql,R4,DB conflict: pg_sleep detected but db_engine=mysql. Suggest mysql
1577,db_engine,mysql,mysql,R4,DB conflict: pg_sleep detected but db_engine=mysql. Suggest mysql
1593,db_engine,mysql,mysql,R4,DB conflict: pg_sleep detected but db_engine=mysql. Suggest mysql
1620,db_engine,mysql,mysql,R4,DB conflict: pg_sleep detected but db_engine=mysql. Suggest mysql
1642,db_engine,mysql,mysql,R4,DB conflict: pg_sleep detected but db_engine=mysql. Suggest mysql
1770,db_engine,mysql,mysql,R4,DB conflict: pg_sleep detected but db_engine=mysql. Suggest mysql
1782,db_engine,mysql,mysql,R4,DB conflict: pg_sleep detected but db_engine=mysql. Suggest mysql
1806,db_engine,mysql,mysql,R4,DB conflict: pg_sleep detected but db_engine=mysql. Suggest mysql
1825,db_engine,mysql,mysql,R4,DB conflict: pg_sleep detected but db_engine=mysql. Suggest mysql
1835,db_engine,mysql,mysql,R4,DB conflict: pg_sleep detected but db_engine=mysql. Suggest mysql
1883,db_engine,mysql,mysql,R4,DB conflict: pg_sleep detected but db_engine=mysql. Suggest mysql
1939,db_engine,mysql,mysql,R4,DB conflict: pg_sleep detected but db_engine=mysql. Suggest mysql
1952,db_engine,mysql,mysql,R4,DB conflict: pg_sleep detected but db_engine=mysql. Suggest mysql
1990,db_engine,mysql,mysql,R4,DB conflict: pg_sleep detected but db_engine=mysql. Suggest mysql
1993,db_engine,mysql,mysql,R4,DB conflict: pg_sleep detected but db_engine=mysql. Suggest mysql
2033,db_engine,mysql,mysql,R4,DB conflict: pg_sleep detected but db_engine=mysql. Suggest mysql
2105,db_engine,mysql,mysql,R4,DB conflict: pg_sleep detected but db_engine=mysql. Suggest mysql
2187,db_engine,mysql,mysql,R4,DB conflict: pg_sleep detected but db_engine=mysql. Suggest mysql
2212,db_engine,mysql,mysql,R4,DB conflict: pg_sleep detected but db_engine=mysql. Suggest mysql
2246,db_engine,mysql,mysql,R4,DB conflict: pg_sleep detected but db_engine=mysql. Suggest mysql
2350,db_engine,mysql,mysql,R4,DB conflict: pg_sleep detected but db_engine=mysql. Suggest mysql
2365,db_engine,mysql,mysql,R4,DB conflict: pg_sleep detected but db_engine=mysql. Suggest mysql
2424,db_engine,mysql,mysql,R4,DB conflict: pg_sleep detected but db_engine=mysql. Suggest mysql
2521,db_engine,mysql,mysql,R4,DB conflict: pg_sleep detected but db_engine=mysql. Suggest mysql
2537,db_engine,mysql,mysql,R4,DB conflict: pg_sleep detected but db_engine=mysql. Suggest mysql
2540,db_engine,mysql,mysql,R4,DB conflict: pg_sleep detected but db_engine=mysql. Suggest mysql
2555,db_engine,mysql,mysql,R4,DB conflict: pg_sleep detected but db_engine=mysql. Suggest mysql
2627,db_engine,oracle,oracle,R4,DB conflict: randomblob detected but db_engine=oracle. Suggest oracle
2648,db_engine,mysql,mysql,R4,DB conflict: pg_sleep detected but db_engine=mysql. Suggest mysql
2709,db_engine,mysql,mysql,R4,DB conflict: pg_sleep detected but db_engine=mysql. Suggest mysql
2714,db_engine,mysql,mysql,R4,DB conflict: pg_sleep detected but db_engine=mysql. Suggest mysql
2724,db_engine,mysql,mysql,R4,DB conflict: pg_sleep detected but db_engine=mysql. Suggest mysql
2730,db_engine,mysql,mysql,R4,DB conflict: pg_sleep detected but db_engine=mysql. Suggest mysql
2803,db_engine,mysql,mysql,R4,DB conflict: pg_sleep detected but db_engine=mysql. Suggest mysql
2853,db_engine,mysql,mysql,R4,DB conflict: pg_sleep detected but db_engine=mysql. Suggest mysql
3093,db_engine,mysql,mysql,R4,DB conflict: pg_sleep detected but db_engine=mysql. Suggest mysql
3143,db_engine,mysql,mysql,R4,DB conflict: pg_sleep detected but db_engine=mysql. Suggest mysql
3251,db_engine,mysql,mysql,R4,DB conflict: pg_sleep detected but db_engine=mysql. Suggest mysql
3322,db_engine,mysql,mysql,R4,DB conflict: pg_sleep detected but db_engine=mysql. Suggest mysql
3401,db_engine,mysql,mysql,R4,DB conflict: pg_sleep detected but db_engine=mysql. Suggest mysql
3534,db_engine,mysql,mysql,R4,DB conflict: pg_sleep detected but db_engine=mysql. Suggest mysql
3620,db_engine,mysql,mysql,R4,DB conflict: pg_sleep detected but db_engine=mysql. Suggest mysql
3687,db_engine,mysql,mysql,R4,DB conflict: pg_sleep detected but db_engine=mysql. Suggest mysql
3729,db_engine,mysql,mysql,R4,DB conflict: pg_sleep detected but db_engine=mysql. Suggest mysql
3765,db_engine,mysql,mysql,R4,DB conflict: pg_sleep detected but db_engine=mysql. Suggest mysql
3775,db_engine,mysql,mysql,R4,DB conflict: pg_sleep detected but db_engine=mysql. Suggest mysql
3822,db_engine,mysql,mysql,R4,DB conflict: pg_sleep detected but db_engine=mysql. Suggest mysql
3844,db_engine,mysql,mysql,R4,DB conflict: pg_sleep detected but db_engine=mysql. Suggest mysql
3881,db_engine,mysql,mysql,R4,DB conflict: pg_sleep detected but db_engine=mysql. Suggest mysql
3886,db_engine,mysql,mysql,R4,DB conflict: pg_sleep detected but db_engine=mysql. Suggest mysql
3908,db_engine,mysql,mysql,R4,DB conflict: pg_sleep detected but db_engine=mysql. Suggest mysql
3956,db_engine,mysql,mysql,R4,DB conflict: pg_sleep detected but db_engine=mysql. Suggest mysql
4019,db_engine,mysql,mysql,R4,DB conflict: pg_sleep detected but db_engine=mysql. Suggest mysql
4052,db_engine,mysql,mysql,R4,DB conflict: pg_sleep detected but db_engine=mysql. Suggest mysql
4090,db_engine,mysql,mysql,R4,DB conflict: pg_sleep detected but db_engine=mysql. Suggest mysql
4166,db_engine,mysql,mysql,R4,DB conflict: pg_sleep detected but db_engine=mysql. Suggest mysql
4207,db_engine,mysql,mysql,R4,DB conflict: pg_sleep detected but db_engine=mysql. Suggest mysql
4236,db_engine,mysql,mysql,R4,DB conflict: pg_sleep detected but db_engine=mysql. Suggest mysql
4252,db_engine,mysql,mysql,R4,DB conflict: pg_sleep detected but db_engine=mysql. Suggest mysql
4292,db_engine,mysql,mysql,R4,DB conflict: pg_sleep detected but db_engine=mysql. Suggest mysql
4303,db_engine,mysql,mysql,R4,DB conflict: pg_sleep detected but db_engine=mysql. Suggest mysql
4306,db_engine,mysql,mysql,R4,DB conflict: pg_sleep detected but db_engine=mysql. Suggest mysql
4333,db_engine,mysql,mysql,R4,DB conflict: pg_sleep detected but db_engine=mysql. Suggest mysql
4338,db_engine,mysql,mysql,R4,DB conflict: pg_sleep detected but db_engine=mysql. Suggest mysql
4370,db_engine,mysql,mysql,R4,DB conflict: pg_sleep detected but db_engine=mysql. Suggest mysql
4399,db_engine,mysql,mysql,R4,DB conflict: pg_sleep detected but db_engine=mysql. Suggest mysql
4410,db_engine,mysql,mysql,R4,DB conflict: pg_sleep detected but db_engine=mysql. Suggest mysql
4434,db_engine,mysql,mysql,R4,DB conflict: pg_sleep detected but db_engine=mysql. Suggest mysql
4480,db_engine,mysql,mysql,R4,DB conflict: pg_sleep detected but db_engine=mysql. Suggest mysql
4499,db_engine,mysql,mysql,R4,DB conflict: pg_sleep detected but db_engine=mysql. Suggest mysql
4561,db_engine,mysql,mysql,R4,DB conflict: pg_sleep detected but db_engine=mysql. Suggest mysql
4564,db_engine,mysql,mysql,R4,DB conflict: pg_sleep detected but db_engine=mysql. Suggest mysql
4613,db_engine,mysql,mysql,R4,DB conflict: pg_sleep detected but db_engine=mysql. Suggest mysql
4620,db_engine,mysql,mysql,R4,DB conflict: pg_sleep detected but db_engine=mysql. Suggest mysql
4644,db_engine,mysql,mysql,R4,DB conflict: pg_sleep detected but db_engine=mysql. Suggest mysql
4650,db_engine,mysql,mysql,R4,DB conflict: pg_sleep detected but db_engine=mysql. Suggest mysql
4681,db_engine,mysql,mysql,R4,DB conflict: pg_sleep detected but db_engine=mysql. Suggest mysql
4682,db_engine,mysql,mysql,R4,DB conflict: pg_sleep detected but db_engine=mysql. Suggest mysql
4782,db_engine,mysql,mysql,R4,DB conflict: pg_sleep detected but db_engine=mysql. Suggest mysql
4851,db_engine,mysql,mysql,R4,DB conflict: pg_sleep detected but db_engine=mysql. Suggest mysql
4854,db_engine,mysql,mysql,R4,DB conflict: pg_sleep detected but db_engine=mysql. Suggest mysql
4881,db_engine,mysql,mysql,R4,DB conflict: pg_sleep detected but db_engine=mysql. Suggest mysql
4893,db_engine,mysql,mysql,R4,DB conflict: pg_sleep detected but db_engine=mysql. Suggest mysql
4926,db_engine,mysql,mysql,R4,DB conflict: pg_sleep detected but db_engine=mysql. Suggest mysql
4976,db_engine,mysql,mysql,R4,DB conflict: pg_sleep detected but db_engine=mysql. Suggest mysql
4999,db_engine,mysql,mysql,R4,DB conflict: pg_sleep detected but db_engine=mysql. Suggest mysql
5003,db_engine,mysql,mysql,R4,DB conflict: pg_sleep detected but db_engine=mysql. Suggest mysql
5069,db_engine,mysql,mysql,R4,DB conflict: pg_sleep detected but db_engine=mysql. Suggest mysql
5086,db_engine,mysql,mysql,R4,DB conflict: pg_sleep detected but db_engine=mysql. Suggest mysql
5087,db_engine,mysql,mysql,R4,DB conflict: pg_sleep detected but db_engine=mysql. Suggest mysql
5180,db_engine,mysql,mysql,R4,DB conflict: pg_sleep detected but db_engine=mysql. Suggest mysql
5230,db_engine,mysql,mysql,R4,DB conflict: pg_sleep detected but db_engine=mysql. Suggest mysql
5363,db_engine,mysql,mysql,R4,DB conflict: pg_sleep detected but db_engine=mysql. Suggest mysql
5410,db_engine,mysql,mysql,R4,DB conflict: pg_sleep detected but db_engine=mysql. Suggest mysql
5536,db_engine,mysql,mysql,R4,DB conflict: pg_sleep detected but db_engine=mysql. Suggest mysql
5582,db_engine,mysql,mysql,R4,DB conflict: pg_sleep detected but db_engine=mysql. Suggest mysql
5595,db_engine,mysql,mysql,R4,DB conflict: pg_sleep detected but db_engine=mysql. Suggest mysql
5636,db_engine,mysql,mysql,R4,DB conflict: pg_sleep detected but db_engine=mysql. Suggest mysql
5667,db_engine,mysql,mysql,R4,DB conflict: pg_sleep detected but db_engine=mysql. Suggest mysql
5738,db_engine,mysql,mysql,R4,DB conflict: pg_sleep detected but db_engine=mysql. Suggest mysql
5816,db_engine,mysql,mysql,R4,DB conflict: pg_sleep detected but db_engine=mysql. Suggest mysql
5837,db_engine,mysql,mysql,R4,DB conflict: pg_sleep detected but db_engine=mysql. Suggest mysql
5952,db_engine,mysql,mysql,R4,DB conflict: pg_sleep detected but db_engine=mysql. Suggest mysql
5954,db_engine,mysql,mysql,R4,DB conflict: pg_sleep detected but db_engine=mysql. Suggest mysql
5987,db_engine,mysql,mysql,R4,DB conflict: pg_sleep detected but db_engine=mysql. Suggest mysql
6070,db_engine,mysql,mysql,R4,DB conflict: pg_sleep detected but db_engine=mysql. Suggest mysql
6083,db_engine,mysql,mysql,R4,DB conflict: pg_sleep detected but db_engine=mysql. Suggest mysql
6205,db_engine,mysql,mysql,R4,DB conflict: pg_sleep detected but db_engine=mysql. Suggest mysql
6404,db_engine,mysql,mysql,R4,DB conflict: pg_sleep detected but db_engine=mysql. Suggest mysql
6406,db_engine,mysql,mysql,R4,DB conflict: pg_sleep detected but db_engine=mysql. Suggest mysql
6413,db_engine,mysql,mysql,R4,DB conflict: pg_sleep detected but db_engine=mysql. Suggest mysql
6537,db_engine,mysql,mysql,R4,DB conflict: pg_sleep detected but db_engine=mysql. Suggest mysql
6559,db_engine,mysql,mysql,R4,DB conflict: pg_sleep detected but db_engine=mysql. Suggest mysql
6596,db_engine,mysql,mysql,R4,DB conflict: pg_sleep detected but db_engine=mysql. Suggest mysql
6623,db_engine,mysql,mysql,R4,DB conflict: pg_sleep detected but db_engine=mysql. Suggest mysql
6655,db_engine,mysql,mysql,R4,DB conflict: pg_sleep detected but db_engine=mysql. Suggest mysql
6706,db_engine,mysql,mysql,R4,DB conflict: pg_sleep detected but db_engine=mysql. Suggest mysql
6712,db_engine,mysql,mysql,R4,DB conflict: pg_sleep detected but db_engine=mysql. Suggest mysql
6749,db_engine,mysql,mysql,R4,DB conflict: pg_sleep detected but db_engine=mysql. Suggest mysql
6755,db_engine,mysql,mysql,R4,DB conflict: pg_sleep detected but db_engine=mysql. Suggest mysql
6821,db_engine,mysql,mysql,R4,DB conflict: pg_sleep detected but db_engine=mysql. Suggest mysql
6835,db_engine,mysql,mysql,R4,DB conflict: pg_sleep detected but db_engine=mysql. Suggest mysql
6837,db_engine,mysql,mysql,R4,DB conflict: pg_sleep detected but db_engine=mysql. Suggest mysql
6843,db_engine,mysql,mysql,R4,DB conflict: pg_sleep detected but db_engine=mysql. Suggest mysql
6889,db_engine,mysql,mysql,R4,DB conflict: pg_sleep detected but db_engine=mysql. Suggest mysql
6909,db_engine,mysql,mysql,R4,DB conflict: pg_sleep detected but db_engine=mysql. Suggest mysql
6935,db_engine,mysql,mysql,R4,DB conflict: pg_sleep detected but db_engine=mysql. Suggest mysql
7184,db_engine,mysql,mysql,R4,DB conflict: pg_sleep detected but db_engine=mysql. Suggest mysql
7238,db_engine,mysql,mysql,R4,DB conflict: pg_sleep detected but db_engine=mysql. Suggest mysql
7254,db_engine,mysql,mysql,R4,DB conflict: pg_sleep detected but db_engine=mysql. Suggest mysql
7298,db_engine,mysql,mysql,R4,DB conflict: pg_sleep detected but db_engine=mysql. Suggest mysql
7302,db_engine,mysql,mysql,R4,DB conflict: pg_sleep detected but db_engine=mysql. Suggest mysql
7340,db_engine,mysql,mysql,R4,DB conflict: pg_sleep detected but db_engine=mysql. Suggest mysql
7367,db_engine,mysql,mysql,R4,DB conflict: pg_sleep detected but db_engine=mysql. Suggest mysql
7371,db_engine,mysql,mysql,R4,DB conflict: pg_sleep detected but db_engine=mysql. Suggest mysql
7445,db_engine,mysql,mysql,R4,DB conflict: pg_sleep detected but db_engine=mysql. Suggest mysql
7485,db_engine,mysql,mysql,R4,DB conflict: pg_sleep detected but db_engine=mysql. Suggest mysql
7529,db_engine,mysql,mysql,R4,DB conflict: pg_sleep detected but db_engine=mysql. Suggest mysql
7536,db_engine,mysql,mysql,R4,DB conflict: pg_sleep detected but db_engine=mysql. Suggest mysql
7566,db_engine,mysql,mysql,R4,DB conflict: pg_sleep detected but db_engine=mysql. Suggest mysql
7567,db_engine,mysql,mysql,R4,DB conflict: pg_sleep detected but db_engine=mysql. Suggest mysql
7620,db_engine,mysql,mysql,R4,DB conflict: pg_sleep detected but db_engine=mysql. Suggest mysql
7646,db_engine,mysql,mysql,R4,DB conflict: pg_sleep detected but db_engine=mysql. Suggest mysql
7693,db_engine,mysql,mysql,R4,DB conflict: pg_sleep detected but db_engine=mysql. Suggest mysql
7706,db_engine,mysql,mysql,R4,DB conflict: pg_sleep detected but db_engine=mysql. Suggest mysql
7851,db_engine,mysql,mysql,R4,DB conflict: pg_sleep detected but db_engine=mysql. Suggest mysql
7878,db_engine,mysql,mysql,R4,DB conflict: pg_sleep detected but db_engine=mysql. Suggest mysql
7903,db_engine,mysql,mysql,R4,DB conflict: pg_sleep detected but db_engine=mysql. Suggest mysql
7931,db_engine,mysql,mysql,R4,DB conflict: pg_sleep detected but db_engine=mysql. Suggest mysql
8035,db_engine,mysql,mysql,R4,DB conflict: pg_sleep detected but db_engine=mysql. Suggest mysql
8127,db_engine,mysql,mysql,R4,DB conflict: pg_sleep detected but db_engine=mysql. Suggest mysql
8137,db_engine,mysql,mysql,R4,DB conflict: pg_sleep detected but db_engine=mysql. Suggest mysql
8198,db_engine,mysql,mysql,R4,DB conflict: pg_sleep detected but db_engine=mysql. Suggest mysql
8256,db_engine,mysql,mysql,R4,DB conflict: pg_sleep detected but db_engine=mysql. Suggest mysql
8399,db_engine,mysql,mysql,R4,DB conflict: pg_sleep detected but db_engine=mysql. Suggest mysql
8598,db_engine,mysql,mysql,R4,DB conflict: pg_sleep detected but db_engine=mysql. Suggest mysql
8613,db_engine,mysql,mysql,R4,DB conflict: pg_sleep detected but db_engine=mysql. Suggest mysql
8675,db_engine,mysql,mysql,R4,DB conflict: pg_sleep detected but db_engine=mysql. Suggest mysql
8699,db_engine,mysql,mysql,R4,DB conflict: pg_sleep detected but db_engine=mysql. Suggest mysql
8759,db_engine,oracle,oracle,R4,DB conflict: randomblob detected but db_engine=oracle. Suggest oracle
8833,db_engine,mysql,mysql,R4,DB conflict: pg_sleep detected but db_engine=mysql. Suggest mysql
8875,db_engine,mysql,mysql,R4,DB conflict: pg_sleep detected but db_engine=mysql. Suggest mysql
8886,db_engine,mysql,mysql,R4,DB conflict: pg_sleep detected but db_engine=mysql. Suggest mysql
8972,db_engine,mysql,mysql,R4,DB conflict: pg_sleep detected but db_engine=mysql. Suggest mysql
9073,db_engine,mysql,mysql,R4,DB conflict: pg_sleep detected but db_engine=mysql. Suggest mysql
9087,db_engine,mysql,mysql,R4,DB conflict: pg_sleep detected but db_engine=mysql. Suggest mysql
9115,db_engine,mysql,mysql,R4,DB conflict: pg_sleep detected but db_engine=mysql. Suggest mysql
9118,db_engine,mysql,mysql,R4,DB conflict: pg_sleep detected but db_engine=mysql. Suggest mysql
9164,db_engine,mysql,mysql,R4,DB conflict: pg_sleep detected but db_engine=mysql. Suggest mysql
9195,db_engine,mysql,mysql,R4,DB conflict: pg_sleep detected but db_engine=mysql. Suggest mysql
9280,db_engine,mysql,mysql,R4,DB conflict: pg_sleep detected but db_engine=mysql. Suggest mysql
9296,db_engine,mysql,mysql,R4,DB conflict: pg_sleep detected but db_engine=mysql. Suggest mysql
9307,db_engine,mysql,mysql,R4,DB conflict: pg_sleep detected but db_engine=mysql. Suggest mysql
9390,db_engine,mysql,mysql,R4,DB conflict: pg_sleep detected but db_engine=mysql. Suggest mysql
9433,db_engine,mysql,mysql,R4,DB conflict: pg_sleep detected but db_engine=mysql. Suggest mysql
9580,db_engine,mysql,mysql,R4,DB conflict: pg_sleep detected but db_engine=mysql. Suggest mysql
9590,db_engine,mysql,mysql,R4,DB conflict: pg_sleep detected but db_engine=mysql. Suggest mysql
9670,db_engine,mysql,mysql,R4,DB conflict: pg_sleep detected but db_engine=mysql. Suggest mysql
9718,db_engine,mysql,mysql,R4,DB conflict: pg_sleep detected but db_engine=mysql. Suggest mysql
9719,db_engine,mysql,mysql,R4,DB conflict: pg_sleep detected but db_engine=mysql. Suggest mysql
9745,db_engine,mysql,mysql,R4,DB conflict: pg_sleep detected but db_engine=mysql. Suggest mysql
9851,db_engine,mysql,mysql,R4,DB conflict: pg_sleep detected but db_engine=mysql. Suggest mysql
9923,db_engine,mysql,mysql,R4,DB conflict: pg_sleep detected but db_engine=mysql. Suggest mysql
9936,db_engine,mysql,mysql,R4,DB conflict: pg_sleep detected but db_engine=mysql. Suggest mysql
9960,db_engine,mysql,mysql,R4,DB conflict: pg_sleep detected but db_engine=mysql. Suggest mysql
10030,db_engine,mysql,mysql,R4,DB conflict: pg_sleep detected but db_engine=mysql. Suggest mysql
10052,db_engine,mysql,mysql,R4,DB conflict: pg_sleep detected but db_engine=mysql. Suggest mysql
10072,db_engine,oracle,oracle,R4,DB conflict: randomblob detected but db_engine=oracle. Suggest oracle
10090,db_engine,mysql,mysql,R4,DB conflict: pg_sleep detected but db_engine=mysql. Suggest mysql
10104,db_engine,mysql,mysql,R4,DB conflict: pg_sleep detected but db_engine=mysql. Suggest mysql
10105,db_engine,mysql,mysql,R4,DB conflict: pg_sleep detected but db_engine=mysql. Suggest mysql
10152,db_engine,mysql,mysql,R4,DB conflict: pg_sleep detected but db_engine=mysql. Suggest mysql
10210,db_engine,mysql,mysql,R4,DB conflict: pg_sleep detected but db_engine=mysql. Suggest mysql
10221,db_engine,mysql,mysql,R4,DB conflict: pg_sleep detected but db_engine=mysql. Suggest mysql
10257,db_engine,mysql,mysql,R4,DB conflict: pg_sleep detected but db_engine=mysql. Suggest mysql
10264,db_engine,mysql,mysql,R4,DB conflict: pg_sleep detected but db_engine=mysql. Suggest mysql
10350,db_engine,mysql,mysql,R4,DB conflict: pg_sleep detected but db_engine=mysql. Suggest mysql
10375,db_engine,mysql,mysql,R4,DB conflict: pg_sleep detected but db_engine=mysql. Suggest mysql
10397,db_engine,mysql,mysql,R4,DB conflict: pg_sleep detected but db_engine=mysql. Suggest mysql
10451,db_engine,mysql,mysql,R4,DB conflict: pg_sleep detected but db_engine=mysql. Suggest mysql
10486,db_engine,mysql,mysql,R4,DB conflict: pg_sleep detected but db_engine=mysql. Suggest mysql
10513,db_engine,mysql,mysql,R4,DB conflict: pg_sleep detected but db_engine=mysql. Suggest mysql
10530,db_engine,mysql,mysql,R4,DB conflict: pg_sleep detected but db_engine=mysql. Suggest mysql
10531,db_engine,mysql,mysql,R4,DB conflict: pg_sleep detected but db_engine=mysql. Suggest mysql
10570,db_engine,mysql,mysql,R4,DB conflict: pg_sleep detected but db_engine=mysql. Suggest mysql
10677,db_engine,mysql,mysql,R4,DB conflict: pg_sleep detected but db_engine=mysql. Suggest mysql
10715,db_engine,mysql,mysql,R4,DB conflict: pg_sleep detected but db_engine=mysql. Suggest mysql
10784,db_engine,mysql,mysql,R4,DB conflict: pg_sleep detected but db_engine=mysql. Suggest mysql
10882,db_engine,oracle,oracle,R4,DB conflict: randomblob detected but db_engine=oracle. Suggest oracle
10932,db_engine,mysql,mysql,R4,DB conflict: pg_sleep detected but db_engine=mysql. Suggest mysql
10975,db_engine,mysql,mysql,R4,DB conflict: pg_sleep detected but db_engine=mysql. Suggest mysql
11056,db_engine,mysql,mysql,R4,DB conflict: pg_sleep detected but db_engine=mysql. Suggest mysql
11191,db_engine,mysql,mysql,R4,DB conflict: pg_sleep detected but db_engine=mysql. Suggest mysql
41240,db_engine,mysql,mysql,R4,DB conflict: pg_sleep detected but db_engine=mysql. Suggest mysql
41267,db_engine,mysql,mysql,R4,DB conflict: pg_sleep detected but db_engine=mysql. Suggest mysql
41268,db_engine,mysql,mysql,R4,DB conflict: pg_sleep detected but db_engine=mysql. Suggest mysql
41302,db_engine,mysql,mysql,R4,DB conflict: pg_sleep detected but db_engine=mysql. Suggest mysql
41317,db_engine,mysql,mysql,R4,DB conflict: pg_sleep detected but db_engine=mysql. Suggest mysql
41402,db_engine,mysql,mysql,R4,DB conflict: pg_sleep detected but db_engine=mysql. Suggest mysql
