row_index,field,old,new,reason
5,db_engine,generic,unknown,relabel-benign-fallback
49,db_engine,generic,unknown,relabel-benign-fallback
66,db_engine,generic,unknown,relabel-benign-fallback
169,db_engine,generic,unknown,relabel-benign-fallback
190,db_engine,generic,unknown,relabel-benign-fallback
209,db_engine,generic,unknown,relabel-benign-fallback
231,db_engine,generic,unknown,relabel-benign-fallback
351,db_engine,generic,unknown,relabel-benign-fallback
366,db_engine,generic,unknown,relabel-benign-fallback
389,db_engine,generic,unknown,relabel-benign-fallback
405,db_engine,generic,unknown,relabel-benign-fallback
459,db_engine,generic,unknown,relabel-benign-fallback
504,db_engine,generic,unknown,relabel-benign-fallback
507,db_engine,generic,unknown,relabel-benign-fallback
513,db_engine,generic,unknown,relabel-benign-fallback
537,db_engine,generic,unknown,relabel-benign-fallback
567,db_engine,generic,unknown,relabel-benign-fallback
817,db_engine,generic,unknown,relabel-benign-fallback
892,db_engine,generic,unknown,relabel-benign-fallback
916,db_engine,generic,unknown,relabel-benign-fallback
923,db_engine,generic,unknown,relabel-benign-fallback
924,db_engine,generic,unknown,relabel-benign-fallback
1049,db_engine,generic,unknown,relabel-benign-fallback
1086,db_engine,generic,unknown,relabel-benign-fallback
1130,db_engine,generic,unknown,relabel-benign-fallback
1175,db_engine,generic,unknown,relabel-benign-fallback
1192,db_engine,generic,unknown,relabel-benign-fallback
1194,db_engine,generic,unknown,relabel-benign-fallback
1197,db_engine,generic,unknown,relabel-benign-fallback
1230,db_engine,generic,unknown,relabel-benign-fallback
1275,db_engine,generic,unknown,relabel-benign-fallback
1375,db_engine,generic,unknown,relabel-benign-fallback
1381,db_engine,generic,unknown,relabel-benign-fallback
1456,db_engine,generic,unknown,relabel-benign-fallback
1501,db_engine,generic,unknown,relabel-benign-fallback
1505,db_engine,generic,unknown,relabel-benign-fallback
1556,db_engine,generic,unknown,relabel-benign-fallback
1590,db_engine,generic,unknown,relabel-benign-fallback
1607,db_engine,generic,unknown,relabel-benign-fallback
1625,db_engine,generic,unknown,relabel-benign-fallback
1646,db_engine,generic,unknown,relabel-benign-fallback
1766,db_engine,generic,unknown,relabel-benign-fallback
1769,db_engine,generic,unknown,relabel-benign-fallback
1781,db_engine,generic,unknown,relabel-benign-fallback
1791,db_engine,generic,unknown,relabel-benign-fallback
1793,db_engine,generic,unknown,relabel-benign-fallback
1804,db_engine,generic,unknown,relabel-benign-fallback
1813,db_engine,generic,unknown,relabel-benign-fallback
1846,db_engine,generic,unknown,relabel-benign-fallback
1923,db_engine,generic,unknown,relabel-benign-fallback
1937,db_engine,generic,unknown,relabel-benign-fallback
1971,db_engine,generic,unknown,relabel-benign-fallback
1987,db_engine,generic,unknown,relabel-benign-fallback
2015,db_engine,generic,unknown,relabel-benign-fallback
2104,db_engine,generic,unknown,relabel-benign-fallback
2113,db_engine,generic,unknown,relabel-benign-fallback
2115,db_engine,generic,unknown,relabel-benign-fallback
2133,db_engine,generic,unknown,relabel-benign-fallback
2146,db_engine,generic,unknown,relabel-benign-fallback
2162,db_engine,generic,unknown,relabel-benign-fallback
2245,db_engine,generic,unknown,relabel-benign-fallback
2282,db_engine,generic,unknown,relabel-benign-fallback
2355,db_engine,generic,unknown,relabel-benign-fallback
2432,db_engine,generic,unknown,relabel-benign-fallback
2434,db_engine,generic,unknown,relabel-benign-fallback
2439,db_engine,generic,unknown,relabel-benign-fallback
2465,db_engine,generic,unknown,relabel-benign-fallback
2491,db_engine,generic,unknown,relabel-benign-fallback
2504,db_engine,generic,unknown,relabel-benign-fallback
2525,db_engine,generic,unknown,relabel-benign-fallback
2633,db_engine,generic,unknown,relabel-benign-fallback
2644,db_engine,generic,unknown,relabel-benign-fallback
2652,db_engine,generic,unknown,relabel-benign-fallback
2669,db_engine,generic,unknown,relabel-benign-fallback
2716,db_engine,generic,unknown,relabel-benign-fallback
2722,db_engine,generic,unknown,relabel-benign-fallback
2744,db_engine,generic,unknown,relabel-benign-fallback
2749,db_engine,generic,unknown,relabel-benign-fallback
2752,db_engine,generic,unknown,relabel-benign-fallback
2774,db_engine,generic,unknown,relabel-benign-fallback
2845,db_engine,generic,unknown,relabel-benign-fallback
2869,db_engine,generic,unknown,relabel-benign-fallback
2898,db_engine,generic,unknown,relabel-benign-fallback
2905,db_engine,generic,unknown,relabel-benign-fallback
2911,db_engine,generic,unknown,relabel-benign-fallback
2915,db_engine,generic,unknown,relabel-benign-fallback
2931,db_engine,generic,unknown,relabel-benign-fallback
2941,db_engine,generic,unknown,relabel-benign-fallback
2974,db_engine,generic,unknown,relabel-benign-fallback
2989,db_engine,generic,unknown,relabel-benign-fallback
3000,db_engine,generic,unknown,relabel-benign-fallback
3001,db_engine,generic,unknown,relabel-benign-fallback
3011,db_engine,generic,unknown,relabel-benign-fallback
3022,db_engine,generic,unknown,relabel-benign-fallback
3034,db_engine,generic,unknown,relabel-benign-fallback
3061,db_engine,generic,unknown,relabel-benign-fallback
3092,db_engine,generic,unknown,relabel-benign-fallback
3103,db_engine,generic,unknown,relabel-benign-fallback
3117,db_engine,generic,unknown,relabel-benign-fallback
3129,db_engine,generic,unknown,relabel-benign-fallback
3146,db_engine,generic,unknown,relabel-benign-fallback
3196,db_engine,generic,unknown,relabel-benign-fallback
3239,db_engine,generic,unknown,relabel-benign-fallback
3243,db_engine,generic,unknown,relabel-benign-fallback
3249,db_engine,generic,unknown,relabel-benign-fallback
3285,db_engine,generic,unknown,relabel-benign-fallback
3307,db_engine,generic,unknown,relabel-benign-fallback
3332,db_engine,generic,unknown,relabel-benign-fallback
3339,db_engine,generic,unknown,relabel-benign-fallback
3393,db_engine,generic,unknown,relabel-benign-fallback
3410,db_engine,generic,unknown,relabel-benign-fallback
3419,db_engine,generic,unknown,relabel-benign-fallback
3441,db_engine,generic,unknown,relabel-benign-fallback
3443,db_engine,generic,unknown,relabel-benign-fallback
3480,db_engine,generic,unknown,relabel-benign-fallback
3504,db_engine,generic,unknown,relabel-benign-fallback
3520,db_engine,generic,unknown,relabel-benign-fallback
3547,db_engine,generic,unknown,relabel-benign-fallback
3550,db_engine,generic,unknown,relabel-benign-fallback
3575,db_engine,generic,unknown,relabel-benign-fallback
3666,db_engine,generic,unknown,relabel-benign-fallback
3694,db_engine,generic,unknown,relabel-benign-fallback
3704,db_engine,generic,unknown,relabel-benign-fallback
3712,db_engine,generic,unknown,relabel-benign-fallback
3720,db_engine,generic,unknown,relabel-benign-fallback
3793,db_engine,generic,unknown,relabel-benign-fallback
3851,db_engine,generic,unknown,relabel-benign-fallback
3867,db_engine,generic,unknown,relabel-benign-fallback
3877,db_engine,generic,unknown,relabel-benign-fallback
3883,db_engine,generic,unknown,relabel-benign-fallback
3936,db_engine,generic,unknown,relabel-benign-fallback
3964,db_engine,generic,unknown,relabel-benign-fallback
3997,db_engine,generic,unknown,relabel-benign-fallback
4000,db_engine,generic,unknown,relabel-benign-fallback
4021,db_engine,generic,unknown,relabel-benign-fallback
4079,db_engine,generic,unknown,relabel-benign-fallback
4092,db_engine,generic,unknown,relabel-benign-fallback
4097,db_engine,generic,unknown,relabel-benign-fallback
4104,db_engine,generic,unknown,relabel-benign-fallback
4143,db_engine,generic,unknown,relabel-benign-fallback
4170,db_engine,generic,unknown,relabel-benign-fallback
4185,db_engine,generic,unknown,relabel-benign-fallback
4192,db_engine,generic,unknown,relabel-benign-fallback
4195,db_engine,generic,unknown,relabel-benign-fallback
4284,db_engine,generic,unknown,relabel-benign-fallback
4334,db_engine,generic,unknown,relabel-benign-fallback
4392,db_engine,generic,unknown,relabel-benign-fallback
4396,db_engine,generic,unknown,relabel-benign-fallback
4409,db_engine,generic,unknown,relabel-benign-fallback
4418,db_engine,generic,unknown,relabel-benign-fallback
4420,db_engine,generic,unknown,relabel-benign-fallback
4447,db_engine,generic,unknown,relabel-benign-fallback
4472,db_engine,generic,unknown,relabel-benign-fallback
4583,db_engine,generic,unknown,relabel-benign-fallback
4624,db_engine,generic,unknown,relabel-benign-fallback
4638,db_engine,generic,unknown,relabel-benign-fallback
4676,db_engine,generic,unknown,relabel-benign-fallback
4705,db_engine,generic,unknown,relabel-benign-fallback
4728,db_engine,generic,unknown,relabel-benign-fallback
4752,db_engine,generic,unknown,relabel-benign-fallback
4819,db_engine,generic,unknown,relabel-benign-fallback
4824,db_engine,generic,unknown,relabel-benign-fallback
4860,db_engine,generic,unknown,relabel-benign-fallback
4887,db_engine,generic,unknown,relabel-benign-fallback
4888,db_engine,generic,unknown,relabel-benign-fallback
4928,db_engine,generic,unknown,relabel-benign-fallback
4997,db_engine,generic,unknown,relabel-benign-fallback
5030,db_engine,generic,unknown,relabel-benign-fallback
5077,db_engine,generic,unknown,relabel-benign-fallback
5098,db_engine,generic,unknown,relabel-benign-fallback
5148,db_engine,generic,unknown,relabel-benign-fallback
5171,db_engine,generic,unknown,relabel-benign-fallback
5198,db_engine,generic,unknown,relabel-benign-fallback
5256,db_engine,generic,unknown,relabel-benign-fallback
5281,db_engine,generic,unknown,relabel-benign-fallback
5321,db_engine,generic,unknown,relabel-benign-fallback
5366,db_engine,generic,unknown,relabel-benign-fallback
5370,db_engine,generic,unknown,relabel-benign-fallback
5392,db_engine,generic,unknown,relabel-benign-fallback
5469,db_engine,generic,unknown,relabel-benign-fallback
5493,db_engine,generic,unknown,relabel-benign-fallback
5513,db_engine,generic,unknown,relabel-benign-fallback
5548,db_engine,generic,unknown,relabel-benign-fallback
5576,db_engine,generic,unknown,relabel-benign-fallback
5591,db_engine,generic,unknown,relabel-benign-fallback
5601,db_engine,generic,unknown,relabel-benign-fallback
5617,db_engine,generic,unknown,relabel-benign-fallback
5619,db_engine,generic,unknown,relabel-benign-fallback
5629,db_engine,generic,unknown,relabel-benign-fallback
5651,db_engine,generic,unknown,relabel-benign-fallback
5678,db_engine,generic,unknown,relabel-benign-fallback
5684,db_engine,generic,unknown,relabel-benign-fallback
5709,db_engine,generic,unknown,relabel-benign-fallback
5739,db_engine,generic,unknown,relabel-benign-fallback
5798,db_engine,generic,unknown,relabel-benign-fallback
5804,db_engine,generic,unknown,relabel-benign-fallback
5810,db_engine,generic,unknown,relabel-benign-fallback
5818,db_engine,generic,unknown,relabel-benign-fallback
5839,db_engine,generic,unknown,relabel-benign-fallback
5844,db_engine,generic,unknown,relabel-benign-fallback
5863,db_engine,generic,unknown,relabel-benign-fallback
5884,db_engine,generic,unknown,relabel-benign-fallback
5887,db_engine,generic,unknown,relabel-benign-fallback
5888,db_engine,generic,unknown,relabel-benign-fallback
5901,db_engine,generic,unknown,relabel-benign-fallback
5928,db_engine,generic,unknown,relabel-benign-fallback
5937,db_engine,generic,unknown,relabel-benign-fallback
5953,db_engine,generic,unknown,relabel-benign-fallback
5959,db_engine,generic,unknown,relabel-benign-fallback
5963,db_engine,generic,unknown,relabel-benign-fallback
5966,db_engine,generic,unknown,relabel-benign-fallback
6016,db_engine,generic,unknown,relabel-benign-fallback
6045,db_engine,generic,unknown,relabel-benign-fallback
6053,db_engine,generic,unknown,relabel-benign-fallback
6068,db_engine,generic,unknown,relabel-benign-fallback
6108,db_engine,generic,unknown,relabel-benign-fallback
6122,db_engine,generic,unknown,relabel-benign-fallback
6154,db_engine,generic,unknown,relabel-benign-fallback
6156,db_engine,generic,unknown,relabel-benign-fallback
6313,db_engine,generic,unknown,relabel-benign-fallback
6323,db_engine,generic,unknown,relabel-benign-fallback
6350,db_engine,generic,unknown,relabel-benign-fallback
6356,db_engine,generic,unknown,relabel-benign-fallback
6407,db_engine,generic,unknown,relabel-benign-fallback
6442,db_engine,generic,unknown,relabel-benign-fallback
6455,db_engine,generic,unknown,relabel-benign-fallback
6476,db_engine,generic,unknown,relabel-benign-fallback
6488,db_engine,generic,unknown,relabel-benign-fallback
6492,db_engine,generic,unknown,relabel-benign-fallback
6505,db_engine,generic,unknown,relabel-benign-fallback
6524,db_engine,generic,unknown,relabel-benign-fallback
6535,db_engine,generic,unknown,relabel-benign-fallback
6560,db_engine,generic,unknown,relabel-benign-fallback
6576,db_engine,generic,unknown,relabel-benign-fallback
6605,db_engine,generic,unknown,relabel-benign-fallback
6695,db_engine,generic,unknown,relabel-benign-fallback
6699,db_engine,generic,unknown,relabel-benign-fallback
6711,db_engine,generic,unknown,relabel-benign-fallback
6785,db_engine,generic,unknown,relabel-benign-fallback
6795,db_engine,generic,unknown,relabel-benign-fallback
6800,db_engine,generic,unknown,relabel-benign-fallback
6849,db_engine,generic,unknown,relabel-benign-fallback
6863,db_engine,generic,unknown,relabel-benign-fallback
6884,db_engine,generic,unknown,relabel-benign-fallback
6908,db_engine,generic,unknown,relabel-benign-fallback
6912,db_engine,generic,unknown,relabel-benign-fallback
7041,db_engine,generic,unknown,relabel-benign-fallback
7055,db_engine,generic,unknown,relabel-benign-fallback
7078,db_engine,generic,unknown,relabel-benign-fallback
7131,db_engine,generic,unknown,relabel-benign-fallback
7194,db_engine,generic,unknown,relabel-benign-fallback
7198,db_engine,generic,unknown,relabel-benign-fallback
7225,db_engine,generic,unknown,relabel-benign-fallback
7264,db_engine,generic,unknown,relabel-benign-fallback
7275,db_engine,generic,unknown,relabel-benign-fallback
7329,db_engine,generic,unknown,relabel-benign-fallback
7331,db_engine,generic,unknown,relabel-benign-fallback
7548,db_engine,generic,unknown,relabel-benign-fallback
7573,db_engine,generic,unknown,relabel-benign-fallback
7579,db_engine,generic,unknown,relabel-benign-fallback
7604,db_engine,generic,unknown,relabel-benign-fallback
7628,db_engine,generic,unknown,relabel-benign-fallback
7662,db_engine,generic,unknown,relabel-benign-fallback
7667,db_engine,generic,unknown,relabel-benign-fallback
7701,db_engine,generic,unknown,relabel-benign-fallback
7704,db_engine,generic,unknown,relabel-benign-fallback
7709,db_engine,generic,unknown,relabel-benign-fallback
7801,db_engine,generic,unknown,relabel-benign-fallback
7834,db_engine,generic,unknown,relabel-benign-fallback
7871,db_engine,generic,unknown,relabel-benign-fallback
7877,db_engine,generic,unknown,relabel-benign-fallback
7882,db_engine,generic,unknown,relabel-benign-fallback
7899,db_engine,generic,unknown,relabel-benign-fallback
7910,db_engine,generic,unknown,relabel-benign-fallback
7911,db_engine,generic,unknown,relabel-benign-fallback
7918,db_engine,generic,unknown,relabel-benign-fallback
7921,db_engine,generic,unknown,relabel-benign-fallback
7993,db_engine,generic,unknown,relabel-benign-fallback
8008,db_engine,generic,unknown,relabel-benign-fallback
8089,db_engine,generic,unknown,relabel-benign-fallback
8115,db_engine,generic,unknown,relabel-benign-fallback
8124,db_engine,generic,unknown,relabel-benign-fallback
8163,db_engine,generic,unknown,relabel-benign-fallback
8164,db_engine,generic,unknown,relabel-benign-fallback
8171,db_engine,generic,unknown,relabel-benign-fallback
8197,db_engine,generic,unknown,relabel-benign-fallback
8306,db_engine,generic,unknown,relabel-benign-fallback
8374,db_engine,generic,unknown,relabel-benign-fallback
8396,db_engine,generic,unknown,relabel-benign-fallback
8444,db_engine,generic,unknown,relabel-benign-fallback
8482,db_engine,generic,unknown,relabel-benign-fallback
8529,db_engine,generic,unknown,relabel-benign-fallback
8560,db_engine,generic,unknown,relabel-benign-fallback
8581,db_engine,generic,unknown,relabel-benign-fallback
8588,db_engine,generic,unknown,relabel-benign-fallback
8631,db_engine,generic,unknown,relabel-benign-fallback
8665,db_engine,generic,unknown,relabel-benign-fallback
8734,db_engine,generic,unknown,relabel-benign-fallback
8740,db_engine,generic,unknown,relabel-benign-fallback
8747,db_engine,generic,unknown,relabel-benign-fallback
8762,db_engine,generic,unknown,relabel-benign-fallback
8810,db_engine,generic,unknown,relabel-benign-fallback
8817,db_engine,generic,unknown,relabel-benign-fallback
8850,db_engine,generic,unknown,relabel-benign-fallback
8861,db_engine,generic,unknown,relabel-benign-fallback
8882,db_engine,generic,unknown,relabel-benign-fallback
8897,db_engine,generic,unknown,relabel-benign-fallback
8902,db_engine,generic,unknown,relabel-benign-fallback
8906,db_engine,generic,unknown,relabel-benign-fallback
8921,db_engine,generic,unknown,relabel-benign-fallback
8922,db_engine,generic,unknown,relabel-benign-fallback
8959,db_engine,generic,unknown,relabel-benign-fallback
8961,db_engine,generic,unknown,relabel-benign-fallback
8988,db_engine,generic,unknown,relabel-benign-fallback
8999,db_engine,generic,unknown,relabel-benign-fallback
9006,db_engine,generic,unknown,relabel-benign-fallback
9017,db_engine,generic,unknown,relabel-benign-fallback
9031,db_engine,generic,unknown,relabel-benign-fallback
9051,db_engine,generic,unknown,relabel-benign-fallback
9091,db_engine,generic,unknown,relabel-benign-fallback
9121,db_engine,generic,unknown,relabel-benign-fallback
9124,db_engine,generic,unknown,relabel-benign-fallback
9135,db_engine,generic,unknown,relabel-benign-fallback
9140,db_engine,generic,unknown,relabel-benign-fallback
9189,db_engine,generic,unknown,relabel-benign-fallback
9207,db_engine,generic,unknown,relabel-benign-fallback
9213,db_engine,generic,unknown,relabel-benign-fallback
9270,db_engine,generic,unknown,relabel-benign-fallback
9288,db_engine,generic,unknown,relabel-benign-fallback
9290,db_engine,generic,unknown,relabel-benign-fallback
9297,db_engine,generic,unknown,relabel-benign-fallback
9323,db_engine,generic,unknown,relabel-benign-fallback
9368,db_engine,generic,unknown,relabel-benign-fallback
9374,db_engine,generic,unknown,relabel-benign-fallback
9394,db_engine,generic,unknown,relabel-benign-fallback
9462,db_engine,generic,unknown,relabel-benign-fallback
9472,db_engine,generic,unknown,relabel-benign-fallback
9477,db_engine,generic,unknown,relabel-benign-fallback
9479,db_engine,generic,unknown,relabel-benign-fallback
9494,db_engine,generic,unknown,relabel-benign-fallback
9522,db_engine,generic,unknown,relabel-benign-fallback
9536,db_engine,generic,unknown,relabel-benign-fallback
9619,db_engine,generic,unknown,relabel-benign-fallback
9631,db_engine,generic,unknown,relabel-benign-fallback
9655,db_engine,generic,unknown,relabel-benign-fallback
9657,db_engine,generic,unknown,relabel-benign-fallback
9672,db_engine,generic,unknown,relabel-benign-fallback
9677,db_engine,generic,unknown,relabel-benign-fallback
9679,db_engine,generic,unknown,relabel-benign-fallback
9694,db_engine,generic,unknown,relabel-benign-fallback
9782,db_engine,generic,unknown,relabel-benign-fallback
9797,db_engine,generic,unknown,relabel-benign-fallback
9803,db_engine,generic,unknown,relabel-benign-fallback
9808,db_engine,generic,unknown,relabel-benign-fallback
9873,db_engine,generic,unknown,relabel-benign-fallback
9924,db_engine,generic,unknown,relabel-benign-fallback
9955,db_engine,generic,unknown,relabel-benign-fallback
9962,db_engine,generic,unknown,relabel-benign-fallback
9973,db_engine,generic,unknown,relabel-benign-fallback
10002,db_engine,generic,unknown,relabel-benign-fallback
10015,db_engine,generic,unknown,relabel-benign-fallback
10019,db_engine,generic,unknown,relabel-benign-fallback
10053,db_engine,generic,unknown,relabel-benign-fallback
10054,db_engine,generic,unknown,relabel-benign-fallback
10131,db_engine,generic,unknown,relabel-benign-fallback
10136,db_engine,generic,unknown,relabel-benign-fallback
10179,db_engine,generic,unknown,relabel-benign-fallback
10267,db_engine,generic,unknown,relabel-benign-fallback
10278,db_engine,generic,unknown,relabel-benign-fallback
10287,db_engine,generic,unknown,relabel-benign-fallback
10292,db_engine,generic,unknown,relabel-benign-fallback
10293,db_engine,generic,unknown,relabel-benign-fallback
10341,db_engine,generic,unknown,relabel-benign-fallback
10346,db_engine,generic,unknown,relabel-benign-fallback
10353,db_engine,generic,unknown,relabel-benign-fallback
10361,db_engine,generic,unknown,relabel-benign-fallback
10384,db_engine,generic,unknown,relabel-benign-fallback
10419,db_engine,generic,unknown,relabel-benign-fallback
10424,db_engine,generic,unknown,relabel-benign-fallback
10488,db_engine,generic,unknown,relabel-benign-fallback
10546,db_engine,generic,unknown,relabel-benign-fallback
10589,db_engine,generic,unknown,relabel-benign-fallback
10597,db_engine,generic,unknown,relabel-benign-fallback
10626,db_engine,generic,unknown,relabel-benign-fallback
10658,db_engine,generic,unknown,relabel-benign-fallback
10738,db_engine,generic,unknown,relabel-benign-fallback
10761,db_engine,generic,unknown,relabel-benign-fallback
10778,db_engine,generic,unknown,relabel-benign-fallback
10871,db_engine,generic,unknown,relabel-benign-fallback
10878,db_engine,generic,unknown,relabel-benign-fallback
10885,db_engine,generic,unknown,relabel-benign-fallback
10977,db_engine,generic,unknown,relabel-benign-fallback
11027,db_engine,generic,unknown,relabel-benign-fallback
11042,db_engine,generic,unknown,relabel-benign-fallback
11075,db_engine,generic,unknown,relabel-benign-fallback
11077,db_engine,generic,unknown,relabel-benign-fallback
11079,db_engine,generic,unknown,relabel-benign-fallback
11080,db_engine,generic,unknown,relabel-benign-fallback
11104,db_engine,generic,unknown,relabel-benign-fallback
11106,db_engine,generic,unknown,relabel-benign-fallback
11109,db_engine,generic,unknown,relabel-benign-fallback
11156,db_engine,generic,unknown,relabel-benign-fallback
11209,db_engine,generic,unknown,relabel-benign-fallback
11211,db_engine,generic,unknown,relabel-benign-fallback
19227,db_engine,generic,unknown,relabel-benign-fallback
19326,db_engine,generic,unknown,relabel-benign-fallback
19425,db_engine,generic,unknown,relabel-benign-fallback
19524,db_engine,generic,unknown,relabel-benign-fallback
19623,db_engine,generic,unknown,relabel-benign-fallback
19722,db_engine,generic,unknown,relabel-benign-fallback
19821,db_engine,generic,unknown,relabel-benign-fallback
19920,db_engine,generic,unknown,relabel-benign-fallback
20019,db_engine,generic,unknown,relabel-benign-fallback
20118,db_engine,generic,unknown,relabel-benign-fallback
20217,db_engine,generic,unknown,relabel-benign-fallback
20315,db_engine,generic,unknown,relabel-benign-fallback
20414,db_engine,generic,unknown,relabel-benign-fallback
20513,db_engine,generic,unknown,relabel-benign-fallback
20612,db_engine,generic,unknown,relabel-benign-fallback
20711,db_engine,generic,unknown,relabel-benign-fallback
20810,db_engine,generic,unknown,relabel-benign-fallback
20909,db_engine,generic,unknown,relabel-benign-fallback
21008,db_engine,generic,unknown,relabel-benign-fallback
21107,db_engine,generic,unknown,relabel-benign-fallback
21205,db_engine,generic,unknown,relabel-benign-fallback
21304,db_engine,generic,unknown,relabel-benign-fallback
21403,db_engine,generic,unknown,relabel-benign-fallback
21502,db_engine,generic,unknown,relabel-benign-fallback
21601,db_engine,generic,unknown,relabel-benign-fallback
21699,db_engine,generic,unknown,relabel-benign-fallback
21798,db_engine,generic,unknown,relabel-benign-fallback
21895,db_engine,generic,unknown,relabel-benign-fallback
21994,db_engine,generic,unknown,relabel-benign-fallback
22093,db_engine,generic,unknown,relabel-benign-fallback
22191,db_engine,generic,unknown,relabel-benign-fallback
22289,db_engine,generic,unknown,relabel-benign-fallback
22386,db_engine,generic,unknown,relabel-benign-fallback
22485,db_engine,generic,unknown,relabel-benign-fallback
22582,db_engine,generic,unknown,relabel-benign-fallback
22681,db_engine,generic,unknown,relabel-benign-fallback
22780,db_engine,generic,unknown,relabel-benign-fallback
22878,db_engine,generic,unknown,relabel-benign-fallback
22976,db_engine,generic,unknown,relabel-benign-fallback
23075,db_engine,generic,unknown,relabel-benign-fallback
23173,db_engine,generic,unknown,relabel-benign-fallback
23272,db_engine,generic,unknown,relabel-benign-fallback
23371,db_engine,generic,unknown,relabel-benign-fallback
23469,db_engine,generic,unknown,relabel-benign-fallback
23567,db_engine,generic,unknown,relabel-benign-fallback
23666,db_engine,generic,unknown,relabel-benign-fallback
23765,db_engine,generic,unknown,relabel-benign-fallback
23864,db_engine,generic,unknown,relabel-benign-fallback
23962,db_engine,generic,unknown,relabel-benign-fallback
24059,db_engine,generic,unknown,relabel-benign-fallback
24158,db_engine,generic,unknown,relabel-benign-fallback
24254,db_engine,generic,unknown,relabel-benign-fallback
24353,db_engine,generic,unknown,relabel-benign-fallback
24452,db_engine,generic,unknown,relabel-benign-fallback
24550,db_engine,generic,unknown,relabel-benign-fallback
24649,db_engine,generic,unknown,relabel-benign-fallback
24748,db_engine,generic,unknown,relabel-benign-fallback
24847,db_engine,generic,unknown,relabel-benign-fallback
24946,db_engine,generic,unknown,relabel-benign-fallback
25043,db_engine,generic,unknown,relabel-benign-fallback
25141,db_engine,generic,unknown,relabel-benign-fallback
25240,db_engine,generic,unknown,relabel-benign-fallback
25338,db_engine,generic,unknown,relabel-benign-fallback
25437,db_engine,generic,unknown,relabel-benign-fallback
25535,db_engine,generic,unknown,relabel-benign-fallback
25634,db_engine,generic,unknown,relabel-benign-fallback
25733,db_engine,generic,unknown,relabel-benign-fallback
25830,db_engine,generic,unknown,relabel-benign-fallback
25928,db_engine,generic,unknown,relabel-benign-fallback
26027,db_engine,generic,unknown,relabel-benign-fallback
26125,db_engine,generic,unknown,relabel-benign-fallback
26224,db_engine,generic,unknown,relabel-benign-fallback
26321,db_engine,generic,unknown,relabel-benign-fallback
26420,db_engine,generic,unknown,relabel-benign-fallback
26518,db_engine,generic,unknown,relabel-benign-fallback
26617,db_engine,generic,unknown,relabel-benign-fallback
26715,db_engine,generic,unknown,relabel-benign-fallback
26814,db_engine,generic,unknown,relabel-benign-fallback
26912,db_engine,generic,unknown,relabel-benign-fallback
27011,db_engine,generic,unknown,relabel-benign-fallback
27110,db_engine,generic,unknown,relabel-benign-fallback
27208,db_engine,generic,unknown,relabel-benign-fallback
27307,db_engine,generic,unknown,relabel-benign-fallback
27405,db_engine,generic,unknown,relabel-benign-fallback
27503,db_engine,generic,unknown,relabel-benign-fallback
27601,db_engine,generic,unknown,relabel-benign-fallback
27699,db_engine,generic,unknown,relabel-benign-fallback
27797,db_engine,generic,unknown,relabel-benign-fallback
27896,db_engine,generic,unknown,relabel-benign-fallback
27995,db_engine,generic,unknown,relabel-benign-fallback
28093,db_engine,generic,unknown,relabel-benign-fallback
28190,db_engine,generic,unknown,relabel-benign-fallback
28288,db_engine,generic,unknown,relabel-benign-fallback
28387,db_engine,generic,unknown,relabel-benign-fallback
28484,db_engine,generic,unknown,relabel-benign-fallback
28582,db_engine,generic,unknown,relabel-benign-fallback
28679,db_engine,generic,unknown,relabel-benign-fallback
28777,db_engine,generic,unknown,relabel-benign-fallback
28874,db_engine,generic,unknown,relabel-benign-fallback
28972,db_engine,generic,unknown,relabel-benign-fallback
29070,db_engine,generic,unknown,relabel-benign-fallback
29168,db_engine,generic,unknown,relabel-benign-fallback
29265,db_engine,generic,unknown,relabel-benign-fallback
29363,db_engine,generic,unknown,relabel-benign-fallback
29461,db_engine,generic,unknown,relabel-benign-fallback
29560,db_engine,generic,unknown,relabel-benign-fallback
29657,db_engine,generic,unknown,relabel-benign-fallback
29754,db_engine,generic,unknown,relabel-benign-fallback
31040,db_engine,generic,unknown,relabel-benign-fallback
31058,db_engine,generic,unknown,relabel-benign-fallback
31209,db_engine,generic,unknown,relabel-benign-fallback
31479,db_engine,generic,unknown,relabel-benign-fallback
31878,db_engine,generic,unknown,relabel-benign-fallback
33376,db_engine,generic,unknown,relabel-benign-fallback
33426,db_engine,generic,unknown,relabel-benign-fallback
33810,db_engine,generic,unknown,relabel-benign-fallback
34825,db_engine,generic,unknown,relabel-benign-fallback
35344,db_engine,generic,unknown,relabel-benign-fallback
35610,db_engine,generic,unknown,relabel-benign-fallback
36426,db_engine,generic,unknown,relabel-benign-fallback
38083,db_engine,generic,unknown,relabel-benign-fallback
38184,db_engine,generic,unknown,relabel-benign-fallback
38501,db_engine,generic,unknown,relabel-benign-fallback
38594,db_engine,generic,unknown,relabel-benign-fallback
38733,db_engine,generic,unknown,relabel-benign-fallback
38817,db_engine,generic,unknown,relabel-benign-fallback
39558,db_engine,generic,unknown,relabel-benign-fallback
39727,db_engine,generic,unknown,relabel-benign-fallback
40169,db_engine,generic,unknown,relabel-benign-fallback
40630,db_engine,generic,unknown,relabel-benign-fallback
41188,db_engine,generic,unknown,relabel-benign-fallback
41189,db_engine,generic,unknown,relabel-benign-fallback
41212,db_engine,generic,unknown,relabel-benign-fallback
41226,db_engine,generic,unknown,relabel-benign-fallback
41235,db_engine,generic,unknown,relabel-benign-fallback
41387,db_engine,generic,unknown,relabel-benign-fallback
41401,db_engine,generic,unknown,relabel-benign-fallback
41405,db_engine,generic,unknown,relabel-benign-fallback
41406,db_engine,generic,unknown,relabel-benign-fallback
41410,db_engine,generic,unknown,relabel-benign-fallback
41411,db_engine,generic,unknown,relabel-benign-fallback
41420,db_engine,generic,unknown,relabel-benign-fallback
41422,db_engine,generic,unknown,relabel-benign-fallback
41423,db_engine,generic,unknown,relabel-benign-fallback
41429,db_engine,generic,unknown,relabel-benign-fallback
